,mean_fit_time,mean_score_time,mean_test_score,mean_train_score,method,param_C,param_alpha,param_bootstrap,param_criterion,param_kernel,param_learning_rate,param_max_depth,param_max_features,param_min_samples_leaf,param_min_samples_split,param_n_estimators,param_n_iter,param_penalty,params,rank_test_score,split0_test_score,split0_train_score,split1_test_score,split1_train_score,split2_test_score,split2_train_score,split3_test_score,split3_train_score,split4_test_score,split4_train_score,std_fit_time,std_score_time,std_test_score,std_train_score
0,0.0009118080139160156,0.0003455638885498047,0.51,0.5787500000000001,4v1_A,,0.00882100900906,,,,,,,,,,6,none,"{'alpha': 0.0088210090090626234, 'n_iter': 6, 'penalty': 'none'}",37,0.5,0.5875,0.575,0.58125,0.5,0.56875,0.475,0.6125,0.5,0.54375,0.00042945651373057055,0.00021964625747121464,0.03391164991562633,0.022569337606584767
1,0.0005562782287597656,0.00015583038330078126,0.56,0.535,4v1_A,,0.00695140572017,,,,,,,,,,3,l1,"{'alpha': 0.0069514057201739386, 'n_iter': 3, 'penalty': 'l1'}",7,0.55,0.54375,0.625,0.5625,0.575,0.53125,0.45,0.46875,0.6,0.56875,0.00011349900369058815,1.0736356854291912e-05,0.06041522986797285,0.03570714214271424
2,0.0004138946533203125,0.00014209747314453125,0.515,0.5487500000000001,4v1_A,,0.0063329627681,,,,,,,,,,5,none,"{'alpha': 0.0063329627680964373, 'n_iter': 5, 'penalty': 'none'}",34,0.525,0.525,0.575,0.5125,0.6,0.5625,0.55,0.5375,0.325,0.60625,1.4804238776773745e-05,3.313932486323176e-06,0.09823441352194248,0.03316624790355399
3,0.0008659839630126953,0.0001822948455810547,0.555,0.58125,4v1_A,,0.00820349426509,,,,,,,,,,7,l2,"{'alpha': 0.0082034942650901031, 'n_iter': 7, 'penalty': 'l2'}",11,0.55,0.6125,0.55,0.53125,0.65,0.6125,0.45,0.53125,0.575,0.61875,0.0007113880714303554,4.8858616293996e-05,0.06403124237432849,0.040888568084490325
4,0.00045914649963378905,0.00014843940734863282,0.495,0.5824999999999999,4v1_A,,0.000303920288917,,,,,,,,,,7,none,"{'alpha': 0.00030392028891705223, 'n_iter': 7, 'penalty': 'none'}",43,0.575,0.61875,0.5,0.54375,0.475,0.575,0.575,0.6,0.35,0.575,2.6171106539171508e-05,5.2724477768574966e-06,0.08276472678623423,0.02543373743671978
5,0.0004443645477294922,0.00013766288757324218,0.49,0.5625,4v1_A,,0.00160683615546,,,,,,,,,,9,none,"{'alpha': 0.0016068361554575073, 'n_iter': 9, 'penalty': 'none'}",46,0.45,0.54375,0.55,0.5375,0.55,0.5625,0.575,0.5875,0.325,0.58125,2.753295904779825e-06,7.921813834112239e-07,0.09300537618869137,0.0197642353760524
6,0.000733184814453125,0.0001750946044921875,0.525,0.5425000000000001,4v1_A,,0.00442432714678,,,,,,,,,,9,l1,"{'alpha': 0.0044243271467782151, 'n_iter': 9, 'penalty': 'l1'}",30,0.525,0.6,0.55,0.5,0.525,0.50625,0.55,0.56875,0.475,0.5375,5.243786705761591e-05,1.8437388296832025e-05,0.027386127875258327,0.03779054114457743
7,0.0005631446838378906,0.0001529693603515625,0.55,0.5650000000000001,4v1_A,,0.0080020826093,,,,,,,,,,6,l1,"{'alpha': 0.0080020826092975922, 'n_iter': 6, 'penalty': 'l1'}",15,0.525,0.58125,0.6,0.575,0.6,0.56875,0.55,0.56875,0.475,0.53125,1.908421214839557e-05,4.343146338171272e-06,0.04743416490252569,0.0175
8,0.00035915374755859377,0.00014090538024902344,0.64,0.515,4v1_A,,0.00628549122042,,,,,,,,,,1,none,"{'alpha': 0.0062854912204189399, 'n_iter': 1, 'penalty': 'none'}",1,0.65,0.4125,0.625,0.5625,0.675,0.53125,0.6,0.53125,0.65,0.5375,1.9977485266131157e-05,6.857176976107616e-06,0.025495097567963948,0.05252975347362674
9,0.00042982101440429686,0.00017385482788085939,0.575,0.5237499999999999,4v1_A,,0.00390942781101,,,,,,,,,,1,l1,"{'alpha': 0.0039094278110141057, 'n_iter': 1, 'penalty': 'l1'}",4,0.675,0.45625,0.55,0.5625,0.425,0.5,0.575,0.5625,0.65,0.5375,3.332522074817204e-05,4.366495520447371e-05,0.08803408430829507,0.04077376607575023
10,0.0006615638732910157,0.00016298294067382813,0.56,0.5349999999999999,4v1_A,,0.00934458089928,,,,,,,,,,8,l1,"{'alpha': 0.0093445808992798952, 'n_iter': 8, 'penalty': 'l1'}",7,0.625,0.55625,0.575,0.51875,0.55,0.5125,0.55,0.56875,0.5,0.51875,2.539282110693759e-05,1.5647671268843775e-05,0.04062019202317979,0.022912878474779196
11,0.00044918060302734375,0.00013952255249023439,0.45,0.56625,4v1_A,,0.000775005268119,,,,,,,,,,8,l2,"{'alpha': 0.00077500526811878471, 'n_iter': 8, 'penalty': 'l2'}",50,0.425,0.6,0.55,0.5625,0.375,0.46875,0.55,0.6,0.35,0.6,1.7859445453646256e-05,3.620195941181623e-06,0.08514693182963204,0.0508674748734395
12,0.0005361080169677734,0.0001480579376220703,0.57,0.58,4v1_A,,0.0026639974865,,,,,,,,,,5,l1,"{'alpha': 0.0026639974865048511, 'n_iter': 5, 'penalty': 'l1'}",5,0.525,0.58125,0.6,0.56875,0.55,0.54375,0.575,0.5875,0.6,0.61875,2.9833624613437677e-05,5.199493245519249e-06,0.02915475947422648,0.024494897427831806
13,0.0006829261779785156,0.00014925003051757812,0.515,0.5662499999999999,4v1_A,,0.00113810406475,,,,,,,,,,10,l1,"{'alpha': 0.0011381040647466146, 'n_iter': 10, 'penalty': 'l1'}",34,0.5,0.5125,0.5,0.53125,0.625,0.6,0.55,0.575,0.4,0.6125,1.64031982421875e-05,5.540347117720723e-06,0.07348469228349534,0.03864906208435078
14,0.0009109973907470703,0.00018277168273925782,0.515,0.56375,4v1_A,,0.000920405359938,,,,,,,,,,7,l1,"{'alpha': 0.00092040535993771603, 'n_iter': 7, 'penalty': 'l1'}",34,0.475,0.5375,0.45,0.5875,0.675,0.575,0.5,0.59375,0.475,0.525,0.00032521975661181266,3.597628128567538e-05,0.08154753215150047,0.027499999999999997
15,0.0007443904876708984,0.00017790794372558595,0.545,0.56375,4v1_A,,0.00939343062688,,,,,,,,,,9,l1,"{'alpha': 0.0093934306268790672, 'n_iter': 9, 'penalty': 'l1'}",16,0.55,0.6,0.525,0.51875,0.55,0.6125,0.525,0.50625,0.575,0.58125,0.00011376623113853702,3.953247498413152e-05,0.018708286933869687,0.043192881357927496
16,0.0003666400909423828,0.00014061927795410155,0.54,0.54125,4v1_A,,0.0043477413264,,,,,,,,,,1,none,"{'alpha': 0.0043477413263957867, 'n_iter': 1, 'penalty': 'none'}",21,0.375,0.6125,0.55,0.5625,0.675,0.53125,0.45,0.4625,0.65,0.5375,1.5970414731361586e-05,4.823838921943846e-06,0.11467344941179716,0.048669805834829466
17,0.0005072593688964844,0.00014214515686035157,0.505,0.55125,4v1_A,,0.00236195691465,,,,,,,,,,10,none,"{'alpha': 0.0023619569146530873, 'n_iter': 10, 'penalty': 'none'}",41,0.5,0.58125,0.55,0.55625,0.55,0.5125,0.5,0.51875,0.425,0.5875,3.218689671034666e-05,3.851474858533606e-06,0.04582575694955842,0.030973779233409684
18,0.00037593841552734374,0.00014147758483886718,0.51,0.5824999999999999,4v1_A,,0.00859352005038,,,,,,,,,,2,none,"{'alpha': 0.0085935200503755391, 'n_iter': 2, 'penalty': 'none'}",37,0.35,0.6125,0.5,0.55625,0.525,0.5875,0.575,0.575,0.6,0.58125,1.2796127485832936e-05,4.609809508745938e-06,0.08746427842267951,0.018285923547909755
19,0.0003468513488769531,0.00013446807861328125,0.545,0.55,4v1_A,,2.41879341717e-05,,,,,,,,,,1,l2,"{'alpha': 2.4187934171651104e-05, 'n_iter': 1, 'penalty': 'l2'}",16,0.5,0.6,0.65,0.56875,0.35,0.4875,0.575,0.55625,0.65,0.5375,3.77093485255576e-06,1.0227017683757409e-06,0.11224972160321825,0.037291084725440744
20,0.00043272972106933594,0.0001468658447265625,0.525,0.5725,4v1_A,,0.000490545329772,,,,,,,,,,5,none,"{'alpha': 0.00049054532977220173, 'n_iter': 5, 'penalty': 'none'}",30,0.425,0.59375,0.6,0.5625,0.475,0.54375,0.55,0.58125,0.575,0.58125,2.769434747389998e-05,9.305046781654715e-06,0.0651920240520265,0.017500000000000026
21,0.0004947662353515625,0.00014014244079589843,0.53,0.55375,4v1_A,,0.000562939857914,,,,,,,,,,5,l1,"{'alpha': 0.00056293985791421865, 'n_iter': 5, 'penalty': 'l1'}",27,0.5,0.6,0.575,0.55,0.5,0.55625,0.625,0.5,0.45,0.5625,3.660792869123313e-06,1.9156751085854214e-06,0.06204836822995427,0.03201562118716424
22,0.0006418228149414062,0.0001456737518310547,0.49,0.5775,4v1_A,,0.00120635379273,,,,,,,,,,9,l1,"{'alpha': 0.0012063537927281122, 'n_iter': 9, 'penalty': 'l1'}",46,0.5,0.575,0.575,0.5625,0.5,0.6,0.525,0.5375,0.35,0.6125,2.0978125483950553e-05,4.4399659526766895e-06,0.07516648189186453,0.026692695630078294
23,0.0003612518310546875,0.00013756752014160156,0.54,0.565,4v1_A,,0.00267889884598,,,,,,,,,,1,l2,"{'alpha': 0.0026788988459828778, 'n_iter': 1, 'penalty': 'l2'}",21,0.35,0.6125,0.475,0.575,0.675,0.525,0.575,0.55625,0.625,0.55625,2.495612809218559e-05,5.181971735724318e-06,0.11575836902790228,0.028668362352949287
24,0.0005873680114746094,0.0001498699188232422,0.56,0.57875,4v1_A,,0.00952258870555,,,,,,,,,,10,l2,"{'alpha': 0.0095225887055527605, 'n_iter': 10, 'penalty': 'l2'}",7,0.475,0.6,0.575,0.58125,0.65,0.55,0.5,0.58125,0.6,0.58125,0.00015043729450921436,7.594445767330902e-06,0.06442049363362563,0.01610512340840639
25,0.00040645599365234374,0.00013885498046875,0.52,0.545,4v1_A,,0.00699336714764,,,,,,,,,,5,none,"{'alpha': 0.0069933671476422399, 'n_iter': 5, 'penalty': 'none'}",32,0.475,0.56875,0.575,0.5125,0.55,0.55,0.5,0.55625,0.5,0.5375,6.9908295501870375e-06,1.1344315770502394e-06,0.03674234614174767,0.019121323175972958
26,0.0005793571472167969,0.00014166831970214845,0.495,0.5712499999999999,4v1_A,,0.00352289774348,,,,,,,,,,7,l1,"{'alpha': 0.0035228977434781472, 'n_iter': 7, 'penalty': 'l1'}",43,0.5,0.575,0.575,0.5375,0.525,0.53125,0.525,0.55,0.35,0.6625,1.278599517611687e-05,3.94768181530365e-06,0.07648529270389177,0.048023431780746355
27,0.00044956207275390623,0.00014462471008300782,0.56,0.5787500000000001,4v1_A,,0.00280336232994,,,,,,,,,,7,l2,"{'alpha': 0.0028033623299426459, 'n_iter': 7, 'penalty': 'l2'}",7,0.5,0.61875,0.6,0.5875,0.7,0.525,0.525,0.54375,0.475,0.61875,2.8819510823044247e-05,7.327794155997676e-06,0.08154753215150044,0.03844639124807425
28,0.0006554603576660156,0.00015897750854492186,0.545,0.5512499999999999,4v1_A,,0.00953681656595,,,,,,,,,,8,l1,"{'alpha': 0.0095368165659456376, 'n_iter': 8, 'penalty': 'l1'}",16,0.475,0.58125,0.575,0.5375,0.6,0.5625,0.55,0.49375,0.525,0.58125,5.053830555695737e-05,1.6021586599175573e-05,0.043011626335213125,0.032929849680798734
29,0.0004578113555908203,0.00014190673828125,0.59,0.57375,4v1_A,,0.000174874916315,,,,,,,,,,9,none,"{'alpha': 0.00017487491631524633, 'n_iter': 9, 'penalty': 'none'}",2,0.625,0.525,0.55,0.59375,0.675,0.55625,0.575,0.5625,0.525,0.63125,5.6949610240301575e-06,2.761541792978336e-06,0.05385164807134504,0.03609882269548411
30,0.00043802261352539064,0.00014314651489257812,0.555,0.5775,4v1_A,,0.00905521269172,,,,,,,,,,6,l2,"{'alpha': 0.0090552126917182139, 'n_iter': 6, 'penalty': 'l2'}",11,0.5,0.5875,0.625,0.60625,0.675,0.55,0.575,0.59375,0.4,0.55,1.866279965575799e-05,4.330038484476659e-06,0.09669539802906858,0.02325134404717281
31,0.00044956207275390623,0.00014047622680664064,0.48,0.5862499999999999,4v1_A,,0.00244421063603,,,,,,,,,,8,l2,"{'alpha': 0.0024442106360286053, 'n_iter': 8, 'penalty': 'l2'}",49,0.375,0.60625,0.5,0.575,0.675,0.5625,0.525,0.61875,0.325,0.56875,1.7830522017744e-05,7.381587063986723e-06,0.12288205727444508,0.022150056433336694
32,0.0005216121673583985,0.00015168190002441407,0.505,0.54375,4v1_A,,0.00320022521246,,,,,,,,,,10,none,"{'alpha': 0.0032002252124588328, 'n_iter': 10, 'penalty': 'none'}",41,0.425,0.55625,0.525,0.51875,0.55,0.55625,0.55,0.56875,0.475,0.51875,1.3472991503498762e-05,6.902454632402508e-06,0.04847679857416332,0.02091650066335187
33,0.0006075859069824219,0.0001437664031982422,0.535,0.525,4v1_A,,0.0011646817403,,,,,,,,,,8,l1,"{'alpha': 0.001164681740299387, 'n_iter': 8, 'penalty': 'l1'}",25,0.675,0.44375,0.5,0.575,0.5,0.55625,0.525,0.51875,0.475,0.53125,1.145263194275372e-05,1.515412195403166e-06,0.07176350047203664,0.04506939094329986
34,0.00035915374755859377,0.00013790130615234374,0.545,0.5875,4v1_A,,0.00499807726742,,,,,,,,,,2,none,"{'alpha': 0.0049980772674233353, 'n_iter': 2, 'penalty': 'none'}",16,0.475,0.6,0.5,0.56875,0.6,0.6,0.55,0.5875,0.6,0.58125,1.975280301781462e-06,3.096138588094316e-06,0.05099019513592784,0.011858541225631417
35,0.0005222797393798828,0.00015716552734375,0.495,0.5675000000000001,4v1_A,,0.00726477168204,,,,,,,,,,10,none,"{'alpha': 0.0072647716820445005, 'n_iter': 10, 'penalty': 'none'}",43,0.475,0.59375,0.5,0.53125,0.45,0.6125,0.6,0.55,0.45,0.55,3.981250474330015e-05,1.4588723561774791e-05,0.05567764362830021,0.030465144017384857
36,0.0006901264190673828,0.00015020370483398438,0.545,0.5574999999999999,4v1_A,,0.00652689590567,,,,,,,,,,10,l1,"{'alpha': 0.0065268959056712693, 'n_iter': 10, 'penalty': 'l1'}",16,0.525,0.6,0.575,0.58125,0.575,0.51875,0.55,0.56875,0.5,0.51875,2.350647593994312e-05,7.648741510310282e-06,0.02915475947422648,0.03316624790355398
37,0.00038700103759765626,0.00014090538024902344,0.51,0.5525,4v1_A,,0.00541319289363,,,,,,,,,,3,none,"{'alpha': 0.0054131928936290664, 'n_iter': 3, 'penalty': 'none'}",37,0.45,0.55,0.55,0.58125,0.575,0.56875,0.525,0.5125,0.45,0.55,1.9966556040079535e-05,5.286229725614771e-06,0.05147815070493499,0.023251344047172863
38,0.0004611015319824219,0.00016260147094726562,0.485,0.5599999999999999,4v1_A,,0.00903712561771,,,,,,,,,,7,l2,"{'alpha': 0.0090371256177064138, 'n_iter': 7, 'penalty': 'l2'}",48,0.35,0.6125,0.575,0.575,0.525,0.55625,0.45,0.46875,0.525,0.5875,2.8972321233097285e-05,4.361874257708873e-05,0.07842193570679061,0.04914900812834376
39,0.00042266845703125,0.0001426219940185547,0.53,0.5425,4v1_A,,0.00969290479555,,,,,,,,,,4,none,"{'alpha': 0.0096929047955515366, 'n_iter': 4, 'penalty': 'none'}",27,0.55,0.55625,0.575,0.5,0.525,0.55,0.6,0.55,0.4,0.55625,2.5244193294929515e-05,3.462901621888219e-06,0.06964194138592057,0.02143303524935282
40,0.0006652355194091796,0.000150299072265625,0.52,0.5487499999999998,4v1_A,,0.00106767553182,,,,,,,,,,9,l1,"{'alpha': 0.0010676755318205756, 'n_iter': 9, 'penalty': 'l1'}",32,0.45,0.525,0.575,0.5625,0.575,0.54375,0.55,0.59375,0.45,0.51875,7.540820475324159e-05,8.420733603655109e-06,0.05787918451395111,0.02721442632134654
41,0.00044689178466796877,0.00014176368713378907,0.54,0.5924999999999999,4v1_A,,0.00272423817327,,,,,,,,,,8,none,"{'alpha': 0.0027242381732722654, 'n_iter': 8, 'penalty': 'none'}",21,0.55,0.5625,0.5,0.61875,0.5,0.59375,0.55,0.60625,0.6,0.58125,9.180322790609729e-06,5.362245331626587e-06,0.03741657386773941,0.01952562418976663
42,0.00042018890380859377,0.00014085769653320311,0.54,0.5462499999999999,4v1_A,,0.00361344480817,,,,,,,,,,6,none,"{'alpha': 0.0036134448081733307, 'n_iter': 6, 'penalty': 'none'}",21,0.525,0.60625,0.55,0.5375,0.525,0.51875,0.575,0.5625,0.525,0.50625,2.39577338523884e-05,4.097471439159553e-06,0.01999999999999998,0.03548767391644596
43,0.0004101276397705078,0.00014691352844238282,0.53,0.55375,4v1_A,,0.004128623044,,,,,,,,,,4,none,"{'alpha': 0.0041286230440023596, 'n_iter': 4, 'penalty': 'none'}",27,0.525,0.59375,0.55,0.5625,0.5,0.55,0.575,0.5125,0.5,0.55,2.8878543275894375e-05,9.005029017725278e-06,0.029154759474226494,0.026100766272276386
44,0.0006702899932861328,0.00014843940734863282,0.555,0.5824999999999999,4v1_A,,0.0018871486806,,,,,,,,,,9,l1,"{'alpha': 0.0018871486805954231, 'n_iter': 9, 'penalty': 'l1'}",11,0.575,0.63125,0.55,0.575,0.65,0.55,0.55,0.60625,0.45,0.55,3.042863760001279e-05,6.528665192716524e-06,0.06403124237432849,0.03196677963136103
45,0.00042743682861328124,0.00013942718505859374,0.51,0.5525,4v1_A,,0.00726252943642,,,,,,,,,,7,none,"{'alpha': 0.0072625294364227202, 'n_iter': 7, 'penalty': 'none'}",37,0.45,0.56875,0.55,0.54375,0.5,0.54375,0.55,0.5375,0.5,0.56875,3.153620865590372e-06,2.694868307293852e-06,0.03741657386773943,0.013462912017836266
46,0.00061187744140625,0.00015497207641601562,0.555,0.56375,4v1_A,,0.00599485705894,,,,,,,,,,7,l1,"{'alpha': 0.0059948570589440035, 'n_iter': 7, 'penalty': 'l1'}",11,0.525,0.6,0.6,0.53125,0.575,0.575,0.55,0.5625,0.525,0.55,4.99325239010181e-05,1.4805774565851663e-05,0.02915475947422648,0.02318404623873924
47,0.0005723476409912109,0.00014591217041015625,0.585,0.54375,4v1_A,,0.00366552703759,,,,,,,,,,6,l1,"{'alpha': 0.0036655270375944462, 'n_iter': 6, 'penalty': 'l1'}",3,0.725,0.53125,0.5,0.5375,0.575,0.51875,0.575,0.55625,0.55,0.575,2.3849772093446006e-05,5.266838558763152e-06,0.07516648189186453,0.01976423537605235
48,0.00042395591735839845,0.00014562606811523436,0.535,0.58125,4v1_A,,0.00990768348508,,,,,,,,,,6,none,"{'alpha': 0.0099076834850846916, 'n_iter': 6, 'penalty': 'none'}",25,0.55,0.575,0.525,0.6375,0.525,0.54375,0.625,0.60625,0.45,0.54375,1.3882759893216522e-05,7.610595908495532e-06,0.05612486080160912,0.036443449342783124
49,0.0006749629974365234,0.00015444755554199218,0.565,0.5599999999999999,4v1_A,,0.00444536912315,,,,,,,,,,10,l1,"{'alpha': 0.0044453691231496617, 'n_iter': 10, 'penalty': 'l1'}",6,0.475,0.55,0.525,0.53125,0.55,0.61875,0.575,0.55625,0.7,0.54375,3.293112122334275e-05,2.217390201848702e-05,0.07516648189186452,0.030516389039334263
0,0.002035999298095703,0.0008181095123291016,0.48,0.5625,4v1_A,0.01,,,,linear,,,,,,,,,"{'C': 0.01, 'kernel': 'linear'}",44,0.35,0.5875,0.45,0.5625,0.525,0.55625,0.55,0.5375,0.525,0.56875,0.0007968651097402821,0.00049998183984043,0.07314369419163899,0.01629800601300663
1,0.0014804840087890626,0.0005496025085449218,0.475,0.5599999999999999,4v1_A,0.0138949549437,,,,linear,,,,,,,,,"{'C': 0.013894954943731374, 'kernel': 'linear'}",49,0.35,0.5875,0.45,0.5625,0.525,0.55625,0.55,0.5375,0.5,0.55625,0.00029782924442679857,0.00042802491154346587,0.07071067811865478,0.01610512340840642
2,0.0016410350799560547,0.00040984153747558594,0.49,0.5650000000000001,4v1_A,0.0193069772888,,,,linear,,,,,,,,,"{'C': 0.019306977288832496, 'kernel': 'linear'}",40,0.35,0.5875,0.45,0.5625,0.575,0.55625,0.55,0.5375,0.525,0.58125,0.0003791018848374674,0.0001570856773433438,0.08154753215150046,0.017940875118009174
3,0.001572561264038086,0.00039181709289550783,0.48,0.5650000000000001,4v1_A,0.0268269579528,,,,linear,,,,,,,,,"{'C': 0.02682695795279726, 'kernel': 'linear'}",44,0.35,0.5875,0.45,0.5625,0.575,0.56875,0.55,0.5375,0.475,0.56875,0.0002999673147696816,7.015384752188845e-05,0.07968688725254615,0.01610512340840642
4,0.0015191078186035157,0.00043125152587890624,0.48,0.5712499999999999,4v1_A,0.0372759372031,,,,linear,,,,,,,,,"{'C': 0.037275937203149402, 'kernel': 'linear'}",44,0.35,0.5875,0.45,0.5625,0.575,0.58125,0.55,0.5375,0.475,0.5875,0.00038118365409226787,0.00021635880606300965,0.07968688725254615,0.01920286436967154
5,0.001434326171875,0.00042142868041992185,0.475,0.5824999999999999,4v1_A,0.0517947467923,,,,linear,,,,,,,,,"{'C': 0.0517947467923121, 'kernel': 'linear'}",49,0.35,0.5875,0.45,0.5625,0.55,0.575,0.525,0.6,0.5,0.5875,5.635763366454015e-05,0.00011712120445265468,0.07071067811865478,0.012747548783981964
6,0.0014082431793212891,0.0003728389739990234,0.495,0.5937499999999999,4v1_A,0.0719685673001,,,,linear,,,,,,,,,"{'C': 0.071968567300115208, 'kernel': 'linear'}",39,0.35,0.5875,0.45,0.5625,0.575,0.5875,0.575,0.6125,0.525,0.61875,0.0001346350877246927,7.739882329283027e-05,0.08573214099741122,0.020155644370746385
7,0.0013650417327880859,0.0003528118133544922,0.48,0.5975,4v1_A,0.1,,,,linear,,,,,,,,,"{'C': 0.10000000000000001, 'kernel': 'linear'}",44,0.35,0.5875,0.45,0.5625,0.55,0.6125,0.575,0.625,0.475,0.6,9.113362365269227e-05,7.189044077719392e-05,0.07968688725254615,0.02150581316760657
8,0.0014151573181152345,0.0003387928009033203,0.49,0.595,4v1_A,0.138949549437,,,,linear,,,,,,,,,"{'C': 0.13894954943731375, 'kernel': 'linear'}",40,0.35,0.5875,0.45,0.5625,0.55,0.60625,0.6,0.6125,0.5,0.60625,0.0001494204520153875,3.314206920714465e-05,0.08602325267042628,0.018285923547909737
9,0.0023069381713867188,0.0009274005889892579,0.485,0.595,4v1_A,0.193069772888,,,,linear,,,,,,,,,"{'C': 0.19306977288832497, 'kernel': 'linear'}",42,0.35,0.5875,0.45,0.5625,0.55,0.60625,0.6,0.6125,0.475,0.60625,0.0017080604328590099,0.0008361840851732357,0.08602325267042628,0.018285923547909737
10,0.0027208805084228517,0.00040302276611328127,0.485,0.6012500000000001,4v1_A,0.268269579528,,,,linear,,,,,,,,,"{'C': 0.26826957952797248, 'kernel': 'linear'}",42,0.35,0.5875,0.45,0.56875,0.525,0.6,0.6,0.6125,0.5,0.6375,0.001625904099066683,0.00010841116945891109,0.08306623862918075,0.023184046238739254
11,0.0015289306640625,0.0003696441650390625,0.48,0.6212500000000001,4v1_A,0.372759372031,,,,linear,,,,,,,,,"{'C': 0.37275937203149401, 'kernel': 'linear'}",44,0.35,0.59375,0.475,0.6375,0.5,0.6,0.575,0.63125,0.5,0.64375,0.00010575592443779074,5.382826268168722e-05,0.07314369419163896,0.020386883037875118
12,0.0015760898590087891,0.0003399848937988281,0.515,0.63375,4v1_A,0.517947467923,,,,linear,,,,,,,,,"{'C': 0.51794746792312096, 'kernel': 'linear'}",38,0.375,0.64375,0.6,0.6,0.525,0.63125,0.6,0.625,0.475,0.66875,0.00011708169124098782,3.1307909183914356e-05,0.0845576726264388,0.022569337606584736
13,0.0016359329223632813,0.00033507347106933596,0.525,0.6425,4v1_A,0.719685673001,,,,linear,,,,,,,,,"{'C': 0.71968567300115172, 'kernel': 'linear'}",37,0.475,0.6625,0.575,0.63125,0.5,0.6375,0.575,0.625,0.5,0.65625,0.00018408672590571295,5.431457810255678e-05,0.04183300132670376,0.014469796128487781
14,0.0018685340881347656,0.00035247802734375,0.53,0.66,4v1_A,1.0,,,,linear,,,,,,,,,"{'C': 1.0, 'kernel': 'linear'}",36,0.475,0.675,0.6,0.64375,0.5,0.65,0.575,0.6375,0.5,0.69375,0.00020038405168136124,6.724327105186672e-05,0.04847679857416328,0.0211394181566097
15,0.002026939392089844,0.00037846565246582033,0.55,0.6849999999999999,4v1_A,1.38949549437,,,,linear,,,,,,,,,"{'C': 1.3894954943731375, 'kernel': 'linear'}",34,0.525,0.6875,0.625,0.69375,0.5,0.68125,0.6,0.6625,0.5,0.7,0.00021765705183522175,7.78893611211554e-05,0.05244044240850758,0.012869537676233743
16,0.002540302276611328,0.00042071342468261717,0.55,0.6912499999999999,4v1_A,1.93069772888,,,,linear,,,,,,,,,"{'C': 1.9306977288832496, 'kernel': 'linear'}",34,0.525,0.7,0.625,0.69375,0.5,0.675,0.575,0.6625,0.525,0.725,0.00027709098757341846,7.171646711656623e-05,0.04472135954999579,0.021505813167606556
17,0.00410609245300293,0.00043125152587890624,0.56,0.7050000000000001,4v1_A,2.68269579528,,,,linear,,,,,,,,,"{'C': 2.6826957952797246, 'kernel': 'linear'}",33,0.525,0.7,0.625,0.71875,0.55,0.7,0.575,0.675,0.525,0.73125,0.0027591225662634772,0.00011671230164144288,0.0374165738677394,0.019121323175972923
18,0.0033085823059082033,0.00041961669921875,0.57,0.7175,4v1_A,3.72759372031,,,,linear,,,,,,,,,"{'C': 3.7275937203149381, 'kernel': 'linear'}",31,0.6,0.73125,0.575,0.69375,0.55,0.71875,0.6,0.6875,0.525,0.75625,0.0011529169775891363,9.296465956944156e-05,0.02915475947422648,0.02512468905280222
19,0.0062048912048339845,0.0005126476287841796,0.565,0.73125,4v1_A,5.17947467923,,,,linear,,,,,,,,,"{'C': 5.1794746792312072, 'kernel': 'linear'}",32,0.65,0.7375,0.6,0.70625,0.5,0.74375,0.575,0.70625,0.5,0.7625,0.0019884058005451523,0.00017399077663629735,0.05830951894845301,0.022008521077073736
20,0.006855297088623047,0.0003771781921386719,0.585,0.7275,4v1_A,7.19685673001,,,,linear,,,,,,,,,"{'C': 7.1968567300115138, 'kernel': 'linear'}",27,0.65,0.75625,0.575,0.71875,0.55,0.74375,0.625,0.68125,0.525,0.7375,0.00488682235647074,7.962895005640482e-05,0.04636809247747851,0.02610076627227637
21,0.008583450317382812,0.00044040679931640626,0.585,0.73625,4v1_A,10.0,,,,linear,,,,,,,,,"{'C': 10.0, 'kernel': 'linear'}",27,0.7,0.74375,0.525,0.73125,0.575,0.74375,0.575,0.7125,0.55,0.75,0.003989632361388738,9.657222758434263e-05,0.06041522986797283,0.01334634781503914
22,0.009268712997436524,0.00040493011474609377,0.58,0.74,4v1_A,13.8949549437,,,,linear,,,,,,,,,"{'C': 13.894954943731374, 'kernel': 'linear'}",30,0.7,0.74375,0.55,0.725,0.575,0.74375,0.575,0.7125,0.5,0.775,0.0026048877406439144,6.424937914168825e-05,0.06595452979136457,0.021139418156609708
23,0.01861462593078613,0.0004213809967041016,0.6,0.74375,4v1_A,19.3069772888,,,,linear,,,,,,,,,"{'C': 19.306977288832496, 'kernel': 'linear'}",21,0.675,0.75,0.575,0.74375,0.575,0.7375,0.625,0.7125,0.55,0.775,0.008374287213494714,6.84118588277927e-05,0.04472135954999581,0.020155644370746368
24,0.023889780044555664,0.0004172325134277344,0.59,0.7525000000000001,4v1_A,26.8269579528,,,,linear,,,,,,,,,"{'C': 26.826957952797247, 'kernel': 'linear'}",24,0.625,0.78125,0.575,0.7625,0.575,0.75,0.6,0.7,0.575,0.76875,0.01625514814367718,3.3718490317907076e-05,0.020000000000000018,0.028118054698005
25,0.037911176681518555,0.0005052566528320312,0.6,0.7525000000000001,4v1_A,37.2759372031,,,,linear,,,,,,,,,"{'C': 37.275937203149383, 'kernel': 'linear'}",21,0.65,0.78125,0.55,0.75625,0.575,0.7625,0.65,0.7,0.575,0.7625,0.015163431454751294,7.591292486585002e-05,0.041833001326703784,0.027556759606310766
26,0.06416473388671876,0.00046372413635253906,0.605,0.7612500000000001,4v1_A,51.7947467923,,,,linear,,,,,,,,,"{'C': 51.794746792312075, 'kernel': 'linear'}",18,0.65,0.7875,0.6,0.7625,0.575,0.7625,0.65,0.725,0.55,0.76875,0.028027599105642346,9.464911304582156e-05,0.04,0.020310096011589906
27,0.10973072052001953,0.00044274330139160156,0.61,0.76625,4v1_A,71.9685673001,,,,linear,,,,,,,,,"{'C': 71.96856730011514, 'kernel': 'linear'}",13,0.65,0.78125,0.625,0.775,0.55,0.76875,0.65,0.7375,0.575,0.76875,0.05162310076487263,7.171003080852235e-05,0.040620192023179805,0.015103807466993205
28,0.11558489799499512,0.0004146099090576172,0.605,0.7612500000000001,4v1_A,100.0,,,,linear,,,,,,,,,"{'C': 100.0, 'kernel': 'linear'}",18,0.625,0.75,0.625,0.75625,0.525,0.775,0.675,0.73125,0.575,0.79375,0.03194697188955858,2.9754791503904997e-05,0.05099019513592786,0.02143303524935281
29,0.12533082962036132,0.00043358802795410154,0.59,0.76125,4v1_A,138.949549437,,,,linear,,,,,,,,,"{'C': 138.94954943731361, 'kernel': 'linear'}",24,0.6,0.74375,0.6,0.75625,0.55,0.78125,0.6,0.71875,0.6,0.80625,0.02806965457053548,6.97137882214264e-05,0.019999999999999976,0.030207614933986434
30,0.19958620071411132,0.0004893779754638672,0.585,0.765,4v1_A,193.069772888,,,,linear,,,,,,,,,"{'C': 193.06977288832496, 'kernel': 'linear'}",27,0.625,0.7625,0.6,0.75,0.55,0.78125,0.625,0.7375,0.525,0.79375,0.0427268054369028,6.777105880564893e-05,0.040620192023179784,0.02038688303787509
31,0.29254798889160155,0.0004631996154785156,0.59,0.7737499999999999,4v1_A,268.269579528,,,,linear,,,,,,,,,"{'C': 268.26957952797216, 'kernel': 'linear'}",24,0.625,0.775,0.6,0.75,0.55,0.8,0.625,0.7375,0.55,0.80625,0.1436295190184206,6.191733712455142e-05,0.03391164991562632,0.026925824035672525
32,0.4440403938293457,0.00043025016784667967,0.61,0.76875,4v1_A,372.759372031,,,,linear,,,,,,,,,"{'C': 372.7593720314938, 'kernel': 'linear'}",13,0.625,0.76875,0.625,0.74375,0.55,0.7875,0.675,0.74375,0.575,0.8,0.08186547943466879,5.604279109234768e-05,0.04358898943540675,0.022707377655731185
33,0.5923245429992676,0.000377655029296875,0.61,0.77125,4v1_A,517.947467923,,,,linear,,,,,,,,,"{'C': 517.94746792312128, 'kernel': 'linear'}",13,0.6,0.78125,0.65,0.75625,0.55,0.78125,0.65,0.74375,0.6,0.79375,0.3946624928000259,3.825945958542069e-05,0.03741657386773941,0.018371173070873822
34,0.9209581851959229,0.0004096031188964844,0.61,0.7775,4v1_A,719.685673001,,,,linear,,,,,,,,,"{'C': 719.68567300115137, 'kernel': 'linear'}",13,0.625,0.78125,0.65,0.76875,0.575,0.78125,0.65,0.75,0.55,0.80625,0.23546798791314238,3.104169613859515e-05,0.040620192023179805,0.01837117307087384
35,1.5917355060577392,0.00038394927978515627,0.605,0.7825,4v1_A,1000.0,,,,linear,,,,,,,,,"{'C': 1000.0, 'kernel': 'linear'}",18,0.625,0.79375,0.6,0.76875,0.55,0.79375,0.7,0.75,0.55,0.80625,0.8399735226075874,8.352956724807701e-06,0.05567764362830018,0.02031009601158989
36,1.6277334690093994,0.0003787994384765625,0.6,0.77875,4v1_A,1389.49549437,,,,linear,,,,,,,,,"{'C': 1389.4954943731361, 'kernel': 'linear'}",21,0.625,0.79375,0.6,0.76875,0.55,0.79375,0.7,0.75,0.525,0.7875,0.5775326194827511,3.0849337326994004e-05,0.06123724356957943,0.017047727121232297
37,3.787017250061035,0.00037508010864257814,0.62,0.78,4v1_A,1930.69772888,,,,linear,,,,,,,,,"{'C': 1930.6977288832495, 'kernel': 'linear'}",7,0.625,0.79375,0.65,0.76875,0.55,0.7875,0.7,0.75,0.575,0.8,2.47108764078658,1.2034258965005375e-05,0.053385391260156546,0.018285923547909737
38,3.0334567070007323,0.00039491653442382815,0.615,0.7775000000000001,4v1_A,2682.69579528,,,,linear,,,,,,,,,"{'C': 2682.695795279722, 'kernel': 'linear'}",12,0.625,0.79375,0.65,0.7625,0.55,0.7875,0.675,0.7625,0.575,0.78125,1.509156512790862,8.536051079541297e-06,0.04636809247747853,0.012869537676233757
39,3.6948123455047606,0.0003861427307128906,0.625,0.7762499999999999,4v1_A,3727.59372031,,,,linear,,,,,,,,,"{'C': 3727.5937203149379, 'kernel': 'linear'}",3,0.625,0.79375,0.65,0.7625,0.55,0.78125,0.725,0.7625,0.575,0.78125,0.9465493249283942,6.116911968545752e-06,0.06123724356957944,0.012119199643540829
40,4.39654688835144,0.0003989219665527344,0.625,0.7762499999999999,4v1_A,5179.47467923,,,,linear,,,,,,,,,"{'C': 5179.4746792312017, 'kernel': 'linear'}",3,0.625,0.7875,0.65,0.7625,0.55,0.78125,0.725,0.76875,0.575,0.78125,1.1685668268231542,1.1168988015714531e-05,0.06123724356957944,0.009185586535436918
41,7.4101097106933596,0.00039920806884765627,0.625,0.78,4v1_A,7196.85673001,,,,linear,,,,,,,,,"{'C': 7196.8567300115137, 'kernel': 'linear'}",3,0.625,0.78125,0.65,0.7625,0.575,0.78125,0.7,0.775,0.575,0.8,1.0872480521645815,3.078669856456908e-05,0.047434164902525694,0.012119199643540848
42,13.970854425430298,0.00037631988525390627,0.62,0.7812499999999999,4v1_A,10000.0,,,,linear,,,,,,,,,"{'C': 10000.0, 'kernel': 'linear'}",7,0.625,0.78125,0.6,0.7625,0.6,0.7875,0.7,0.76875,0.575,0.80625,4.861807101655157,2.0184128832133565e-05,0.04301162633521313,0.015309310892394873
43,17.860217666625978,0.00039210319519042967,0.62,0.7837500000000001,4v1_A,13894.9549437,,,,linear,,,,,,,,,"{'C': 13894.95494373136, 'kernel': 'linear'}",7,0.625,0.78125,0.6,0.775,0.6,0.78125,0.7,0.76875,0.575,0.8125,3.2562593093678776,4.8195948671315295e-06,0.04301162633521313,0.015103807466993205
44,20.269131660461426,0.0003723621368408203,0.62,0.7787499999999999,4v1_A,19306.9772888,,,,linear,,,,,,,,,"{'C': 19306.977288832495, 'kernel': 'linear'}",7,0.575,0.79375,0.65,0.7625,0.6,0.7875,0.7,0.75625,0.575,0.79375,9.985637922527943,1.0706454349501099e-05,0.048476798574163295,0.016105123408406405
45,31.7737820148468,0.00037689208984375,0.62,0.7862500000000001,4v1_A,26826.9579528,,,,linear,,,,,,,,,"{'C': 26826.95795279722, 'kernel': 'linear'}",7,0.6,0.79375,0.625,0.78125,0.6,0.76875,0.7,0.7875,0.575,0.8,15.444905995454176,1.0769977102603812e-05,0.04301162633521313,0.010752906583803274
46,31.918863344192506,0.0003819465637207031,0.63,0.7849999999999999,4v1_A,37275.9372031,,,,linear,,,,,,,,,"{'C': 37275.937203149377, 'kernel': 'linear'}",2,0.625,0.8,0.65,0.76875,0.625,0.7625,0.675,0.78125,0.575,0.8125,4.846891469863423,1.0455680903370473e-05,0.033166247903554026,0.018791620472966147
47,46.87650361061096,0.0003891468048095703,0.61,0.7849999999999999,4v1_A,51794.7467923,,,,linear,,,,,,,,,"{'C': 51794.74679231202, 'kernel': 'linear'}",13,0.65,0.7875,0.575,0.7625,0.6,0.78125,0.675,0.775,0.55,0.81875,17.062488043867944,1.5105581030013414e-05,0.04636809247747853,0.018791620472966137
48,71.51692705154419,0.00045075416564941404,0.645,0.7787499999999999,4v1_A,71968.5673001,,,,linear,,,,,,,,,"{'C': 71968.567300115144, 'kernel': 'linear'}",1,0.625,0.79375,0.625,0.775,0.625,0.78125,0.725,0.74375,0.625,0.8,36.343294121224254,8.019737597231913e-05,0.03999999999999999,0.019605483926697646
49,87.58144812583923,0.00038433074951171875,0.625,0.7725,4v1_A,100000.0,,,,linear,,,,,,,,,"{'C': 100000.0, 'kernel': 'linear'}",3,0.6,0.7625,0.7,0.76875,0.6,0.76875,0.65,0.75625,0.575,0.80625,37.62342981960424,1.4613328025343288e-05,0.044721359549995794,0.017500000000000016
0,0.010252237319946289,0.0010065555572509766,0.545,0.9349999999999999,4v1_A,,,False,entropy,,,10,2,8,6,,,,"{'min_samples_leaf': 8, 'min_samples_split': 6, 'max_features': 2, 'criterion': 'entropy', 'max_depth': 10, 'bootstrap': False}",25,0.525,0.9125,0.525,0.95,0.7,0.925,0.575,0.9375,0.4,0.95,0.0004091428706667335,8.795822026931864e-05,0.09669539802906855,0.014577379737113235
1,0.011777687072753906,0.0009052276611328125,0.54,0.96125,4v1_A,,,False,entropy,,,5,4,2,10,,,,"{'min_samples_leaf': 2, 'min_samples_split': 10, 'max_features': 4, 'criterion': 'entropy', 'max_depth': 5, 'bootstrap': False}",28,0.575,0.9625,0.475,0.95,0.6,0.975,0.575,0.95,0.475,0.96875,0.00020444758915201284,3.908709547091888e-05,0.053851648071345036,0.010000000000000014
2,0.007418155670166016,0.0008522987365722657,0.475,0.63875,4v1_A,,,False,gini,,,1,1,4,2,,,,"{'min_samples_leaf': 4, 'min_samples_split': 2, 'max_features': 1, 'criterion': 'gini', 'max_depth': 1, 'bootstrap': False}",45,0.375,0.6125,0.45,0.60625,0.65,0.64375,0.6,0.64375,0.3,0.6875,4.70394479128248e-05,3.5777533987437384e-05,0.13228756555322954,0.028885550020728363
3,0.009334516525268555,0.0008563995361328125,0.54,0.9225000000000001,4v1_A,,,False,gini,,,8,5,10,6,,,,"{'min_samples_leaf': 10, 'min_samples_split': 6, 'max_features': 5, 'criterion': 'gini', 'max_depth': 8, 'bootstrap': False}",28,0.575,0.925,0.6,0.91875,0.6,0.91875,0.55,0.91875,0.375,0.93125,9.033319715765575e-05,1.4584514848878025e-05,0.0845576726264388,0.005000000000000033
4,0.010272693634033204,0.0008965015411376953,0.57,0.9487500000000001,4v1_A,,,True,gini,,,9,9,2,7,,,,"{'min_samples_leaf': 2, 'min_samples_split': 7, 'max_features': 9, 'criterion': 'gini', 'max_depth': 9, 'bootstrap': True}",13,0.625,0.9375,0.575,0.95,0.575,0.94375,0.575,0.95,0.5,0.9625,8.297985935071589e-05,5.744757877550463e-05,0.04,0.008291561975888507
5,0.00928797721862793,0.0008803367614746094,0.555,0.9875,4v1_A,,,False,entropy,,,10,1,3,7,,,,"{'min_samples_leaf': 3, 'min_samples_split': 7, 'max_features': 1, 'criterion': 'entropy', 'max_depth': 10, 'bootstrap': False}",20,0.45,0.9875,0.65,0.9875,0.575,0.9875,0.675,0.99375,0.425,0.98125,0.0006993866294502124,2.7282670440253665e-05,0.10173494974687904,0.003952847075210496
6,0.01116352081298828,0.0008765220642089844,0.59,0.89,4v1_A,,,True,entropy,,,10,7,7,3,,,,"{'min_samples_leaf': 7, 'min_samples_split': 3, 'max_features': 7, 'criterion': 'entropy', 'max_depth': 10, 'bootstrap': True}",4,0.575,0.88125,0.675,0.875,0.675,0.9,0.5,0.90625,0.525,0.8875,0.000256853964255355,6.564968895925547e-05,0.07348469228349536,0.011592023119369639
7,0.007844972610473632,0.0008839130401611328,0.535,0.76,4v1_A,,,True,gini,,,3,1,4,10,,,,"{'min_samples_leaf': 4, 'min_samples_split': 10, 'max_features': 1, 'criterion': 'gini', 'max_depth': 3, 'bootstrap': True}",31,0.5,0.78125,0.6,0.73125,0.55,0.73125,0.525,0.8,0.5,0.75625,0.00012399466104597086,6.617592741189745e-05,0.03741657386773941,0.027271780286589317
8,0.01195683479309082,0.0008974552154541015,0.585,0.8862500000000001,4v1_A,,,True,entropy,,,5,9,6,3,,,,"{'min_samples_leaf': 6, 'min_samples_split': 3, 'max_features': 9, 'criterion': 'entropy', 'max_depth': 5, 'bootstrap': True}",6,0.625,0.8625,0.525,0.875,0.625,0.925,0.65,0.8625,0.5,0.90625,0.0001287629504921082,6.3773542829042e-05,0.06041522986797286,0.02512468905280222
9,0.008234643936157226,0.000885009765625,0.44,0.6599999999999999,4v1_A,,,False,gini,,,1,8,9,4,,,,"{'min_samples_leaf': 9, 'min_samples_split': 4, 'max_features': 8, 'criterion': 'gini', 'max_depth': 1, 'bootstrap': False}",50,0.375,0.625,0.425,0.6625,0.55,0.675,0.525,0.6375,0.325,0.7,0.00011769019204730265,4.631264789656382e-05,0.08602325267042628,0.026692695630078277
10,0.008680009841918945,0.0008972644805908203,0.49,0.7700000000000001,4v1_A,,,True,gini,,,2,6,1,9,,,,"{'min_samples_leaf': 1, 'min_samples_split': 9, 'max_features': 6, 'criterion': 'gini', 'max_depth': 2, 'bootstrap': True}",42,0.475,0.76875,0.475,0.775,0.525,0.75625,0.575,0.8,0.4,0.75,0.00021276742231592403,3.950808081397053e-05,0.058309518948452994,0.01741048534648017
11,0.00828847885131836,0.0009235858917236329,0.545,0.8400000000000001,4v1_A,,,False,gini,,,3,3,4,2,,,,"{'min_samples_leaf': 4, 'min_samples_split': 2, 'max_features': 3, 'criterion': 'gini', 'max_depth': 3, 'bootstrap': False}",25,0.45,0.78125,0.55,0.8125,0.7,0.84375,0.6,0.89375,0.425,0.86875,0.00010745783242651541,6.0037074253421555e-05,0.10049875621120889,0.03984344362627309
12,0.009095144271850587,0.0009768486022949218,0.575,0.8475000000000001,4v1_A,,,True,entropy,,,7,3,8,2,,,,"{'min_samples_leaf': 8, 'min_samples_split': 2, 'max_features': 3, 'criterion': 'entropy', 'max_depth': 7, 'bootstrap': True}",10,0.475,0.8375,0.675,0.8625,0.675,0.84375,0.625,0.81875,0.425,0.875,8.731946927895136e-05,7.114841841841831e-05,0.10488088481701517,0.019605483926697663
13,0.009301900863647461,0.0009619712829589844,0.57,0.8450000000000001,4v1_A,,,False,entropy,,,3,3,10,2,,,,"{'min_samples_leaf': 10, 'min_samples_split': 2, 'max_features': 3, 'criterion': 'entropy', 'max_depth': 3, 'bootstrap': False}",13,0.55,0.83125,0.55,0.825,0.575,0.85625,0.65,0.85,0.525,0.8625,0.00012978076155182084,8.740067409640148e-05,0.043011626335213125,0.014469796128487788
14,0.01378011703491211,0.0008884906768798828,0.535,0.94375,4v1_A,,,False,entropy,,,5,8,8,4,,,,"{'min_samples_leaf': 8, 'min_samples_split': 4, 'max_features': 8, 'criterion': 'entropy', 'max_depth': 5, 'bootstrap': False}",31,0.55,0.91875,0.45,0.90625,0.65,0.95625,0.625,0.96875,0.4,0.96875,0.0003301804836003251,3.108839312765343e-05,0.09695359714832658,0.0262202212042538
15,0.008172702789306641,0.0008430957794189453,0.475,0.6525000000000001,4v1_A,,,True,entropy,,,1,3,10,5,,,,"{'min_samples_leaf': 10, 'min_samples_split': 5, 'max_features': 3, 'criterion': 'entropy', 'max_depth': 1, 'bootstrap': True}",45,0.375,0.63125,0.45,0.675,0.45,0.59375,0.6,0.675,0.5,0.6875,8.967814962764924e-05,4.778122468820746e-05,0.07416198487095663,0.03504461442219048
16,0.01726059913635254,0.0008817195892333984,0.52,0.9962500000000001,4v1_A,,,False,entropy,,,8,9,4,9,,,,"{'min_samples_leaf': 4, 'min_samples_split': 9, 'max_features': 9, 'criterion': 'entropy', 'max_depth': 8, 'bootstrap': False}",35,0.6,1.0,0.45,0.9875,0.65,0.99375,0.55,1.0,0.35,1.0,0.0005774838061914639,2.5810240007806962e-05,0.10770329614269009,0.004999999999999982
17,0.009018611907958985,0.0008627891540527344,0.56,0.8675,4v1_A,,,True,entropy,,,5,2,5,4,,,,"{'min_samples_leaf': 5, 'min_samples_split': 4, 'max_features': 2, 'criterion': 'entropy', 'max_depth': 5, 'bootstrap': True}",18,0.525,0.8375,0.6,0.89375,0.625,0.85625,0.625,0.85625,0.425,0.89375,0.0001873397497022907,2.6871117183409874e-05,0.07681145747868609,0.022500000000000027
18,0.009298324584960938,0.0009230613708496094,0.6,0.9075,4v1_A,,,True,entropy,,,7,2,2,10,,,,"{'min_samples_leaf': 2, 'min_samples_split': 10, 'max_features': 2, 'criterion': 'entropy', 'max_depth': 7, 'bootstrap': True}",2,0.675,0.89375,0.575,0.85625,0.65,0.90625,0.675,0.94375,0.425,0.9375,7.357320761781691e-05,9.469889921717456e-05,0.0948683298050514,0.031721443851123805
19,0.009966564178466798,0.0009050369262695312,0.56,0.88125,4v1_A,,,True,entropy,,,8,4,6,6,,,,"{'min_samples_leaf': 6, 'min_samples_split': 6, 'max_features': 4, 'criterion': 'entropy', 'max_depth': 8, 'bootstrap': True}",18,0.5,0.91875,0.65,0.8625,0.55,0.85625,0.525,0.8875,0.575,0.88125,0.00012592631081551734,3.617651363085862e-05,0.051478150704935,0.022008521077073746
20,0.008637666702270508,0.0008735179901123047,0.52,0.7887500000000001,4v1_A,,,False,gini,,,2,5,9,5,,,,"{'min_samples_leaf': 9, 'min_samples_split': 5, 'max_features': 5, 'criterion': 'gini', 'max_depth': 2, 'bootstrap': False}",35,0.5,0.78125,0.575,0.8,0.6,0.775,0.525,0.75625,0.4,0.83125,0.00012520984734149717,1.7441683844242732e-05,0.06964194138592057,0.025433737436719776
21,0.012480211257934571,0.0009047508239746094,0.605,0.9525,4v1_A,,,True,entropy,,,9,8,4,6,,,,"{'min_samples_leaf': 4, 'min_samples_split': 6, 'max_features': 8, 'criterion': 'entropy', 'max_depth': 9, 'bootstrap': True}",1,0.625,0.975,0.675,0.94375,0.65,0.925,0.675,0.94375,0.4,0.975,0.00012482522141584831,5.8305973993549765e-05,0.1041633332799983,0.019605483926697635
22,0.00818338394165039,0.0008701324462890625,0.55,0.78625,4v1_A,,,True,entropy,,,6,1,6,3,,,,"{'min_samples_leaf': 6, 'min_samples_split': 3, 'max_features': 1, 'criterion': 'entropy', 'max_depth': 6, 'bootstrap': True}",23,0.525,0.75625,0.6,0.825,0.575,0.78125,0.575,0.7625,0.475,0.80625,8.563052786120916e-05,5.112343718430761e-05,0.04472135954999579,0.026040833319999575
23,0.008351373672485351,0.0009072303771972656,0.545,0.82,4v1_A,,,True,gini,,,3,3,6,2,,,,"{'min_samples_leaf': 6, 'min_samples_split': 2, 'max_features': 3, 'criterion': 'gini', 'max_depth': 3, 'bootstrap': True}",25,0.625,0.7625,0.575,0.85,0.6,0.8,0.6,0.86875,0.325,0.81875,9.990317707976219e-05,9.357416236082905e-05,0.11113055385446433,0.03737479096931515
24,0.00961308479309082,0.000839853286743164,0.48,0.7212500000000001,4v1_A,,,False,entropy,,,1,10,10,5,,,,"{'min_samples_leaf': 10, 'min_samples_split': 5, 'max_features': 10, 'criterion': 'entropy', 'max_depth': 1, 'bootstrap': False}",44,0.425,0.7125,0.425,0.7125,0.6,0.6875,0.525,0.75625,0.425,0.7375,0.0001980843999885773,2.5275338196467943e-05,0.07141428428542851,0.023584952830141503
25,0.008920621871948243,0.0008471488952636718,0.555,0.7012499999999999,4v1_A,,,True,entropy,,,1,8,7,8,,,,"{'min_samples_leaf': 7, 'min_samples_split': 8, 'max_features': 8, 'criterion': 'entropy', 'max_depth': 1, 'bootstrap': True}",20,0.425,0.7125,0.55,0.65625,0.55,0.65,0.6,0.69375,0.65,0.79375,7.160189053957315e-05,3.431650965355605e-05,0.07483314773547883,0.05175060386121111
26,0.011045885086059571,0.0008790493011474609,0.585,0.8150000000000001,4v1_A,,,True,entropy,,,4,9,9,3,,,,"{'min_samples_leaf': 9, 'min_samples_split': 3, 'max_features': 9, 'criterion': 'entropy', 'max_depth': 4, 'bootstrap': True}",6,0.575,0.81875,0.625,0.85,0.65,0.7875,0.6,0.7875,0.475,0.83125,0.00016729758134582067,5.4932178719852043e-05,0.060415229867972875,0.024558603380485634
27,0.008837556838989258,0.0008427143096923828,0.455,0.67,4v1_A,,,False,entropy,,,1,6,9,8,,,,"{'min_samples_leaf': 9, 'min_samples_split': 8, 'max_features': 6, 'criterion': 'entropy', 'max_depth': 1, 'bootstrap': False}",49,0.4,0.61875,0.45,0.68125,0.5,0.6375,0.55,0.7,0.375,0.7125,0.00011981301971012501,1.4761633906779287e-05,0.0640312423743285,0.03609882269548413
28,0.008786773681640625,0.0009046077728271484,0.5,0.7749999999999999,4v1_A,,,True,gini,,,2,7,2,5,,,,"{'min_samples_leaf': 2, 'min_samples_split': 5, 'max_features': 7, 'criterion': 'gini', 'max_depth': 2, 'bootstrap': True}",38,0.45,0.7625,0.55,0.7375,0.525,0.80625,0.6,0.7625,0.375,0.80625,7.109682004983781e-05,0.00010073453290175856,0.07905694150420949,0.027099354235848507
29,0.009484243392944337,0.0008695125579833984,0.46,0.7875,4v1_A,,,False,gini,,,2,10,1,5,,,,"{'min_samples_leaf': 1, 'min_samples_split': 5, 'max_features': 10, 'criterion': 'gini', 'max_depth': 2, 'bootstrap': False}",48,0.45,0.76875,0.425,0.76875,0.575,0.81875,0.475,0.74375,0.375,0.8375,0.00013178828449443523,3.83416809566067e-05,0.06633249580710798,0.03491060010942234
30,0.00807361602783203,0.0008565425872802734,0.5,0.74125,4v1_A,,,True,gini,,,3,1,9,5,,,,"{'min_samples_leaf': 9, 'min_samples_split': 5, 'max_features': 1, 'criterion': 'gini', 'max_depth': 3, 'bootstrap': True}",38,0.375,0.69375,0.55,0.75625,0.6,0.7625,0.525,0.74375,0.45,0.75,0.00012686614406167196,2.103149194090248e-05,0.07905694150420949,0.024558603380485624
31,0.009195470809936523,0.0008550167083740234,0.575,0.9087500000000001,4v1_A,,,True,entropy,,,6,2,3,4,,,,"{'min_samples_leaf': 3, 'min_samples_split': 4, 'max_features': 2, 'criterion': 'entropy', 'max_depth': 6, 'bootstrap': True}",10,0.55,0.91875,0.6,0.88125,0.525,0.91875,0.7,0.8875,0.5,0.9375,7.041071837287814e-05,2.1961133803373114e-05,0.07071067811865472,0.02113941815660971
32,0.008484840393066406,0.0008941173553466796,0.585,0.9325000000000001,4v1_A,,,True,gini,,,6,2,3,4,,,,"{'min_samples_leaf': 3, 'min_samples_split': 4, 'max_features': 2, 'criterion': 'gini', 'max_depth': 6, 'bootstrap': True}",6,0.575,0.90625,0.675,0.925,0.725,0.9625,0.55,0.9125,0.4,0.95625,7.358896718030437e-05,9.023119882287393e-05,0.1124722187920199,0.02284458360312135
33,0.008364582061767578,0.0008845329284667969,0.55,0.86,4v1_A,,,True,gini,,,6,2,6,8,,,,"{'min_samples_leaf': 6, 'min_samples_split': 8, 'max_features': 2, 'criterion': 'gini', 'max_depth': 6, 'bootstrap': True}",23,0.6,0.8875,0.55,0.825,0.575,0.85625,0.55,0.85,0.475,0.88125,7.615876142246909e-05,7.268772134027815e-05,0.04183300132670378,0.022569337606584736
34,0.010397815704345703,0.0008563518524169922,0.59,0.9349999999999999,4v1_A,,,True,entropy,,,5,4,1,2,,,,"{'min_samples_leaf': 1, 'min_samples_split': 2, 'max_features': 4, 'criterion': 'entropy', 'max_depth': 5, 'bootstrap': True}",4,0.55,0.93125,0.6,0.9375,0.675,0.95,0.65,0.9125,0.475,0.94375,0.00010452914392171842,2.248548864629338e-05,0.07176350047203664,0.012869537676233745
35,0.010557746887207032,0.00087127685546875,0.515,0.765,4v1_A,,,True,entropy,,,2,10,5,10,,,,"{'min_samples_leaf': 5, 'min_samples_split': 10, 'max_features': 10, 'criterion': 'entropy', 'max_depth': 2, 'bootstrap': True}",37,0.4,0.68125,0.55,0.79375,0.6,0.775,0.65,0.80625,0.375,0.76875,0.00014820844491590903,5.6039748151712453e-05,0.10908712114635714,0.04394598957811736
36,0.008305931091308593,0.0008197784423828125,0.49,0.6987500000000001,4v1_A,,,False,gini,,,1,9,1,7,,,,"{'min_samples_leaf': 1, 'min_samples_split': 7, 'max_features': 9, 'criterion': 'gini', 'max_depth': 1, 'bootstrap': False}",42,0.425,0.66875,0.425,0.66875,0.575,0.70625,0.525,0.7125,0.5,0.7375,8.553009909923997e-05,1.8549271902185952e-05,0.058309518948452994,0.026634094690828183
37,0.00785970687866211,0.0009452342987060547,0.5,0.655,4v1_A,,,True,gini,,,1,2,2,8,,,,"{'min_samples_leaf': 2, 'min_samples_split': 8, 'max_features': 2, 'criterion': 'gini', 'max_depth': 1, 'bootstrap': True}",38,0.325,0.61875,0.425,0.625,0.625,0.65625,0.65,0.63125,0.475,0.74375,0.00013114634328016038,0.000178635928244764,0.12247448713915891,0.046165463281548476
38,0.011779069900512695,0.0008870601654052734,0.555,0.93125,4v1_A,,,False,entropy,,,8,5,9,3,,,,"{'min_samples_leaf': 9, 'min_samples_split': 3, 'max_features': 5, 'criterion': 'entropy', 'max_depth': 8, 'bootstrap': False}",20,0.575,0.93125,0.625,0.9375,0.65,0.925,0.575,0.95,0.35,0.9125,0.00047971192675817694,4.259215625648471e-05,0.1065363787633126,0.012499999999999989
39,0.00966944694519043,0.0009358882904052735,0.47,0.6699999999999999,4v1_A,,,False,entropy,,,1,6,7,4,,,,"{'min_samples_leaf': 7, 'min_samples_split': 4, 'max_features': 6, 'criterion': 'entropy', 'max_depth': 1, 'bootstrap': False}",47,0.4,0.65625,0.425,0.6875,0.55,0.70625,0.55,0.59375,0.425,0.70625,0.0007644989288013459,6.628835753408174e-05,0.06595452979136462,0.04227883631321942
40,0.011441469192504883,0.0009243488311767578,0.57,0.9374999999999998,4v1_A,,,False,gini,,,4,9,3,3,,,,"{'min_samples_leaf': 3, 'min_samples_split': 3, 'max_features': 9, 'criterion': 'gini', 'max_depth': 4, 'bootstrap': False}",13,0.575,0.9375,0.575,0.93125,0.725,0.98125,0.5,0.89375,0.475,0.94375,0.0010818309586690643,0.00010182410643232379,0.08717797887081347,0.027950849718747343
41,0.008424520492553711,0.0009319782257080078,0.6,0.885,4v1_A,,,True,entropy,,,9,1,4,5,,,,"{'min_samples_leaf': 4, 'min_samples_split': 5, 'max_features': 1, 'criterion': 'entropy', 'max_depth': 9, 'bootstrap': True}",2,0.55,0.85,0.6,0.9,0.6,0.8375,0.675,0.93125,0.575,0.90625,0.00011673154782778265,5.7042759901371015e-05,0.04183300132670379,0.03548767391644598
42,0.010660171508789062,0.0009241580963134765,0.565,0.91375,4v1_A,,,False,gini,,,4,10,7,10,,,,"{'min_samples_leaf': 7, 'min_samples_split': 10, 'max_features': 10, 'criterion': 'gini', 'max_depth': 4, 'bootstrap': False}",16,0.55,0.90625,0.55,0.85625,0.65,0.95,0.675,0.90625,0.4,0.95,7.093920361207107e-05,0.00010916003431566815,0.09695359714832659,0.03477606935810888
43,0.008998918533325195,0.0008510589599609375,0.575,0.85875,4v1_A,,,True,entropy,,,4,2,2,3,,,,"{'min_samples_leaf': 2, 'min_samples_split': 3, 'max_features': 2, 'criterion': 'entropy', 'max_depth': 4, 'bootstrap': True}",10,0.475,0.83125,0.65,0.8625,0.7,0.85,0.65,0.88125,0.4,0.86875,0.0001293181493922022,8.649831307103621e-06,0.11618950038622249,0.017047727121232308
44,0.00883498191833496,0.0008668899536132812,0.54,0.7362500000000001,4v1_A,,,True,entropy,,,2,2,1,7,,,,"{'min_samples_leaf': 1, 'min_samples_split': 7, 'max_features': 2, 'criterion': 'entropy', 'max_depth': 2, 'bootstrap': True}",28,0.5,0.675,0.575,0.7125,0.625,0.7625,0.625,0.7375,0.375,0.79375,0.00030226145163037655,3.0504536822437202e-05,0.09433981132056603,0.04077376607575019
45,0.00913863182067871,0.0008430957794189453,0.525,0.8237500000000001,4v1_A,,,True,gini,,,9,7,10,6,,,,"{'min_samples_leaf': 10, 'min_samples_split': 6, 'max_features': 7, 'criterion': 'gini', 'max_depth': 9, 'bootstrap': True}",33,0.6,0.7875,0.55,0.80625,0.525,0.85625,0.475,0.85625,0.475,0.8125,0.00010064477091105002,1.3894219855692574e-05,0.047434164902525694,0.027782638463616068
46,0.008832931518554688,0.0008690834045410156,0.58,0.95625,4v1_A,,,False,entropy,,,8,1,4,4,,,,"{'min_samples_leaf': 4, 'min_samples_split': 4, 'max_features': 1, 'criterion': 'entropy', 'max_depth': 8, 'bootstrap': False}",9,0.55,0.98125,0.525,0.95,0.675,0.95,0.7,0.95,0.45,0.95,0.00015847595253913079,3.5724110352460716e-05,0.09407443861113389,0.0125
47,0.010376405715942384,0.00091552734375,0.525,0.7674999999999998,4v1_A,,,False,entropy,,,2,7,8,2,,,,"{'min_samples_leaf': 8, 'min_samples_split': 2, 'max_features': 7, 'criterion': 'entropy', 'max_depth': 2, 'bootstrap': False}",33,0.475,0.73125,0.6,0.775,0.675,0.7625,0.575,0.83125,0.3,0.7375,0.0001618923177678465,0.0001038925201685168,0.12942179105544785,0.03566335654421778
48,0.011216259002685547,0.0009003162384033203,0.495,0.85,4v1_A,,,False,entropy,,,3,6,4,9,,,,"{'min_samples_leaf': 4, 'min_samples_split': 9, 'max_features': 6, 'criterion': 'entropy', 'max_depth': 3, 'bootstrap': False}",41,0.475,0.8125,0.55,0.84375,0.575,0.875,0.45,0.825,0.425,0.89375,8.630035960760137e-05,6.599250554077306e-05,0.057879184513951125,0.030362394503727817
49,0.00976548194885254,0.0008622169494628906,0.565,0.78,4v1_A,,,True,entropy,,,2,7,4,4,,,,"{'min_samples_leaf': 4, 'min_samples_split': 4, 'max_features': 7, 'criterion': 'entropy', 'max_depth': 2, 'bootstrap': True}",16,0.55,0.75625,0.6,0.76875,0.625,0.8,0.6,0.7625,0.45,0.8125,0.00011366937752002553,1.88604618258387e-05,0.06244997998398397,0.0221500564333367
0,0.02118382453918457,0.00034809112548828125,0.56,1.0,4v1_A,,,,,,1.0,1,log2,,2,100,,,"{'n_estimators': 100, 'learning_rate': 1.0, 'min_samples_split': 2, 'max_features': 'log2', 'max_depth': 1}",28,0.55,1.0,0.55,1.0,0.65,1.0,0.65,1.0,0.4,1.0,0.0004342943363583175,8.543452919989936e-05,0.09165151389911681,0.0
1,0.2593231201171875,0.0007550239562988282,0.46,0.63,4v1_A,,,,,,0.0001,2,log2,,7,1000,,,"{'n_estimators': 1000, 'learning_rate': 0.0001, 'min_samples_split': 7, 'max_features': 'log2', 'max_depth': 2}",50,0.35,0.5875,0.45,0.5625,0.625,0.6125,0.55,0.5375,0.325,0.85,0.0009715869231563533,2.96765151599929e-05,0.11467344941179716,0.11280514172678477
2,0.16146140098571776,0.00043087005615234376,0.575,1.0,4v1_A,,,,,,1.0,6,log2,,7,1000,,,"{'n_estimators': 1000, 'learning_rate': 1.0, 'min_samples_split': 7, 'max_features': 'log2', 'max_depth': 6}",25,0.625,1.0,0.6,1.0,0.65,1.0,0.525,1.0,0.475,1.0,0.0003082020806312733,1.3073862733626021e-05,0.0651920240520265,0.0
3,0.09652280807495117,0.0004028797149658203,0.595,1.0,4v1_A,,,,,,0.5,2,sqrt,,7,500,,,"{'n_estimators': 500, 'learning_rate': 0.5, 'min_samples_split': 7, 'max_features': 'sqrt', 'max_depth': 2}",15,0.575,1.0,0.6,1.0,0.7,1.0,0.65,1.0,0.45,1.0,0.0013070236022402148,2.977289654471761e-05,0.08426149773176357,0.0
4,0.16832809448242186,0.00047473907470703126,0.61,1.0,4v1_A,,,,,,1.0,1,sqrt,,10,1000,,,"{'n_estimators': 1000, 'learning_rate': 1.0, 'min_samples_split': 10, 'max_features': 'sqrt', 'max_depth': 1}",6,0.6,1.0,0.525,1.0,0.7,1.0,0.6,1.0,0.625,1.0,0.0009441728946552116,3.554321275682827e-05,0.056124860801609104,0.0
5,0.2869063377380371,0.0008632183074951172,0.625,1.0,4v1_A,,,,,,0.05,8,log2,,10,1000,,,"{'n_estimators': 1000, 'learning_rate': 0.05, 'min_samples_split': 10, 'max_features': 'log2', 'max_depth': 8}",2,0.625,1.0,0.725,1.0,0.65,1.0,0.7,1.0,0.425,1.0,0.0014753297797706817,3.6546574213038905e-05,0.10606601717798213,0.0
6,0.41427321434020997,0.0012844085693359375,0.485,0.7350000000000001,4v1_A,,,,,,0.0001,7,sqrt,,7,500,,,"{'n_estimators': 500, 'learning_rate': 0.0001, 'min_samples_split': 7, 'max_features': 'sqrt', 'max_depth': 7}",38,0.35,0.5875,0.45,0.5625,0.675,0.9875,0.55,0.5375,0.4,1.0,0.007163003113330136,2.1927977709009567e-05,0.11575836902790228,0.21189620100417092
7,0.8317255973815918,0.0019277572631835938,0.58,1.0,4v1_A,,,,,,0.01,10,log2,,2,500,,,"{'n_estimators': 500, 'learning_rate': 0.01, 'min_samples_split': 2, 'max_features': 'log2', 'max_depth': 10}",24,0.575,1.0,0.65,1.0,0.625,1.0,0.625,1.0,0.425,1.0,0.052295685375542876,6.400206318836975e-05,0.08124038404635961,0.0
8,0.09945039749145508,0.000507354736328125,0.485,0.73625,4v1_A,,,,,,0.0005,7,log2,,4,100,,,"{'n_estimators': 100, 'learning_rate': 0.0005, 'min_samples_split': 4, 'max_features': 'log2', 'max_depth': 7}",38,0.35,0.5875,0.45,0.5625,0.675,0.99375,0.55,0.5375,0.4,1.0,0.002506485867528453,3.6304503638554035e-05,0.11575836902790228,0.213395173328733
9,0.025938034057617188,0.00033740997314453126,0.605,0.9925,4v1_A,,,,,,0.1,2,log2,,9,100,,,"{'n_estimators': 100, 'learning_rate': 0.1, 'min_samples_split': 9, 'max_features': 'log2', 'max_depth': 2}",8,0.55,0.9875,0.65,1.0,0.7,0.9875,0.7,0.9875,0.425,1.0,0.0003280777914438151,4.484029180908588e-05,0.10535653752852737,0.006123724356957924
10,0.09771938323974609,0.00038242340087890625,0.465,0.63625,4v1_A,,,,,,0.001,1,log2,,10,500,,,"{'n_estimators': 500, 'learning_rate': 0.001, 'min_samples_split': 10, 'max_features': 'log2', 'max_depth': 1}",49,0.35,0.5875,0.45,0.56875,0.625,0.7125,0.55,0.56875,0.35,0.74375,0.0001448600679567721,2.9393829783080963e-05,0.10908712114635716,0.07597285699511375
11,0.09265146255493165,0.0003794193267822266,0.595,1.0,4v1_A,,,,,,1.0,1,sqrt,,7,500,,,"{'n_estimators': 500, 'learning_rate': 1.0, 'min_samples_split': 7, 'max_features': 'sqrt', 'max_depth': 1}",15,0.575,1.0,0.6,1.0,0.7,1.0,0.575,1.0,0.525,1.0,0.0007895835420357118,6.651151952424123e-06,0.05787918451395111,0.0
12,0.25694971084594725,0.0007580757141113281,0.595,0.99375,4v1_A,,,,,,0.01,2,log2,,2,1000,,,"{'n_estimators': 1000, 'learning_rate': 0.01, 'min_samples_split': 2, 'max_features': 'log2', 'max_depth': 2}",15,0.6,0.99375,0.575,1.0,0.675,0.99375,0.675,0.98125,0.45,1.0,0.0010437296340119128,3.2607643636548906e-05,0.08276472678623426,0.006846531968814592
13,0.022272062301635743,0.00030002593994140627,0.57,1.0,4v1_A,,,,,,0.5,4,log2,,5,50,,,"{'n_estimators': 50, 'learning_rate': 0.5, 'min_samples_split': 5, 'max_features': 'log2', 'max_depth': 4}",26,0.575,1.0,0.6,1.0,0.6,1.0,0.625,1.0,0.45,1.0,0.0004410903876206185,1.3762845420360532e-05,0.06204836822995427,0.0
14,0.2579357147216797,0.0008066177368164062,0.52,0.8462500000000001,4v1_A,,,,,,0.001,2,log2,,9,1000,,,"{'n_estimators': 1000, 'learning_rate': 0.001, 'min_samples_split': 9, 'max_features': 'log2', 'max_depth': 2}",35,0.4,0.75625,0.525,0.8125,0.675,0.90625,0.625,0.88125,0.375,0.875,0.0017047606061257466,5.652710936637661e-05,0.11874342087037917,0.05457219988235769
15,0.17255220413208008,0.00045766830444335935,0.59,1.0,4v1_A,,,,,,0.5,8,sqrt,,3,1000,,,"{'n_estimators': 1000, 'learning_rate': 0.5, 'min_samples_split': 3, 'max_features': 'sqrt', 'max_depth': 8}",20,0.525,1.0,0.625,1.0,0.55,1.0,0.7,1.0,0.55,1.0,0.0007928031825898419,2.6702284806274792e-05,0.0644204936336256,0.0
16,0.9539903163909912,0.002835655212402344,0.6,1.0,4v1_A,,,,,,0.005,9,sqrt,,8,1000,,,"{'n_estimators': 1000, 'learning_rate': 0.005, 'min_samples_split': 8, 'max_features': 'sqrt', 'max_depth': 9}",13,0.575,1.0,0.7,1.0,0.625,1.0,0.675,1.0,0.425,1.0,0.015075678896112953,0.00013534429510964413,0.09746794344808965,0.0
17,0.08120059967041016,0.0004948139190673828,0.495,0.7350000000000001,4v1_A,,,,,,0.0005,8,log2,,10,100,,,"{'n_estimators': 100, 'learning_rate': 0.0005, 'min_samples_split': 10, 'max_features': 'log2', 'max_depth': 8}",37,0.35,0.5875,0.45,0.5625,0.675,0.9875,0.55,0.5375,0.45,1.0,0.0008269350499197042,3.341897157996628e-05,0.11000000000000003,0.21189620100417092
18,0.14873323440551758,0.0006134510040283203,0.61,1.0,4v1_A,,,,,,0.1,4,log2,,6,500,,,"{'n_estimators': 500, 'learning_rate': 0.1, 'min_samples_split': 6, 'max_features': 'log2', 'max_depth': 4}",6,0.65,1.0,0.575,1.0,0.675,1.0,0.65,1.0,0.5,1.0,0.002769182330792851,4.194351367025561e-05,0.06442049363362565,0.0
19,0.09866251945495605,0.00041518211364746096,0.475,0.615,4v1_A,,,,,,0.0005,1,sqrt,,6,500,,,"{'n_estimators': 500, 'learning_rate': 0.0005, 'min_samples_split': 6, 'max_features': 'sqrt', 'max_depth': 1}",42,0.35,0.5875,0.45,0.5625,0.625,0.6375,0.55,0.5375,0.4,0.75,0.00041224337606763056,4.4592458820318127e-05,0.1,0.07516648189186455
20,0.032271623611450195,0.0003411293029785156,0.59,1.0,4v1_A,,,,,,0.5,7,sqrt,,5,100,,,"{'n_estimators': 100, 'learning_rate': 0.5, 'min_samples_split': 5, 'max_features': 'sqrt', 'max_depth': 7}",20,0.55,1.0,0.525,1.0,0.675,1.0,0.7,1.0,0.5,1.0,0.00029625678126898403,4.790384028820484e-05,0.08154753215150046,0.0
21,0.0701526165008545,0.0004326343536376953,0.47,0.7125,4v1_A,,,,,,0.0005,5,sqrt,,2,100,,,"{'n_estimators': 100, 'learning_rate': 0.0005, 'min_samples_split': 2, 'max_features': 'sqrt', 'max_depth': 5}",46,0.35,0.5875,0.45,0.5625,0.625,0.875,0.55,0.5375,0.375,1.0,0.0022033111615491195,3.0676087358232094e-05,0.1041633332799983,0.1885802216564611
22,0.01781172752380371,0.00029816627502441404,0.595,0.9825000000000002,4v1_A,,,,,,0.05,3,sqrt,,7,50,,,"{'n_estimators': 50, 'learning_rate': 0.05, 'min_samples_split': 7, 'max_features': 'sqrt', 'max_depth': 3}",15,0.6,0.98125,0.55,0.98125,0.625,0.9875,0.7,0.98125,0.5,0.98125,0.00015332634870395508,2.898158034869434e-05,0.06782329983125267,0.0025000000000000356
23,0.3442502021789551,0.0011255264282226563,0.535,0.9337500000000001,4v1_A,,,,,,0.001,3,sqrt,,9,1000,,,"{'n_estimators': 1000, 'learning_rate': 0.001, 'min_samples_split': 9, 'max_features': 'sqrt', 'max_depth': 3}",34,0.45,0.86875,0.55,0.90625,0.625,0.96875,0.675,0.96875,0.375,0.95625,0.002967905196785061,0.00010563803954477348,0.11022703842524302,0.03984344362627307
24,0.17661552429199218,0.0006980419158935547,0.595,0.98125,4v1_A,,,,,,0.005,3,log2,,4,500,,,"{'n_estimators': 500, 'learning_rate': 0.005, 'min_samples_split': 4, 'max_features': 'log2', 'max_depth': 3}",15,0.55,0.98125,0.625,0.98125,0.625,0.975,0.7,0.98125,0.475,0.9875,0.0009050342179912085,3.657294376279983e-05,0.07648529270389176,0.003952847075210496
25,0.0290985107421875,0.00033884048461914064,0.485,0.6387499999999999,4v1_A,,,,,,0.0001,5,sqrt,,5,50,,,"{'n_estimators': 50, 'learning_rate': 0.0001, 'min_samples_split': 5, 'max_features': 'sqrt', 'max_depth': 5}",38,0.35,0.5875,0.45,0.5625,0.65,0.5125,0.55,0.5375,0.425,0.99375,0.001016613030292392,2.079709836431837e-05,0.10440306508910553,0.1792519177024335
26,0.010445594787597656,0.0002495765686035156,0.475,0.5862499999999999,4v1_A,,,,,,0.0005,1,log2,,2,50,,,"{'n_estimators': 50, 'learning_rate': 0.0005, 'min_samples_split': 2, 'max_features': 'log2', 'max_depth': 1}",42,0.35,0.5875,0.45,0.5625,0.65,0.5125,0.55,0.5375,0.375,0.73125,0.00012417236957549846,1.3832716393843167e-05,0.11180339887498951,0.07668930825088983
27,0.01768836975097656,0.0003081321716308594,0.47,0.62625,4v1_A,,,,,,0.0001,3,sqrt,,4,50,,,"{'n_estimators': 50, 'learning_rate': 0.0001, 'min_samples_split': 4, 'max_features': 'sqrt', 'max_depth': 3}",46,0.35,0.5875,0.45,0.5625,0.65,0.5125,0.55,0.5375,0.35,0.93125,0.0004259356450131843,3.372442389407969e-05,0.11661903789690603,0.15453559460525593
28,0.24195337295532227,0.0007182598114013672,0.57,1.0,4v1_A,,,,,,0.1,6,sqrt,,2,1000,,,"{'n_estimators': 1000, 'learning_rate': 0.1, 'min_samples_split': 2, 'max_features': 'sqrt', 'max_depth': 6}",26,0.6,1.0,0.625,1.0,0.6,1.0,0.525,1.0,0.5,1.0,0.002908674138309405,1.3972711982864517e-05,0.04847679857416328,0.0
29,0.017845535278320314,0.0002827167510986328,0.555,0.9799999999999999,4v1_A,,,,,,0.05,3,sqrt,,7,50,,,"{'n_estimators': 50, 'learning_rate': 0.05, 'min_samples_split': 7, 'max_features': 'sqrt', 'max_depth': 3}",29,0.525,0.98125,0.55,0.96875,0.575,0.975,0.675,0.9875,0.45,0.9875,0.0002218814348295164,7.375423927682994e-06,0.07314369419163898,0.007288689868556645
30,0.09171719551086426,0.00049591064453125,0.63,1.0,4v1_A,,,,,,0.1,10,sqrt,,8,100,,,"{'n_estimators': 100, 'learning_rate': 0.1, 'min_samples_split': 8, 'max_features': 'sqrt', 'max_depth': 10}",1,0.65,1.0,0.65,1.0,0.625,1.0,0.75,1.0,0.475,1.0,0.0005385400089137453,7.306664012671644e-06,0.08860022573334676,0.0
31,0.09467487335205078,0.0004271984100341797,0.585,1.0,4v1_A,,,,,,0.5,10,log2,,6,500,,,"{'n_estimators': 500, 'learning_rate': 0.5, 'min_samples_split': 6, 'max_features': 'log2', 'max_depth': 10}",23,0.6,1.0,0.625,1.0,0.6,1.0,0.625,1.0,0.475,1.0,0.0006143926675560296,4.431672318612331e-05,0.05612486080160913,0.0
32,1.0073465347290038,0.0028383731842041016,0.54,1.0,4v1_A,,,,,,0.0005,10,log2,,8,1000,,,"{'n_estimators': 1000, 'learning_rate': 0.0005, 'min_samples_split': 8, 'max_features': 'log2', 'max_depth': 10}",33,0.425,1.0,0.525,1.0,0.675,1.0,0.65,1.0,0.425,1.0,0.010270513754230751,7.357258952697135e-05,0.10677078252031313,0.0
33,0.03895702362060547,0.0003483295440673828,0.475,0.6399999999999999,4v1_A,,,,,,0.0005,6,sqrt,,5,50,,,"{'n_estimators': 50, 'learning_rate': 0.0005, 'min_samples_split': 5, 'max_features': 'sqrt', 'max_depth': 6}",42,0.35,0.5875,0.45,0.5625,0.65,0.5125,0.55,0.5375,0.375,1.0,0.0008392419001842236,7.4834575071732755e-06,0.11180339887498951,0.1817278184538625
34,0.5415731906890869,0.0016145706176757812,0.625,1.0,4v1_A,,,,,,0.01,5,log2,,10,1000,,,"{'n_estimators': 1000, 'learning_rate': 0.01, 'min_samples_split': 10, 'max_features': 'log2', 'max_depth': 5}",2,0.6,1.0,0.675,1.0,0.7,1.0,0.675,1.0,0.475,1.0,0.021648228334013246,3.491802682278579e-05,0.08215838362577493,0.0
35,0.01046581268310547,0.00025200843811035156,0.475,0.5912499999999999,4v1_A,,,,,,0.001,1,log2,,6,50,,,"{'n_estimators': 50, 'learning_rate': 0.001, 'min_samples_split': 6, 'max_features': 'log2', 'max_depth': 1}",42,0.35,0.5875,0.45,0.5625,0.65,0.5125,0.55,0.5375,0.375,0.75625,0.00017200524274427724,1.0522878880841212e-05,0.11180339887498951,0.08620469824783333
36,0.010390472412109376,0.0002570629119873047,0.55,0.8425,4v1_A,,,,,,0.1,1,log2,,9,50,,,"{'n_estimators': 50, 'learning_rate': 0.1, 'min_samples_split': 9, 'max_features': 'log2', 'max_depth': 1}",30,0.525,0.80625,0.575,0.8125,0.675,0.88125,0.625,0.85,0.35,0.8625,0.0001764511018151563,1.201251136870608e-05,0.11180339887498951,0.028885550020728352
37,0.02025265693664551,0.0002892017364501953,0.545,0.8249999999999998,4v1_A,,,,,,0.05,1,sqrt,,4,100,,,"{'n_estimators': 100, 'learning_rate': 0.05, 'min_samples_split': 4, 'max_features': 'sqrt', 'max_depth': 1}",32,0.475,0.79375,0.525,0.81875,0.7,0.86875,0.65,0.825,0.375,0.81875,0.00025707561760129693,7.577060977015831e-06,0.11768602295939819,0.024366985862022433
38,0.028247928619384764,0.0003264427185058594,0.625,1.0,4v1_A,,,,,,0.1,5,log2,,8,50,,,"{'n_estimators': 50, 'learning_rate': 0.1, 'min_samples_split': 8, 'max_features': 'log2', 'max_depth': 5}",2,0.625,1.0,0.7,1.0,0.7,1.0,0.625,1.0,0.475,1.0,0.0009294691305192448,1.2106781824156456e-05,0.0821583836257749,0.0
39,0.5158387660980225,0.0015523910522460937,0.605,1.0,4v1_A,,,,,,0.01,9,sqrt,,7,500,,,"{'n_estimators': 500, 'learning_rate': 0.01, 'min_samples_split': 7, 'max_features': 'sqrt', 'max_depth': 9}",8,0.6,1.0,0.675,1.0,0.65,1.0,0.675,1.0,0.425,1.0,0.007283089372196088,2.908995879756612e-05,0.09407443861113392,0.0
40,0.025895309448242188,0.0002961158752441406,0.59,1.0,4v1_A,,,,,,1.0,2,sqrt,,2,100,,,"{'n_estimators': 100, 'learning_rate': 1.0, 'min_samples_split': 2, 'max_features': 'sqrt', 'max_depth': 2}",20,0.425,1.0,0.525,1.0,0.7,1.0,0.725,1.0,0.575,1.0,0.00030561729619831815,5.384249587362392e-06,0.11135528725660043,0.0
41,0.23489780426025392,0.0006846427917480469,0.62,1.0,4v1_A,,,,,,0.1,5,log2,,2,1000,,,"{'n_estimators': 1000, 'learning_rate': 0.1, 'min_samples_split': 2, 'max_features': 'log2', 'max_depth': 5}",5,0.65,1.0,0.65,1.0,0.7,1.0,0.7,1.0,0.4,1.0,0.003251366877815598,6.709229292478594e-05,0.11224972160321824,0.0
42,0.9602618217468262,0.0027431964874267576,0.605,1.0,4v1_A,,,,,,0.005,9,sqrt,,8,1000,,,"{'n_estimators': 1000, 'learning_rate': 0.005, 'min_samples_split': 8, 'max_features': 'sqrt', 'max_depth': 9}",8,0.6,1.0,0.7,1.0,0.625,1.0,0.675,1.0,0.425,1.0,0.01665595157554036,0.00012062117843736681,0.09669539802906857,0.0
43,0.05893464088439941,0.00043992996215820314,0.47,0.7024999999999999,4v1_A,,,,,,0.0005,5,sqrt,,8,100,,,"{'n_estimators': 100, 'learning_rate': 0.0005, 'min_samples_split': 8, 'max_features': 'sqrt', 'max_depth': 5}",46,0.35,0.5875,0.45,0.5625,0.625,0.825,0.55,0.5375,0.375,1.0,0.0023748233570330167,3.980102375266264e-05,0.1041633332799983,0.18086597247685923
44,0.08730783462524414,0.00043349266052246095,0.605,1.0,4v1_A,,,,,,1.0,3,log2,,4,500,,,"{'n_estimators': 500, 'learning_rate': 1.0, 'min_samples_split': 4, 'max_features': 'log2', 'max_depth': 3}",8,0.65,1.0,0.55,1.0,0.675,1.0,0.6,1.0,0.55,1.0,0.00046431009443241166,6.341062930497282e-05,0.05099019513592785,0.0
45,0.09285154342651367,0.0004912853240966797,0.55,1.0,4v1_A,,,,,,0.5,10,log2,,2,500,,,"{'n_estimators': 500, 'learning_rate': 0.5, 'min_samples_split': 2, 'max_features': 'log2', 'max_depth': 10}",30,0.575,1.0,0.525,1.0,0.7,1.0,0.525,1.0,0.425,1.0,0.0007823740980012558,7.659741486210672e-05,0.08944271909999157,0.0
46,0.25505805015563965,0.000899648666381836,0.605,0.9925,4v1_A,,,,,,0.01,2,sqrt,,8,1000,,,"{'n_estimators': 1000, 'learning_rate': 0.01, 'min_samples_split': 8, 'max_features': 'sqrt', 'max_depth': 2}",8,0.6,0.9875,0.6,1.0,0.725,0.99375,0.65,0.98125,0.45,1.0,0.002116224995596949,9.625092395149926e-05,0.08999999999999998,0.007288689868556634
47,0.016176414489746094,0.00027136802673339845,0.6,1.0,4v1_A,,,,,,1.0,7,sqrt,,7,50,,,"{'n_estimators': 50, 'learning_rate': 1.0, 'min_samples_split': 7, 'max_features': 'sqrt', 'max_depth': 7}",13,0.625,1.0,0.575,1.0,0.675,1.0,0.725,1.0,0.4,1.0,0.00022072098264341048,1.4356995916148603e-05,0.11180339887498948,0.0
48,0.013535594940185547,0.0002692699432373047,0.485,0.6137499999999999,4v1_A,,,,,,0.001,2,sqrt,,2,50,,,"{'n_estimators': 50, 'learning_rate': 0.001, 'min_samples_split': 2, 'max_features': 'sqrt', 'max_depth': 2}",38,0.35,0.5875,0.45,0.5625,0.65,0.525,0.55,0.5375,0.425,0.85625,6.211352644425598e-05,1.0763852937440818e-05,0.10440306508910553,0.1231361035602475
49,0.5950518608093261,0.0017927169799804687,0.52,0.9837499999999999,4v1_A,,,,,,0.0005,5,log2,,7,1000,,,"{'n_estimators': 1000, 'learning_rate': 0.0005, 'min_samples_split': 7, 'max_features': 'log2', 'max_depth': 5}",35,0.4,0.9375,0.5,0.9875,0.675,1.0,0.65,0.99375,0.375,1.0,0.01179604214747689,7.063266998648559e-05,0.1238951169336387,0.02358495283014151
