session,question,question_type,record_flag,answer_index,timestamp,EyeBlink_L,EyeBlink_R,EyeSquint_L,EyeSquint_R,EyeDown_L,EyeDown_R,EyeIn_L,EyeIn_R,EyeOpen_L,EyeOpen_R,EyeOut_L,EyeOut_R,EyeUp_L,EyeUp_R,BrowsD_L,BrowsD_R,BrowsU_C,BrowsU_L,BrowsU_R,JawFwd,JawLeft,JawOpen,JawChew,JawRight,MouthLeft,MouthRight,MouthFrown_L,MouthFrown_R,MouthSmile_L,MouthSmile_R,MouthDimple_L,MouthDimple_R,LipsStretch_L,LipsStretch_R,LipsUpperClose,LipsLowerClose,LipsUpperUp,LipsLowerDown,LipsUpperOpen,LipsLowerOpen,LipsFunnel,LipsPucker,ChinLowerRaise,ChinUpperRaise,Sneer,Puff,CheekSquint_L,CheekSquint_R,audio_rms
0,0,0,0,0,2709615.549190607,0.0,0.0,0.0,0.0037562320940196514,0.854559600353241,0.849061131477356,0.279553085565567,0.0,0.28867459297180176,0.4974763095378876,0.0,0.0878307968378067,0.0,0.00015277403872460127,0.35787689685821533,0.0,0.0,0.0,0.14980624616146088,0.07450301200151443,0.0,0.21036376059055328,0.0,0.0,0.0,0.11805394291877747,0.16380463540554047,0.008111630566418171,0.05323737859725952,0.0,0.0,0.010657642967998981,0.45497897267341614,0.17203961312770844,0.0,0.10079895704984665,0.00775411631911993,0.07116701453924179,0.03432613983750343,0.0,0.0,0.0,1.0,0.004390965215861797,0.25841355323791504,0.16760890185832977,0.0,0.0,1753
0,0,0,0,0,2709649.108190607,0.0,0.0,0.0,0.0,0.8620349168777466,0.8559038639068604,0.24825240671634674,0.0,0.3328472375869751,0.561535120010376,0.0,0.0557766817510128,0.0,0.0,0.41537103056907654,0.0,0.0,0.0,0.15231013298034668,0.0458056777715683,0.0,0.18013744056224823,0.00013449654215946794,0.031705841422080994,0.0,0.2698717713356018,0.0,0.10563863813877106,0.1152714267373085,0.0,0.0,0.0,0.07236949354410172,0.19085779786109924,0.0,0.13096113502979279,0.0,0.0,0.08954127132892609,0.0,0.010120301507413387,0.005278180819004774,0.962665855884552,0.0,0.27881309390068054,0.2593498229980469,0.0,0.0,961
0,0,0,0,0,2709682.605190607,0.0,0.0,0.0,0.14468248188495636,0.8282167315483093,0.8227817416191101,0.24899441003799438,0.0,0.4149608612060547,0.671046257019043,0.0,0.04677171632647514,0.0,0.00020225920889060944,0.391681969165802,0.0,0.012746640481054783,0.0,0.1710035800933838,0.008554091677069664,0.0,0.1337871253490448,0.0,0.07923146337270737,0.0,0.41630110144615173,0.0,0.22105573117733002,0.14461341500282288,0.0,0.0,0.0,0.0,0.14459501206874847,0.0,0.14065973460674286,0.07744206488132477,0.0,0.1717129945755005,0.0,0.05433249846100807,0.04172259569168091,0.9042978882789612,0.03359753638505936,0.23829229176044464,0.265908420085907,0.0,0.0,2077
0,0,0,0,0,2709716.101190607,0.0,0.0,0.0,0.27986982464790344,0.7563642859458923,0.7511150240898132,0.22312305867671967,0.0,0.36014997959136963,0.6355423331260681,0.0,0.019223369657993317,0.0,9.65186336543411e-05,0.3442445993423462,0.0,0.1030646488070488,0.0,0.2706092894077301,0.0,0.0,0.05388547480106354,0.0,0.1120138168334961,0.0,0.487527072429657,0.0,0.24633818864822388,0.15821827948093414,0.0,0.0,0.0,0.0,0.08122618496417999,0.0,0.12196637690067291,0.0,0.0,0.2586122155189514,0.0,0.10357188433408737,0.11544658988714218,0.831762433052063,0.0,0.2848750054836273,0.1518086940050125,0.0,0.0,1359
0,0,0,0,0,2709749.597190607,0.0,0.0,0.0,0.17412763833999634,0.7245146632194519,0.7195468544960022,0.29401350021362305,0.0,0.18288031220436096,0.6557630300521851,0.0,0.09767189621925354,0.0,7.025452214293182e-05,0.2855081558227539,0.0,0.12486582249403,0.0,0.3064068853855133,0.0,0.0,0.0,0.0,0.13900934159755707,0.0,0.4714611768722534,0.0,0.2611020505428314,0.16395068168640137,0.0,0.0,0.0,0.0,0.0,0.0,0.077738456428051,0.027284404262900352,0.0,0.33165040612220764,0.0,0.11160649359226227,0.17635387182235718,0.753027081489563,0.0,0.31486010551452637,0.07105179876089096,0.0,0.0,1448
0,0,0,0,0,2709783.093190607,0.0,0.0,0.0,0.1721777468919754,0.7151808142662048,0.7113030552864075,0.4138111174106598,0.0,0.21187514066696167,0.761055052280426,0.0,0.21851591765880585,0.0,0.0001549691951368004,0.28152579069137573,0.0,0.10743294656276703,0.0,0.3403497338294983,0.0,0.0,0.0,0.0,0.15512719750404358,0.0,0.4411275088787079,0.0,0.2518950402736664,0.1306714415550232,0.0,0.0,0.0,0.0,0.0,0.0,0.031198104843497276,0.017916405573487282,0.0,0.3593628704547882,0.0,0.06932605803012848,0.2128528505563736,0.689418375492096,0.0,0.30655747652053833,0.048241544514894485,0.0,0.0,885
0,0,0,0,0,2709816.590190607,0.0,0.0,0.0,0.18187867105007172,0.7130240797996521,0.7095175385475159,0.40782496333122253,0.0,0.244979590177536,0.6687401533126831,0.0,0.20643194019794464,0.0,7.0745159064244945e-06,0.23655521869659424,0.0,0.06782960891723633,0.0,0.3325335383415222,0.0,0.0,0.0,0.0,0.15221816301345825,0.0,0.36311790347099304,0.0,0.22855721414089203,0.11273317039012909,0.0,0.004052978008985519,0.0,0.0,0.0,0.0,0.0,0.01781279221177101,0.0,0.36662304401397705,0.0,0.017282111570239067,0.2228202223777771,0.6370840072631836,0.0,0.2742309868335724,0.06926652789115906,0.0,0.0,494
0,0,0,0,0,2709850.086190607,0.0,0.0,0.0,0.0548553466796875,0.7375748753547668,0.732839822769165,0.3842674791812897,0.0,0.18360662460327148,0.6781730651855469,0.0,0.19477999210357666,0.0,6.005166142131202e-05,0.4169669449329376,0.0,0.028642432764172554,0.0,0.26689597964286804,0.0,0.0,0.0,0.0,0.14783428609371185,0.0,0.31009843945503235,0.0,0.19904671609401703,0.06680170446634293,0.0,0.0,0.0,0.0,0.0,0.0,0.0,0.0,0.0,0.3462718725204468,0.004871530923992395,0.0,0.2176896631717682,0.5751442313194275,0.0,0.24277137219905853,0.08595015853643417,0.0,0.0,240
0,0,0,0,0,2709883.5821906067,0.0,0.0,0.0,0.0,0.816336989402771,0.8120858669281006,0.3446480929851532,0.0,0.30320850014686584,0.6722354292869568,0.0,0.15682320296764374,0.0,0.0,0.4720871150493622,0.0,0.03125770762562752,0.0,0.2340327799320221,0.0,0.0,0.0,0.0,0.12685362994670868,0.0,0.23364658653736115,0.005902374163269997,0.16412998735904694,0.060975030064582825,0.0,0.007612345274537802,0.0,0.0,0.0002528190379962325,0.0,0.0,0.0,0.0,0.31340134143829346,0.003333316883072257,0.0,0.18363074958324432,0.5253431797027588,0.0,0.19226877391338348,0.09892035275697708,0.0,0.0,529
0,0,0,0,0,2709917.047190607,0.0,0.0,0.0,0.04285595566034317,0.8590225577354431,0.8548744320869446,0.3549824059009552,0.0,0.355692982673645,0.7766447067260742,0.0,0.16166363656520844,0.0,0.00015795744548086077,0.48127713799476624,0.0,0.0,0.0,0.21376442909240723,0.0,0.0,0.0027038364205509424,0.0,0.1092730462551117,0.0,0.2326740324497223,0.010004337877035141,0.12965929508209229,0.026688149198889732,0.0,0.0008706569205969572,0.0,0.0,0.020266152918338776,0.0,0.0,0.0,0.0,0.2650589346885681,0.00981003325432539,0.003958291374146938,0.1728053241968155,0.48662951588630676,0.0,0.204053595662117,0.10221903026103973,0.0,0.0,823
0,0,0,0,0,2709950.5111906067,0.0,0.0,0.0,0.07145735621452332,0.8965873122215271,0.8921166658401489,0.33928340673446655,0.0,0.34301891922950745,0.713481068611145,0.0,0.1492127776145935,0.0,4.608335075317882e-05,0.46589919924736023,0.0,0.0,0.0,0.21392902731895447,0.0,0.0,0.0012210800778120756,0.0,0.09407196938991547,0.0,0.21508242189884186,0.013996437191963196,0.10190185904502869,0.007858960889279842,0.0,0.0,0.0,0.000489558675326407,0.040296923369169235,0.0,0.0,0.0,0.0,0.20047812163829803,0.008005557581782341,0.018621526658535004,0.18167324364185333,0.45502254366874695,0.0,0.22926945984363556,0.1138727217912674,0.0,0.0,570
0,0,0,0,0,2709983.944190607,0.0,0.0,0.0,0.12835179269313812,0.8720768094062805,0.8685309290885925,0.361308217048645,0.0,0.35958483815193176,0.7720288038253784,0.0,0.1626908779144287,0.0,0.00015540322056040168,0.33347374200820923,0.0,0.0,0.0,0.26135239005088806,0.0,0.0,0.0,0.0,0.07421214878559113,0.0,0.20991577208042145,0.013875963166356087,0.07859333604574203,0.01099094282835722,0.0,0.0,0.0,0.0,0.05234476923942566,0.0,0.0,0.027707085013389587,0.0,0.14109419286251068,0.0,0.024781424552202225,0.172004833817482,0.43160176277160645,0.00483740447089076,0.23737609386444092,0.11041516810655594,0.0,0.0,716
0,0,0,0,0,2710017.377190607,0.0,0.0,0.0,0.12812823057174683,0.8937994241714478,0.8892936110496521,0.36457863450050354,0.0,0.24887590110301971,0.8184742331504822,0.0,0.17097565531730652,0.0,0.00011958755931118503,0.4769994020462036,0.0,0.0,0.0,0.28169992566108704,0.0,0.0,0.0,0.0,0.05837167799472809,0.0,0.21234942972660065,0.01224949024617672,0.04875371977686882,0.0,0.0,0.0,0.0,0.0,0.06256039440631866,0.0,0.0,0.010993139818310738,0.0,0.07259335368871689,0.0,0.03891932964324951,0.1707826405763626,0.4078448414802551,0.0,0.2430773824453354,0.11723128706216812,0.0,0.0,714
0,0,0,0,0,2710084.242190607,0.0,0.0,0.0,0.11990217119455338,0.878290593624115,0.8738267421722412,0.354358047246933,0.0,0.3759639859199524,0.7711354494094849,0.0,0.16707128286361694,0.0,4.8234069254249334e-05,0.5112125277519226,0.0,0.0,0.0,0.2679179608821869,0.0,0.0,0.0,0.0,0.0530797578394413,0.0,0.23185275495052338,0.014463938772678375,0.024187004193663597,0.0,0.0,0.0,0.0,0.0,0.07241566479206085,0.0,0.0,0.0,0.0,0.0,0.0,0.06981665641069412,0.176046684384346,0.384883850812912,0.0,0.21706253290176392,0.12731777131557465,0.0,0.0,196
0,0,0,0,0,2710117.675190607,0.0,0.0,0.0,0.1251245141029358,0.874511182308197,0.8705033659934998,0.35701316595077515,0.0,0.3110004663467407,0.7892694473266602,0.0,0.16819635033607483,0.0,0.00011496240767883137,0.5153464078903198,0.0,0.0,0.0,0.27246159315109253,0.0,0.0,0.0,0.0,0.03933797776699066,0.0,0.21884144842624664,0.02183065004646778,0.0,0.0,0.0,0.0,0.0,0.0,0.07684982568025589,0.0,0.0,0.0,0.0,0.0,0.0,0.08043986558914185,0.14282922446727753,0.3746460974216461,0.0,0.1961483359336853,0.09205079823732376,0.0,0.0,181
0,0,0,0,0,2710184.540190607,0.0,0.0,0.0,0.15215831995010376,0.8702755570411682,0.8657658100128174,0.3471689820289612,0.0,0.3498503863811493,0.7297940850257874,0.0,0.15485849976539612,0.0,4.318506762501784e-05,0.4798819124698639,0.0,0.0,0.0,0.26054078340530396,0.0,0.0,0.0,0.0,0.013331190682947636,0.0,0.16214236617088318,0.03780810534954071,0.0,0.0,0.0,0.0,0.0,0.0,0.07202951610088348,0.010704555548727512,0.0,0.0,0.0,0.0,0.0,0.08329452574253082,0.1154627725481987,0.366375207901001,0.0,0.19205781817436218,0.08057142049074173,0.0,0.0,162
0,0,0,0,0,2710217.973190607,0.0,0.0,0.0,0.2294347584247589,0.8630155324935913,0.8593251705169678,0.3521842062473297,0.0,0.5045889616012573,0.7958700060844421,0.0,0.15377599000930786,0.0,0.00011715276195900515,0.44646644592285156,0.0,0.006817629095166922,0.0,0.2869284749031067,0.0,0.0,0.004311931785196066,0.0,0.0,0.0,0.17283304035663605,0.05812204256653786,0.0,0.0,0.0,0.0,0.0,0.0,0.06678915023803711,0.022596249356865883,0.0,0.0,0.0,0.0,0.015980824828147888,0.08302662521600723,0.09405077993869781,0.3483201861381531,0.0,0.18144641816616058,0.07541199773550034,0.0,0.0,380
0,0,0,0,0,2710251.4061906068,0.0,0.0,0.0,0.16455605626106262,0.8802663683891296,0.8759026527404785,0.3375886082649231,0.0,0.3944180905818939,0.7411618828773499,0.0,0.1466684490442276,0.0,1.251938556379173e-05,0.48934271931648254,0.0,0.0,0.0,0.2658904790878296,0.0,0.0,0.017940174788236618,0.0,0.0,0.0,0.17600274085998535,0.0789683386683464,0.0,0.0,0.0,0.0,0.0,0.0,0.051206789910793304,0.07051017135381699,0.0,0.0,0.0,0.0,0.04771240055561066,0.07180047035217285,0.07035358250141144,0.3201311230659485,0.0,0.1993710696697235,0.06645821034908295,0.0,0.0,336
0,0,0,0,0,2710284.5535144364,0.0,0.0,0.0,0.08578543365001678,0.8809822797775269,0.8759698867797852,0.3427892029285431,0.0,0.17031030356884003,0.6303220391273499,0.0,0.15189482271671295,0.0,2.4835978820192395e-06,0.5606414675712585,0.0,0.0,0.0,0.22130370140075684,0.0,0.0,0.03238728269934654,0.0,0.0,0.0,0.16120967268943787,0.09992000460624695,0.0,0.0,0.0,0.0,0.0,0.0,0.02547219954431057,0.12081775069236755,0.0,0.0,0.0,0.0,0.07792583853006363,0.0655454769730568,0.07723383605480194,0.2866719365119934,0.0,0.23525910079479218,0.09338101744651794,0.0,0.0,253
0,0,0,0,0,2710317.9855144364,0.0,0.0,0.0,0.0,0.901012122631073,0.8973400592803955,0.34937989711761475,0.0,0.38182324171066284,0.6010307669639587,0.0,0.17197902500629425,0.0,0.0,0.552496612071991,0.0,0.0,0.0,0.1464446783065796,0.0,0.0,0.048346273601055145,0.0,0.0,0.0,0.13029538094997406,0.12364610284566879,0.0,0.0,0.0,0.0,0.0,0.0,0.0,0.16809120774269104,0.0,0.0,0.0,0.0,0.1036795899271965,0.042029790580272675,0.0817374661564827,0.24362923204898834,0.0,0.25110936164855957,0.13636013865470886,0.0,0.0,118
0,0,0,0,0,2710351.4185144366,0.0,0.0,0.0,0.10100962221622467,0.9060884714126587,0.902218222618103,0.36330389976501465,0.0,0.13145209848880768,0.491195410490036,0.0,0.18284471333026886,0.0,4.501990042626858e-05,0.4817449450492859,0.0,0.0,0.0,0.2629963755607605,0.0,0.0,0.06695970892906189,0.0,0.0,0.0,0.11844172328710556,0.16085828840732574,0.0,0.0,0.0,0.0,0.0,0.0,0.0,0.2087322473526001,0.0,0.0,0.0,0.0,0.1335453987121582,0.02365766651928425,0.07397140562534332,0.19550690054893494,0.0,0.23652219772338867,0.16982293128967285,0.0,0.0,199
0,0,0,0,0,2710384.8515144363,0.445208340883255,0.21468093991279602,0.0,0.0,0.9773051738739014,0.9738187193870544,0.35157379508018494,0.0,0.0,0.0,0.0,0.1266656070947647,0.0,0.0,0.4383123219013214,0.0,0.0,0.0,0.2814405858516693,0.0,0.0,0.08430295437574387,0.0,0.0,0.0,0.09852483123540878,0.21075411140918732,0.0,0.0,0.0,0.0,0.0,0.0,0.0,0.2338508665561676,0.0,0.0,0.0,0.0,0.1585959494113922,0.007317840121686459,0.060838066041469574,0.14569291472434998,0.0,0.22263604402542114,0.1744071990251541,0.0,0.0,243
0,0,0,0,0,2710418.2845144365,0.6760212779045105,0.5689518451690674,0.0,0.0,0.9541177749633789,0.9508505463600159,0.45986074209213257,0.0,0.0,0.0,0.0,0.1809617429971695,0.0,0.0,0.6210466027259827,0.0,0.0,0.0,0.1488359272480011,0.0,0.0,0.10470347106456757,0.0,0.0,0.0,0.03901246562600136,0.27626028656959534,0.0,0.0,0.0,0.0,0.0,0.0,0.0,0.2757144868373871,0.0,0.0,0.0,0.0,0.18463386595249176,0.010336404666304588,0.05266125872731209,0.08926214277744293,0.0,0.21742989122867584,0.17003750801086426,0.0,0.0,366
0,0,0,0,0,2710451.7165144365,0.568047046661377,0.4971260130405426,0.0,0.0,0.95728999376297,0.9549114108085632,0.4204602837562561,0.0,0.0,0.0,0.0,0.17304429411888123,0.0,0.0,0.5265955924987793,0.0,0.0,0.0,0.13655072450637817,0.0,0.0,0.12653733789920807,0.0,0.0,0.0,0.004969657864421606,0.33205273747444153,0.0,0.0,0.0,0.0,0.0,0.0,0.0,0.30208271741867065,0.0,0.0,0.0,0.0,0.19758859276771545,0.043071892112493515,0.05546918138861656,0.03493057191371918,0.0,0.26117581129074097,0.1537947952747345,0.0,0.0,1661
0,0,0,0,0,2710485.1495144363,0.4561046063899994,0.2525821924209595,0.0,0.0,1.0,1.0,0.1353699415922165,0.08704199641942978,0.0,0.0,0.0,0.0,0.0,0.0,0.4660694897174835,0.0,0.0,0.0,0.16792505979537964,0.0,0.0,0.15059825778007507,0.0,0.0,0.0,0.0,0.37969717383384705,0.0,0.0,0.0,0.0,0.0,0.0,0.0,0.32809948921203613,0.0,0.0,0.0,0.0,0.1973242312669754,0.06842319667339325,0.05687588453292847,0.0,0.0,0.25295835733413696,0.12795446813106537,0.0,0.0,3719
0,0,0,0,0,2710518.5825144364,0.5022727251052856,0.24001052975654602,0.0,0.0,1.0,1.0,0.0,0.2359216958284378,0.0,0.0,0.07076314836740494,0.0,0.0,0.0,0.4663247764110565,0.0,0.011483773589134216,0.0,0.22928884625434875,0.0,0.004493548534810543,0.16952992975711823,0.0,0.0,0.01313784159719944,0.0,0.425344318151474,0.0,0.0,0.0,0.0,0.0,0.0,0.0,0.3382582664489746,0.0,0.0,0.0,0.0,0.18467102944850922,0.0906907469034195,0.055804554373025894,0.0,0.0,0.22574704885482788,0.09190580993890762,0.0,0.0,6607
0,0,0,0,0,2710552.015514436,0.5753509402275085,0.5160538554191589,0.0,0.0,1.0,1.0,0.05591529607772827,0.21412290632724762,0.0,0.0,0.0,0.0,0.0,0.0,0.5346373319625854,0.0,0.029822267591953278,0.0,0.22697682678699493,0.0,0.011658433824777603,0.19313564896583557,0.0,0.0,0.030853617936372757,0.0,0.4740655720233917,0.017092810943722725,0.0,0.0,0.0,0.0,0.0,0.0,0.34106916189193726,0.0,0.0,0.0,0.0,0.18940971791744232,0.11164207011461258,0.04348277673125267,0.0,0.0,0.19475555419921875,0.0656832605600357,0.0,0.0,4325
0,0,0,0,0,2710585.447514436,0.7049200534820557,0.6733599305152893,0.0,0.0,1.0,1.0,0.08764135837554932,0.2360692322254181,0.0,0.0,0.0,0.0,0.0,0.0,0.522760808467865,0.0,0.0,0.0,0.1951439529657364,0.0,0.020387351512908936,0.21753740310668945,0.0,0.0,0.02482287585735321,0.0,0.5140901207923889,0.034819118678569794,0.0,0.0,0.0,0.0,0.0,0.0,0.35491904616355896,0.0,0.0,0.0,0.0,0.19193433225154877,0.1316780298948288,0.024236271157860756,0.0009168839314952493,0.0,0.17040672898292542,0.03657844290137291,0.0,0.0,4415
0,0,0,0,0,2710618.8805144364,0.575311541557312,0.48982304334640503,0.0,0.0,1.0,1.0,0.06562267243862152,0.22114883363246918,0.0,0.0,0.0,0.0,0.0,0.0,0.46196773648262024,0.0,0.0,0.0,0.1619153767824173,0.0,0.025135230273008347,0.23789630830287933,0.0,0.0,0.0039046062156558037,0.0,0.5501582622528076,0.040581993758678436,0.0,0.0,0.0,0.0,0.0,0.0,0.34160029888153076,0.0,0.0,0.0,0.0,0.19210265576839447,0.15599805116653442,0.013366463594138622,0.006684483028948307,0.0,0.18797867000102997,0.015352034941315651,0.0,0.0,5308
0,0,0,0,0,2710652.313514436,0.4127919673919678,0.2525376081466675,0.0,0.0,1.0,1.0,0.0,0.17934846878051758,0.0,0.0,0.025790374726057053,0.0,0.0,0.0,0.38563114404678345,0.0,0.0,0.0,0.1963558793067932,0.0,0.032709863036870956,0.2516591548919678,0.0,0.0,0.00794332753866911,0.0,0.5697470307350159,0.04211155325174332,0.0,0.0,0.0,0.0,0.00871902983635664,0.0,0.31498047709465027,0.0,0.0,0.0,0.0,0.18698547780513763,0.15757064521312714,0.014926879666745663,0.0092466464266181,0.0,0.20286773145198822,0.028622537851333618,0.0,0.0,2053
0,0,0,0,0,2710685.7465144363,0.14032214879989624,0.0674579069018364,0.0,0.0,1.0,1.0,0.2989402115345001,0.0,0.0,0.0,0.0,0.12465304136276245,0.0,0.0,0.527751624584198,0.0,0.0,0.0,0.16999351978302002,0.0,0.01815672218799591,0.27250948548316956,0.0,0.0,0.0,0.0,0.5833626389503479,0.04695422574877739,0.0,0.0,0.0,0.0,0.008277012966573238,0.0,0.3295137286186218,0.0,0.0,0.0,0.0,0.19058053195476532,0.16581940650939941,0.03478216007351875,0.0,0.0,0.23355858027935028,0.07781265676021576,0.0,0.0,1277
0,0,0,0,0,2710719.1785144364,0.0,0.0,0.0,0.1020226925611496,1.0,1.0,0.28891661763191223,0.0,0.027841798961162567,0.22875641286373138,0.0,0.10734598338603973,0.0,0.00034109712578356266,0.5330456495285034,0.0,0.0,0.0,0.1978667825460434,0.0,0.0,0.28059276938438416,0.0,0.0,0.0,0.0,0.544012725353241,0.047350820153951645,0.0,0.0,0.0,0.0,0.0013044836232438684,0.0007684544543735683,0.3412626087665558,0.0,0.0,0.0,0.0,0.17457517981529236,0.13332068920135498,0.02291196584701538,0.0,0.0,0.2064608335494995,0.09236571192741394,0.0,0.0,1622
0,0,0,0,0,2710752.6115144365,0.0,0.0,0.0,0.07040604203939438,0.9943714737892151,0.9906140565872192,0.3123292922973633,0.0,0.08444300293922424,0.3355029225349426,0.0,0.11614380031824112,0.0,5.551909998757765e-05,0.5061653256416321,0.0,0.0,0.0,0.18903781473636627,0.0,0.0,0.2874279022216797,0.0,0.0,0.0,0.0,0.491204172372818,0.041143640875816345,0.0,0.0,0.0,0.0,0.010145631618797779,0.0037346601020544767,0.34562093019485474,0.0,0.0,0.0017615229589864612,0.0,0.1841678023338318,0.11836876720190048,0.020161759108304977,0.0,0.0,0.22144797444343567,0.11478262394666672,0.0,0.0,1920
0,0,0,0,0,2710786.0445144363,0.0,0.0,0.0,0.20539802312850952,0.9338125586509705,0.9309454560279846,0.41317763924598694,0.0,0.14371804893016815,0.6539216041564941,0.0,0.22820524871349335,0.0,0.0003313533670734614,0.4577217400074005,0.0,0.0,0.0,0.23885223269462585,0.0,0.0,0.2845396101474762,0.0,0.016379179432988167,0.0,0.05422816053032875,0.36158260703086853,0.05038638040423393,0.0,0.0,0.0,0.0,0.0,0.010541697964072227,0.28424912691116333,0.0,0.0,0.0031701347324997187,0.0,0.18926021456718445,0.1085815578699112,0.02258419245481491,0.0,0.0,0.22685150802135468,0.13861599564552307,0.0,0.0,2827
0,0,0,0,0,2710819.4775144365,0.0,0.0,0.0,0.07232693582773209,0.9376512169837952,0.9345271587371826,0.3457843065261841,0.0,0.24622876942157745,0.5409741997718811,0.0,0.1571940928697586,0.0,0.0,0.4497848451137543,0.0,0.0,0.0,0.19490720331668854,0.0,0.006359357852488756,0.28108909726142883,0.0,0.0,0.011433042585849762,0.0,0.29555922746658325,0.04744359850883484,0.0,0.0,0.0,0.0,0.03029373660683632,0.029628625139594078,0.26157036423683167,0.0,0.0,0.0,0.0,0.19617420434951782,0.07081911712884903,0.009876442141830921,0.0,0.0,0.24095690250396729,0.19783218204975128,0.0,0.0,1057
0,0,0,0,0,2710852.9095144365,0.0,0.0,0.0,0.12629801034927368,0.9193074703216553,0.9149562120437622,0.33648136258125305,0.0,0.2267252802848816,0.5866422057151794,0.0,0.13930751383304596,0.0,0.00015347042062785476,0.3869457542896271,0.0,0.0,0.0,0.2101617455482483,0.0,0.0,0.2759789824485779,0.0,0.0,0.0,0.007506553083658218,0.22470955550670624,0.03303346410393715,0.0,0.0,0.0,0.0,0.03823592886328697,0.05218754708766937,0.22254978120326996,0.0,0.0,0.0,0.0,0.20848792791366577,0.03541529178619385,0.0,0.00043095878208987415,0.0,0.26023125648498535,0.18171225488185883,0.0,0.0,784
0,0,0,0,0,2710886.3745144363,0.0,0.0,0.0,0.060315851122140884,0.914583683013916,0.9108731150627136,0.34332501888275146,0.0,0.30493420362472534,0.6141893267631531,0.0,0.14793571829795837,0.0,3.378609835635871e-05,0.41956061124801636,0.0,0.0,0.0,0.24545451998710632,0.0,0.0,0.2705278694629669,0.0,0.006215216126292944,0.0,0.0,0.1590280830860138,0.027513660490512848,0.0,0.0,0.0,0.0,0.03232916444540024,0.08941332995891571,0.21896104514598846,0.0,0.0,0.0,0.0,0.22125670313835144,0.04703828692436218,0.007967513054609299,0.0,0.0,0.2731162905693054,0.20690010488033295,0.0,0.0,1102
0,0,0,0,0,2710919.8385144365,0.0,0.0,0.0,0.0037834919057786465,0.9179105758666992,0.9130579829216003,0.3386204242706299,0.0,0.22320160269737244,0.5676358938217163,0.0,0.15168355405330658,0.0,0.0,0.521796703338623,0.0,0.0,0.0,0.19105835258960724,0.0,0.0,0.2829572260379791,0.0005669466336257756,0.008965196087956429,0.0,0.0,0.13443194329738617,0.042785756289958954,0.0,0.0,0.0,0.0,0.02951299212872982,0.13905885815620422,0.26925721764564514,0.0,0.0,0.0,0.0,0.24198219180107117,0.05828939378261566,0.015169206075370312,0.0,0.0,0.2714509665966034,0.2563757598400116,0.0,0.0,1780
0,0,0,0,0,2710953.3355144365,0.0,0.0,0.0,0.2674758732318878,0.9142403602600098,0.9103582501411438,0.3427489995956421,0.0,0.20717987418174744,0.704027533531189,0.0,0.1504610776901245,0.0,0.0002726031525526196,0.5028830766677856,0.0,0.04538063332438469,0.0,0.23218639194965363,0.0,0.0,0.274227499961853,0.0,0.017843717709183693,0.0,0.02564513124525547,0.051924072206020355,0.03503788262605667,0.0,0.0,0.0,0.0,0.009733373299241066,0.20459014177322388,0.3115636110305786,0.0,0.0,0.0,0.0,0.2195538580417633,0.08199939131736755,0.006752343848347664,0.006017545238137245,0.0,0.23578153550624847,0.2424449473619461,0.0,0.0,683
0,0,0,0,0,2710986.8315144363,0.0,0.0,0.0,0.29630303382873535,0.9032118916511536,0.8986715078353882,0.3304174542427063,0.0,0.2361370176076889,0.6823998093605042,0.0,0.14065398275852203,0.0,6.681697414023802e-05,0.5135402679443359,0.0,0.007221819367259741,0.0,0.21526166796684265,0.0,0.0,0.2703210711479187,0.0,0.024682966992259026,0.0,0.0034802027512341738,0.0,0.012592517770826817,0.0,0.0,0.0,0.0,0.0,0.25507208704948425,0.32545074820518494,0.0,0.0,0.0,0.0,0.22372598946094513,0.07586763054132462,0.0,0.0,0.0,0.2278698980808258,0.2044842690229416,0.0,0.0,128
0,0,0,0,0,2711020.3915144363,0.0,0.0,0.0,0.2214203029870987,0.902852475643158,0.8986340761184692,0.3258592486381531,0.0,0.25853899121284485,0.6337626576423645,0.0,0.1405242532491684,0.0,1.0337696949136443e-05,0.5135664343833923,0.0,0.0,0.0,0.17628979682922363,0.0,0.0,0.26810866594314575,0.0,0.015229620039463043,0.0,0.0,0.0,0.0,0.0,0.0,0.0,0.0,0.008047996088862419,0.2848188877105713,0.33559778332710266,0.0,0.0,0.0,0.0,0.21284691989421844,0.07259681820869446,0.00311836670152843,0.0,0.0,0.22375227510929108,0.20558464527130127,0.0,0.0,903
0,0,0,0,0,2711053.9505144362,0.0,0.0,0.0,0.21422706544399261,0.8905466198921204,0.8861079216003418,0.32783597707748413,0.0,0.2471792846918106,0.5764687061309814,0.0,0.1283789575099945,0.0,3.737418956006877e-05,0.4973221719264984,0.0,0.0,0.0,0.18036048114299774,0.0,0.0,0.26469239592552185,0.0,0.0,0.01166875846683979,0.0,0.0,0.0,0.0,0.0,0.0,0.0,0.022540608420968056,0.29087579250335693,0.34220677614212036,0.0,0.0,0.0,0.0,0.19104930758476257,0.06810963153839111,0.0,0.0,0.0,0.2170044630765915,0.21166713535785675,0.0,0.0,449
0,0,0,0,0,2711087.5425144364,0.0,0.0,0.0,0.189822718501091,0.8847959637641907,0.8808056116104126,0.3054826557636261,0.0,0.3294101059436798,0.6229581832885742,0.0,0.10603033751249313,0.0,7.168234878918156e-05,0.48199722170829773,0.0,0.01523819100111723,0.0,0.1518474519252777,0.0,0.0037501894403249025,0.2654528021812439,0.0,0.0,0.06146032363176346,0.0,0.013410504907369614,0.0,0.0,0.0,0.0,0.0,0.04852178320288658,0.2801644504070282,0.3152499198913574,0.0,0.0,0.0,0.0,0.19332574307918549,0.05294091999530792,0.0,0.0,0.0,0.19751903414726257,0.19790761172771454,0.0,0.0,590
0,0,0,0,0,2711121.1335144364,0.0,0.0,0.0,0.2513072192668915,0.8725060820579529,0.8687146306037903,0.3156006336212158,0.0,0.34007155895233154,0.640373170375824,0.0,0.11917389184236526,0.0,8.230478852055967e-05,0.4555300176143646,0.0,0.0014240791788324714,0.0,0.2001463919878006,0.0,0.0,0.2643340528011322,0.0,0.007824190892279148,0.021000521257519722,0.0,0.0,0.0,0.003635532222688198,0.0,0.0,0.0,0.0660538449883461,0.278160035610199,0.29286038875579834,0.0,0.0,0.0,0.0,0.19365395605564117,0.0477423220872879,0.0005613557295873761,0.0,0.0,0.19926171004772186,0.19282518327236176,0.0,0.0,427
0,0,0,0,0,2711154.725514436,0.0,0.0,0.0,0.03863442689180374,0.8857943415641785,0.8807662129402161,0.2954326868057251,0.0,0.13934114575386047,0.5379025936126709,0.0,0.10867498815059662,0.0,0.0,0.5443604588508606,0.0,0.0,0.0,0.10182937234640121,0.0,0.0,0.2920444905757904,0.0025896138977259398,0.025126570835709572,0.0,0.0,0.024882543832063675,0.0016553575405851007,0.0,0.0,0.0,0.0,0.04667377471923828,0.27735036611557007,0.34613755345344543,0.0,0.0,0.01742458902299404,0.0,0.2494024932384491,0.06966731697320938,0.02680027298629284,0.0,0.0,0.2140830010175705,0.2632797956466675,0.0,0.0,1518
0,0,0,0,0,2711188.316514436,0.0,0.0,0.0,0.27327701449394226,0.8717283606529236,0.8657705187797546,0.2352343499660492,0.0,0.15261003375053406,0.7129426002502441,0.0,0.040821511298418045,0.0,0.0002977867261506617,0.46241503953933716,0.0,0.03622473031282425,0.0,0.19308540225028992,0.0,0.0,0.3035406172275543,0.003382170805707574,0.040391962975263596,0.0,0.0,0.05268140137195587,0.0,0.0,0.0,0.0,0.0,0.042621809989213943,0.26210692524909973,0.3485182821750641,0.0,0.0,0.0050845518708229065,0.0,0.20742729306221008,0.05352602154016495,0.007026681210845709,0.0,0.0,0.20935460925102234,0.2786741852760315,0.0,0.0,617
0,0,0,0,0,2711221.9085144363,0.0,0.0,0.0,0.1041109710931778,0.8791124820709229,0.8734613060951233,0.24089542031288147,0.0,0.15415215492248535,0.5737150311470032,0.0,0.052049215883016586,0.0,0.0,0.45615363121032715,0.0,0.0,0.0,0.14059583842754364,0.0,0.0,0.32539767026901245,0.004675557371228933,0.037692442536354065,0.0,0.0,0.07534746825695038,0.0,0.0,0.0,0.0,0.0,0.05420153960585594,0.26082727313041687,0.4215241074562073,0.0,0.0,0.011195803992450237,0.0,0.2527094781398773,0.05168512836098671,0.028218448162078857,0.0,0.0,0.2374570667743683,0.2806817293167114,0.0,0.0,367
0,0,0,0,0,2711255.4995144363,0.0,0.0,0.0,0.1864360123872757,0.8702347874641418,0.8651834726333618,0.26764872670173645,0.0,0.2876228988170624,0.6289463639259338,0.0,0.06843627989292145,0.0,0.00014615354302804917,0.4530090093612671,0.0,0.007779970299452543,0.0,0.2010517418384552,0.0,0.0,0.3294279873371124,0.003080436959862709,0.04265347123146057,0.0,0.0031545432284474373,0.05547969788312912,0.0,0.0,0.0,0.0,0.0,0.050250474363565445,0.24429170787334442,0.44039690494537354,0.0,0.0,0.006841634400188923,0.0,0.2732040584087372,0.06335010379552841,0.039841096848249435,6.869536446174607e-05,0.0,0.24773703515529633,0.25547701120376587,0.0,0.0,663
0,0,0,0,0,2711289.123514436,0.0,0.0,0.0,0.1529598832130432,0.8698371052742004,0.8640473484992981,0.28640055656433105,0.0,0.16362133622169495,0.5742160677909851,0.0,0.08879605680704117,0.0,1.1753118087654002e-05,0.5409740209579468,0.0,0.007600764743983746,0.0,0.1934269368648529,0.0,0.0,0.33904537558555603,0.003878258401528001,0.04719744250178337,0.0,0.0,0.08491292595863342,0.0,0.0,0.0,0.0,0.0,0.039176929742097855,0.22769394516944885,0.4821728467941284,0.0,0.0,0.0,0.0,0.2716774642467499,0.07764873653650284,0.061242882162332535,0.0,0.0,0.24462871253490448,0.26312869787216187,0.0,0.0,1549
0,0,0,0,0,2711322.7465144363,0.0,0.0,0.0,0.0,0.9099619388580322,0.9051452875137329,0.320792019367218,0.0,0.12815716862678528,0.42599764466285706,0.0,0.13331866264343262,0.0,0.0,0.627602219581604,0.0,0.0,0.0,0.14617447555065155,0.007436859421432018,0.0,0.3546944856643677,0.006791415624320507,0.027007604017853737,0.0,0.0,0.1431237906217575,0.003265158971771598,0.0,0.0,0.0,0.0,0.06054550036787987,0.21050487458705902,0.5357190370559692,0.0,0.0,0.0016526113031432033,0.0,0.27493441104888916,0.10545136034488678,0.09520834684371948,0.0,0.0,0.2526630461215973,0.3150727152824402,0.0,0.0,960
0,0,0,0,0,2711356.3695144365,0.0,0.0,0.0,0.024713184684515,0.9137589931488037,0.9085363745689392,0.3293032944202423,0.0,0.1745060682296753,0.4771984815597534,0.0,0.1380048543214798,0.0,0.00011472970072645694,0.5877643823623657,0.0,0.0,0.0,0.1768975406885147,0.01817663013935089,0.0,0.34753575921058655,0.005200941581279039,0.0025110291317105293,0.0,0.0,0.12719956040382385,0.005454028490930796,0.01537493709474802,0.0,0.0,0.0,0.10572657734155655,0.1951768696308136,0.49125465750694275,0.0,0.0,0.0047220271080732346,0.0,0.2674269378185272,0.1124943420290947,0.0602564737200737,0.0,0.0,0.24462054669857025,0.33171045780181885,0.0,0.0,699
0,0,0,0,0,2711389.992514436,0.0,0.0,0.0,0.21583320200443268,0.9010452032089233,0.8967260718345642,0.3201647698879242,0.0,0.29798418283462524,0.5091939568519592,0.0,0.1235666498541832,0.0,0.00013614160707220435,0.5196163058280945,0.0,0.030040699988603592,0.0,0.19926245510578156,0.02331133745610714,0.0,0.32318636775016785,0.0,0.0,0.0,0.0,0.07004446536302567,0.0,0.03388682007789612,0.0,0.0,0.0,0.16703252494335175,0.1859399825334549,0.3882404863834381,0.0,0.0,0.009170673787593842,0.0,0.2639768719673157,0.08942832797765732,0.012187512591481209,0.0014490236062556505,0.0,0.22559036314487457,0.2870219051837921,0.0,0.0,1451
0,0,0,0,0,2711423.6165144364,0.0,0.0,0.0,0.0447520911693573,0.8929818272590637,0.8890800476074219,0.33497050404548645,0.0,0.19362793862819672,0.4337901771068573,0.0,0.1471118927001953,0.0,0.0,0.5597414970397949,0.0,0.0,0.0,0.19544869661331177,0.025683071464300156,0.0,0.3011605143547058,0.0,0.0,0.0,0.0,0.01218496635556221,0.0039772395975887775,0.0,0.0,0.0,0.0,0.22742938995361328,0.1979576200246811,0.32483139634132385,0.0,0.0,0.011915929615497589,0.0,0.24602437019348145,0.06206672266125679,0.02208692580461502,0.0,0.0,0.2213900089263916,0.2964836657047272,0.0,0.0,977
0,0,0,0,0,2711457.2395144366,0.0,0.0,0.0,0.12776386737823486,0.885344922542572,0.8813462853431702,0.3318684697151184,0.0,0.24550305306911469,0.48272261023521423,0.0,0.13424450159072876,0.0,0.00013643951388075948,0.4617137014865875,0.0,0.0,0.0,0.20669163763523102,0.023732207715511322,0.0,0.28089001774787903,0.0,0.0,0.02386690117418766,0.0,0.0,0.0,0.006131799425929785,0.0,0.0,0.0,0.2857750654220581,0.23227502405643463,0.30263426899909973,0.0,0.0,0.02229398861527443,0.0,0.26563289761543274,0.0316438153386116,0.039699602872133255,0.0,0.0,0.2170097529888153,0.29322120547294617,0.0,0.0,2616
0,0,0,0,0,2711490.8625144362,0.0,0.0,0.0,0.00017121191194746643,0.8877505660057068,0.8834851384162903,0.3065522611141205,0.0,0.16441181302070618,0.4765339195728302,0.0,0.11920987814664841,0.0,1.0700654456741177e-05,0.5458537936210632,0.0,0.0,0.0,0.18164387345314026,0.01695324294269085,0.0,0.26595309376716614,0.0,0.0,0.02585628256201744,0.0,0.0,0.0,0.0,0.0,0.0,0.0,0.3395020663738251,0.27290618419647217,0.32688331604003906,0.0,0.0,0.025201192125678062,0.0,0.29167261719703674,0.0,0.05870697274804115,0.0,0.0,0.248891681432724,0.30242106318473816,0.0,0.0,4210
0,0,0,0,0,2711524.4855144364,0.0,0.0,0.0,0.0,0.8955033421516418,0.8905504941940308,0.2881964445114136,0.0,0.07134569436311722,0.33443397283554077,0.0,0.1163615807890892,0.0,0.0,0.6323084831237793,0.0,0.0,0.0,0.17305491864681244,0.011349675245583057,0.0,0.2569350600242615,0.0,0.0,0.007322679739445448,0.0,0.0,0.0,0.0,0.0,0.0,0.0,0.37456056475639343,0.32344794273376465,0.3655815124511719,0.0,0.0,0.0198263768106699,0.0,0.3158455193042755,1.9030110706808046e-05,0.08875927329063416,0.0,0.0,0.2360372096300125,0.33196520805358887,0.0,0.0,5378
0,0,0,0,0,2711558.109514436,0.0,0.0,0.0,0.08189457654953003,0.8830472230911255,0.8786274790763855,0.3141794800758362,0.0,0.2220754772424698,0.429945170879364,0.0,0.1210428774356842,0.0,0.00015700809308327734,0.591148316860199,0.0,0.007656877860426903,0.0,0.21910488605499268,0.004001537803560495,0.0,0.23656652867794037,0.0,0.0028260371182113886,0.0,0.0,0.0,0.0,0.03606060519814491,0.0,0.0,0.0,0.39012229442596436,0.37706655263900757,0.3087479770183563,0.0,0.0,0.0,0.0,0.2885744571685791,0.0,0.08550892025232315,0.0,0.0,0.21926657855510712,0.3189236521720886,0.0,0.0,822
0,0,0,0,0,2711591.7325144364,0.0,0.0,0.0,0.10420935600996017,0.8892496228218079,0.8846773505210876,0.3364174962043762,0.0,0.17724871635437012,0.4524025619029999,0.0,0.13922838866710663,0.0,7.398023444693536e-05,0.5734228491783142,0.0,0.0,0.0,0.25154122710227966,0.0,0.0,0.22742445766925812,0.0,0.001921968418173492,0.0,0.0,0.0,0.0,0.037849005311727524,0.0,0.0,0.0,0.3925047218799591,0.4447503685951233,0.3081713914871216,0.0,0.0,0.0,0.0,0.3090526759624481,0.0,0.06349789351224899,0.0,0.0,0.21613138914108276,0.3072998523712158,0.0,0.0,577
0,0,0,0,0,2711625.3555144365,0.0,0.0,0.0,0.13979360461235046,0.8831754326820374,0.8786522746086121,0.3113381564617157,0.0,0.24875450134277344,0.4963268041610718,0.0,0.1137004941701889,0.0,7.991505117388442e-05,0.5406287908554077,0.0,0.0,0.0,0.24183180928230286,0.0,0.004829546436667442,0.2112840712070465,0.0,0.0,0.03619568049907684,0.0,0.0,0.0,0.02564900554716587,0.0,0.0,0.0,0.37933406233787537,0.4851621687412262,0.2943567931652069,0.0,0.0,0.0,0.0,0.31237947940826416,0.0,0.04277188330888748,0.0,0.0,0.1814819872379303,0.3107278347015381,0.0,0.0,729
0,0,0,0,0,2711658.978514436,0.0,0.0,0.0,0.0,0.8841914534568787,0.8797544240951538,0.2980497181415558,0.0,0.16510403156280518,0.2825084626674652,0.0,0.12864965200424194,0.0,0.0,0.6017218232154846,0.0,0.0,0.0,0.17213734984397888,0.0,0.00120192498434335,0.206607848405838,0.0,0.0,0.04026427119970322,0.0,0.0,0.0,0.005377727095037699,0.0,0.0,0.0,0.3694269359111786,0.5176498293876648,0.3153371810913086,0.0,0.0,0.0016263793222606182,0.0,0.3385106921195984,0.0,0.044790420681238174,0.0,0.0,0.20491237938404083,0.3218396008014679,0.0,0.0,976
0,0,0,0,0,2711726.225514436,0.0,0.0,0.0,0.08264540135860443,0.8632234930992126,0.8589622378349304,0.3109596371650696,0.0,0.20502831041812897,0.39464429020881653,0.0,0.13331329822540283,0.0,0.00015037010598462075,0.5230754017829895,0.0,0.0,0.0,0.15781733393669128,0.0,0.0,0.19049477577209473,0.0,0.0,0.05625344440340996,0.0,0.0,0.0,0.017275892198085785,0.0,0.0,0.0,0.34463998675346375,0.5290558338165283,0.3094073235988617,0.0,0.0,0.0,0.0,0.31744641065597534,0.0,0.06369724869728088,0.0,0.0,0.20426329970359802,0.3144688606262207,0.0,0.0,447
0,0,0,0,0,2711827.0955144363,0.0,0.0,0.0,0.08389691263437271,0.8379630446434021,0.8341328501701355,0.3193191587924957,0.0,0.23059327900409698,0.5961717367172241,0.0,0.13190531730651855,0.0,0.00019648550369311124,0.45799461007118225,0.0,0.0,0.0,0.20149460434913635,0.0,0.00022109907877165824,0.1749470829963684,0.0,0.0,0.0949973538517952,0.0,0.0,0.0,0.03895210847258568,0.0037912349216639996,0.0,0.0,0.3077128231525421,0.5343787670135498,0.2529083490371704,0.0,0.0,0.0,0.0,0.3140324652194977,0.0,0.10012465715408325,0.0,0.0,0.18602700531482697,0.2707706093788147,0.0,0.0,1570
0,0,0,0,0,2711860.7185144364,0.0,0.0,0.0,0.011500776745378971,0.8446084856987,0.8397419452667236,0.3074440062046051,0.0,0.1934174746274948,0.4133666157722473,0.0,0.1185130849480629,0.0,0.0,0.5434913635253906,0.0,0.0,0.0,0.1731167435646057,0.0,0.0,0.1694992631673813,0.0,0.0,0.10598091036081314,0.0,0.0,0.0,0.013112255372107029,0.0,0.0,0.0,0.26815468072891235,0.540429949760437,0.2792898714542389,0.0,0.0,0.0,0.0,0.3192093074321747,0.0,0.12846416234970093,0.0,0.0,0.1876516491174698,0.23660807311534882,0.0,0.0,11261
0,0,0,0,0,2711894.3415144365,0.0,0.0,0.0,0.06664663553237915,0.8371094465255737,0.832435131072998,0.3048483431339264,0.0,0.2507917582988739,0.4404786229133606,0.0,0.11280959844589233,0.0,7.662655116291717e-05,0.5783553719520569,0.0,0.0,0.0,0.17423102259635925,0.0,0.0,0.16321077942848206,0.0,0.0,0.13150998950004578,0.0,0.0,0.0,0.011359925381839275,0.0,0.0,0.0,0.22303840517997742,0.5332208275794983,0.2978326380252838,0.0,0.0,0.0,0.0,0.3271944522857666,0.0,0.14412839710712433,0.0,0.0,0.14527851343154907,0.22648005187511444,0.0,0.0,11865
0,0,0,0,0,2711927.9335144362,0.0,0.0,0.0,0.003955701366066933,0.8414609432220459,0.8376148343086243,0.31482741236686707,0.0,0.2628958523273468,0.4168916940689087,0.0,0.12261687964200974,0.0,0.0,0.4780137836933136,0.0,0.0,0.0,0.16337904334068298,0.0,0.0013406093930825591,0.16017325222492218,0.0,0.0,0.1501384675502777,0.0,0.0,0.0,0.0033279545605182648,0.007076410111039877,0.0,0.0,0.1729639172554016,0.5103582143783569,0.29746708273887634,0.0,0.0,0.0,0.0,0.3317393660545349,0.0,0.15440914034843445,0.0,0.0,0.178958460688591,0.19183218479156494,0.0,0.0,11344
0,0,0,0,0,2711961.5245144363,0.0,0.0,0.0,0.0,0.8320744037628174,0.8281685709953308,0.3235645592212677,0.0,0.23659838736057281,0.4205654561519623,0.0,0.13415385782718658,0.0,0.0,0.4171472489833832,0.0,0.0,0.0,0.17306877672672272,0.0,0.0,0.15858665108680725,0.0,0.0,0.1437423676252365,0.0,0.0,0.0,0.005936846602708101,0.0,0.0,0.0,0.1238493025302887,0.4780704379081726,0.29931187629699707,0.0,0.0,0.0,0.0,0.3372722268104553,0.0,0.16300813853740692,0.0,0.0,0.19476759433746338,0.19310183823108673,0.0,0.0,7371
0,0,0,0,0,2711995.315946678,0.0,0.0,0.0,0.18792131543159485,0.8121817708015442,0.8077349662780762,0.33220627903938293,0.0,0.22162358462810516,0.5264849066734314,0.0,0.13296334445476532,0.0,0.00022421678295359015,0.4842265546321869,0.0,0.0,0.0,0.24069462716579437,0.0,0.0,0.15498708188533783,0.0,0.0,0.13387198746204376,0.0,0.0,0.0,0.023683827370405197,0.0004471221473067999,0.0,0.0,0.08078881353139877,0.43758833408355713,0.28185218572616577,0.0,0.0,0.0,0.0,0.33041128516197205,0.0,0.16183899343013763,0.0,0.0,0.17425942420959473,0.19014260172843933,0.0,0.0,8574
0,0,0,0,0,2712028.843946678,0.0,0.0,0.0,0.1508161723613739,0.7962788939476013,0.7923749089241028,0.33754968643188477,0.0,0.25572749972343445,0.4338938891887665,0.0,0.1354270726442337,0.0,0.0,0.548052191734314,0.0,0.0,0.0,0.18591758608818054,0.0,0.0,0.1576937884092331,0.0,0.0,0.13636620342731476,0.0,0.0,0.0,0.019891144707798958,0.0,0.0,0.0,0.05213947594165802,0.3992646038532257,0.2925046384334564,0.0,0.0,0.0,0.0,0.3297111392021179,0.0,0.17198726534843445,0.0,0.0,0.15059472620487213,0.18312786519527435,0.0,0.0,7518
0,0,0,0,0,2712062.3089466784,0.0,0.0,0.0,0.0,0.798237144947052,0.7935594916343689,0.32971522212028503,0.0,0.08814667165279388,0.1971101611852646,0.0,0.14450637996196747,0.0,0.0,0.6284643411636353,0.0,0.0,0.0,0.15423496067523956,0.001308071194216609,0.0,0.17038092017173767,0.0,0.0,0.12086053937673569,0.0,0.0,0.0,0.0,0.0,0.0,0.0,0.030819576233625412,0.36278772354125977,0.3856681287288666,0.0,0.0,0.0,0.0,0.33684200048446655,0.0,0.22290994226932526,0.0,0.0,0.20767302811145782,0.24472834169864655,0.0,0.0,8218
0,0,0,0,0,2712095.685429589,0.0,0.0,0.0,0.056762389838695526,0.7946920990943909,0.7898174524307251,0.3328433334827423,0.0,0.13327035307884216,0.2158937007188797,0.0,0.1345914602279663,0.0,6.784018478356302e-05,0.5454230904579163,0.0,0.0,0.0,0.16248929500579834,1.1450926649558824e-05,0.0,0.17180109024047852,0.0,0.0,0.11697633564472198,0.0,0.0,0.0,0.00480867363512516,0.009344721212983131,0.0,0.0,0.01596265658736229,0.32726895809173584,0.3733694553375244,0.0,0.0,0.0,0.0,0.30048757791519165,0.0,0.24187269806861877,0.0,0.0,0.2310182750225067,0.23807822167873383,0.0,0.0,5931
0,0,0,0,0,2712129.150429589,0.0,0.0,0.0,0.08320996910333633,0.813869297504425,0.8077117800712585,0.29462963342666626,0.0,0.07592083513736725,0.3388320207595825,0.0,0.09936542063951492,0.0,0.00010375269630458206,0.6163433194160461,0.0,0.01099772285670042,0.0,0.21609948575496674,0.004013511817902327,0.0,0.17467573285102844,0.0,0.010528282262384892,0.06549664586782455,0.0,0.0,0.0,0.010498244315385818,0.0,0.0,0.0,0.012888964265584946,0.29227617383003235,0.36013615131378174,0.0,0.0,0.005937161389738321,0.0,0.2829527258872986,0.014777947217226028,0.24662284553050995,0.0,0.0,0.22733910381793976,0.247792050242424,0.0,0.0,9214
0,0,0,0,0,2712162.614429589,0.0,0.0,0.0,0.10691488534212112,0.8003544807434082,0.7962670922279358,0.31431084871292114,0.0,0.20965303480625153,0.37393319606781006,0.0,0.1160963773727417,0.0,7.35675566829741e-05,0.4869883358478546,0.0,0.0,0.0,0.24139778316020966,0.0017504722345620394,0.0,0.17453552782535553,0.0,0.009555436670780182,0.07572810351848602,0.0,0.0,0.0,0.038508959114551544,0.003264471422880888,0.0,0.0,0.023445501923561096,0.260728657245636,0.33689701557159424,0.0,0.0,0.0,0.0,0.26766282320022583,0.0,0.22539062798023224,0.0,0.0,0.21241502463817596,0.21090850234031677,0.0,0.0,13884
0,0,0,0,0,2712196.079429589,0.0,0.0,0.0,0.07682589441537857,0.8023792505264282,0.7973697781562805,0.30182763934135437,0.0,0.17096753418445587,0.35525989532470703,0.0,0.1073746532201767,0.0,1.182505366159603e-05,0.4573853611946106,0.0,0.0,0.0,0.22020885348320007,0.0,0.0005612564855255187,0.17457081377506256,0.0,0.0,0.0910365954041481,0.0,0.0,0.0,0.016481488943099976,0.0,0.0,0.0,0.03993722051382065,0.22949737310409546,0.3133280873298645,0.0,0.0,0.0,0.0,0.2650640606880188,0.0,0.23038269579410553,0.0,0.0,0.23265527188777924,0.19933784008026123,0.0,0.0,4979
0,0,0,0,0,2712229.543429589,0.0,0.0,0.0,0.06248295679688454,0.8036583662033081,0.7977560758590698,0.2850213944911957,0.0,0.05342482775449753,0.3470395803451538,0.0,0.09472256153821945,0.0,5.5909469665493816e-05,0.5158385634422302,0.0,0.0,0.0,0.19530004262924194,0.0,0.00043757943785749376,0.17713132500648499,0.0,0.0,0.10231245309114456,0.0,0.0,0.0,0.0,0.0,0.0,0.0,0.058246415108442307,0.1978105902671814,0.3554346263408661,0.0,0.0,0.0,0.0,0.263771653175354,0.0,0.23194505274295807,0.0,0.0,0.23050424456596375,0.2102290540933609,0.0,0.0,3441
0,0,0,0,0,2712263.008429589,0.0,0.0,0.0,0.10990336537361145,0.805220901966095,0.799440860748291,0.2908337712287903,0.0,0.11081700772047043,0.40055468678474426,0.0,0.10027843713760376,0.0,9.764015703694895e-05,0.5697525143623352,0.0,0.008737466298043728,0.0,0.23916533589363098,0.0,0.0,0.17186111211776733,0.0,0.0,0.11262878030538559,0.0,0.0,0.0,0.0,0.0,0.0,0.0,0.07789143174886703,0.17094740271568298,0.3585120141506195,0.0,0.0,0.0,0.0,0.25370410084724426,0.0032199614215642214,0.2369672656059265,0.0,0.0,0.2099243700504303,0.19017668068408966,0.0,0.0,8530
0,0,0,0,0,2712296.472429589,0.0,0.0,0.0,0.06322101503610611,0.8023731708526611,0.7966011166572571,0.28894245624542236,0.0,0.13916240632534027,0.26123568415641785,0.0,0.09752503037452698,0.0,0.0,0.5627682209014893,0.0,0.0,0.0,0.20382794737815857,0.001421926892362535,0.0,0.16443152725696564,0.0,0.0,0.11283912509679794,0.0,0.0,0.0,0.0,0.0,0.0,0.0,0.10477578639984131,0.16530576348304749,0.37365859746932983,0.0,0.0,0.0,0.0,0.23714520037174225,0.0,0.228461354970932,0.0,0.0,0.18358075618743896,0.19068416953086853,0.0,0.0,9242
0,0,0,0,0,2712329.937429589,0.0,0.0,0.0,0.05062008649110794,0.8121907114982605,0.8070827126502991,0.31580808758735657,0.0,0.18057900667190552,0.2929990589618683,0.0,0.12372329086065292,0.0,4.786450517713092e-05,0.5523187518119812,0.0,0.0,0.0,0.19973599910736084,0.000431910710176453,0.0,0.15810048580169678,0.0,0.0,0.11106836050748825,0.0,0.0,0.0,0.0,0.0,0.0,0.0,0.12550389766693115,0.16342604160308838,0.36979904770851135,0.0,0.0,0.0,0.0,0.22351939976215363,0.0,0.22778402268886566,0.0,0.0,0.17794138193130493,0.16495837271213531,0.0,0.0,4217
0,0,0,0,0,2712363.401429589,0.0,0.0,0.0,0.05732617899775505,0.8186867237091064,0.8150544166564941,0.3647530674934387,0.0,0.2328532189130783,0.3231830596923828,0.0,0.1697259396314621,0.0,2.081215825455729e-05,0.512704610824585,0.0,0.0,0.0,0.19980619847774506,0.0,0.0017084669088944793,0.15439064800739288,0.0,0.0,0.13458067178726196,0.0,0.0,0.0,0.0,0.0,0.0,0.0,0.13847103714942932,0.16418296098709106,0.392927348613739,0.0,0.0,0.0,0.0,0.204480841755867,0.0,0.21223412454128265,0.0,0.0,0.17899805307388306,0.12728145718574524,0.0,0.0,749
0,0,0,0,0,2712396.866429589,0.0,0.0,0.0,0.047806985676288605,0.8104526996612549,0.8051893711090088,0.3499421775341034,0.0,0.13956455886363983,0.3922148048877716,0.0,0.16237497329711914,0.0,8.538200927432626e-05,0.5654389262199402,0.0,0.0,0.0,0.2174961417913437,0.0,0.0,0.15885215997695923,0.0,0.0,0.1218477189540863,0.0,0.0,0.0,0.0,0.0,0.0,0.0,0.13622573018074036,0.14429350197315216,0.35491546988487244,0.0,0.0,0.0,0.0,0.1769292801618576,0.0,0.20459367334842682,0.0,0.0,0.18915939331054688,0.14615973830223083,0.0,0.0,1641
0,0,0,0,0,2712430.330429589,0.0,0.0,0.0,0.012288491241633892,0.8054369688034058,0.8022878170013428,0.35617688298225403,0.0,0.29034218192100525,0.3799760937690735,0.0,0.1563335508108139,0.0,6.597431365662487e-06,0.45434635877609253,0.0,0.0,0.0,0.23591454327106476,0.0,0.0028524419758468866,0.16150011122226715,0.0,0.0,0.1764621138572693,0.0,0.0,0.0,0.005053212866187096,0.03286604583263397,0.0,0.0020398604683578014,0.13630817830562592,0.12037274986505508,0.30603134632110596,0.0013868736568838358,0.0,0.0,0.0,0.12948161363601685,0.0,0.1861223429441452,0.011792846024036407,0.0,0.2084873765707016,0.12290231883525848,0.0,0.0,4160
0,0,0,0,0,2712463.795429589,0.0,0.0,0.0,0.0952695980668068,0.7864426374435425,0.7829164862632751,0.35673320293426514,0.0,0.2368464171886444,0.41325801610946655,0.0,0.16114458441734314,0.0,0.00010169314919039607,0.4680347442626953,0.0,0.0,0.0,0.24215570092201233,0.0,0.005557609722018242,0.16503481566905975,0.0,0.0,0.22717387974262238,0.0,0.0,0.0,0.0,0.020467190071940422,0.0,0.0,0.12489259243011475,0.09278078377246857,0.25697392225265503,0.0,0.0,0.0,0.0,0.0839250236749649,0.0,0.21000701189041138,0.024148911237716675,0.0,0.21271204948425293,0.1413036435842514,0.0,0.0,1221
0,0,0,0,0,2712497.259429589,0.0,0.0,0.0,0.053668927401304245,0.7712745070457458,0.7673428654670715,0.38139423727989197,0.0,0.18091966211795807,0.4501946270465851,0.0,0.18409401178359985,0.0,6.626053072977811e-05,0.47467976808547974,0.0,0.0,0.0,0.22305819392204285,0.0,0.001284108147956431,0.1729150116443634,0.0,0.0,0.2260681390762329,0.0,0.0,0.0,0.0,0.021480554714798927,0.0,0.0,0.10691294819116592,0.07043792307376862,0.20254795253276825,0.0,0.0,0.0,0.0,0.05000494420528412,0.0,0.2278895080089569,0.02542387694120407,0.0,0.2436382919549942,0.16397564113140106,0.0,0.0,680
0,0,0,0,0,2712530.724429589,0.0,0.0,0.0,0.07559887319803238,0.7607855796813965,0.7562363743782043,0.31030988693237305,0.0,0.08721580356359482,0.41438037157058716,0.0,0.12028991430997849,0.0,6.114694406278431e-05,0.5174835920333862,0.0,0.0,0.0,0.2684401571750641,0.0,0.009836796671152115,0.17014439404010773,0.0,0.0,0.26480981707572937,0.0,0.0,0.0,0.0,0.034105319529771805,0.0,0.0,0.08973108232021332,0.07439946383237839,0.17258071899414062,0.0,0.0,0.0,0.0,0.016133707016706467,0.0,0.23602931201457977,0.037151627242565155,0.0,0.23281604051589966,0.17375095188617706,0.0,0.0,708
0,0,0,0,0,2712564.188429589,0.0,0.0,0.0,0.07015480101108551,0.747332751750946,0.7428942322731018,0.3318800628185272,0.0,0.12632107734680176,0.401378333568573,0.0,0.13154146075248718,0.0,7.800247112754732e-05,0.5704426765441895,0.0,0.0,0.0,0.22954338788986206,0.0,0.028141092509031296,0.17117802798748016,0.0,0.0,0.2980138957500458,0.0,0.0,0.0,0.0,0.009449237957596779,0.0,0.0,0.06933848559856415,0.08562787622213364,0.20049497485160828,0.0,0.0,0.0,0.0,0.004467806313186884,0.0,0.2625581622123718,0.033619243651628494,0.0,0.22888101637363434,0.20600327849388123,0.0,0.0,1245
0,0,0,0,0,2712597.6534295892,0.0,0.0,0.0,0.01362596359103918,0.7439653873443604,0.7394375801086426,0.29685717821121216,0.0,0.19376222789287567,0.37607574462890625,0.0,0.09442389756441116,0.0,1.0615234714350663e-05,0.46470919251441956,0.0,0.0,0.0,0.21649642288684845,0.0,0.044467657804489136,0.16542887687683105,0.0,0.0,0.31417468190193176,0.0,0.0,0.0,0.0,0.01282724179327488,0.0,0.0,0.03942155838012695,0.10353051871061325,0.19419538974761963,0.002342025050893426,0.0,0.0,0.0,0.0,0.0,0.29168424010276794,0.03945596516132355,0.0,0.22400134801864624,0.20426791906356812,0.0,0.0,420
0,0,0,0,0,2712664.5824295892,0.0,0.0,0.0,0.14854812622070312,0.7386908531188965,0.7338684797286987,0.27615290880203247,0.0,0.22449855506420135,0.40958482027053833,0.0,0.07958883047103882,0.0,0.00013237865641713142,0.48345503211021423,0.0,0.0064490800723433495,0.0,0.2490624040365219,0.0,0.058072321116924286,0.1500781774520874,0.0,0.0,0.32571813464164734,0.0,0.0,0.0,0.0,0.040436748415231705,0.0,0.0,0.0,0.10986998677253723,0.1740448772907257,0.0048554204404354095,0.0,0.0,0.0,0.0,0.0,0.3141520917415619,0.056964997202157974,0.0,0.21083606779575348,0.16672025620937347,0.0,0.0,454
0,0,0,0,0,2712698.046429589,0.0,0.0,0.0,0.20860306918621063,0.736541748046875,0.7320261001586914,0.30262818932533264,0.0,0.20453709363937378,0.42984136939048767,0.0,0.09993766993284225,0.0,6.006751209497452e-05,0.5064060091972351,0.0,0.0,0.0,0.2810039818286896,0.0,0.0520322248339653,0.139011949300766,0.0,0.0,0.30254700779914856,0.0,0.0,0.0,0.0,0.039695076644420624,0.0,0.0,0.0,0.09815420210361481,0.14453405141830444,0.0,0.0,0.0,0.0,0.018146008253097534,0.0024679170455783606,0.32287362217903137,0.05966617539525032,0.0,0.2096138894557953,0.14085617661476135,0.0,0.0,101
0,0,0,0,0,2712731.5114295892,0.0,0.0,0.0,0.03841526433825493,0.733864963054657,0.7303224205970764,0.2798402011394501,0.0,0.3700110614299774,0.2887004613876343,0.0,0.07822709530591965,0.0,0.0,0.4397062361240387,0.0,0.0,0.0,0.24445068836212158,0.0,0.060439884662628174,0.13101670145988464,0.0,0.0,0.33947163820266724,0.0,0.005500555969774723,0.0,0.0,0.023780304938554764,0.0,0.0,0.0,0.07327479869127274,0.11938775330781937,0.0,0.0,0.0,0.0,0.035749174654483795,0.0,0.32082822918891907,0.05390511453151703,0.0,0.22017741203308105,0.1399705410003662,0.0,0.0,159
0,0,0,0,0,2712764.6922165575,0.0,0.0,0.0,0.0785117894411087,0.7331091165542603,0.7291598916053772,0.2882132828235626,0.0,0.3175259530544281,0.3956645131111145,0.0,0.08645382523536682,0.0,0.00010433473653392866,0.37058529257774353,0.0,0.0,0.0,0.1726524978876114,0.0,0.06648889183998108,0.12609125673770905,0.0,0.0,0.3599877953529358,0.0,0.0060112751089036465,0.0,0.0,0.03245554119348526,0.0,0.0,0.0,0.05188797414302826,0.131745383143425,0.0,0.0,0.0,0.0,0.04897620156407356,0.0,0.30094629526138306,0.04889686778187752,0.0,0.20498226583003998,0.1330547332763672,0.0,0.0,771
0,0,0,0,0,2712798.157216558,0.0,0.0,0.0,0.11376003175973892,0.7288856506347656,0.7255546450614929,0.3124324083328247,0.0,0.28201377391815186,0.4509478211402893,0.0,0.10920462757349014,0.0,7.738032581983134e-05,0.3539394438266754,0.0,0.0,0.0,0.19414277374744415,0.0,0.061449769884347916,0.12435587495565414,0.0,0.0,0.3515954613685608,0.0,0.0,0.0,0.0,0.06391368806362152,0.0,0.0,0.0,0.05242293328046799,0.13381318747997284,0.008967765606939793,0.0,0.0,0.0,0.04467136040329933,0.0,0.279920369386673,0.05660301446914673,0.0,0.17784461379051208,0.10803576558828354,0.0,0.0,1575
0,0,0,0,0,2712831.6212165575,0.0,0.0,0.0,0.14871403574943542,0.7294462323188782,0.7253730297088623,0.30556127429008484,0.0,0.2536260783672333,0.5155631899833679,0.0,0.10698813945055008,0.0,9.310764289693907e-05,0.4688081741333008,0.0,0.0,0.0,0.21483081579208374,0.0,0.05352707579731941,0.12433876097202301,0.0,0.0,0.3396034836769104,0.0,0.0,0.0,0.0,0.06191813200712204,0.0,0.0,0.0,0.04103219509124756,0.13926924765110016,0.0,0.0,0.0,0.0,0.030796799808740616,0.0,0.2795105576515198,0.06508153676986694,0.0,0.17882142961025238,0.09774237126111984,0.0,0.0,2792
0,0,0,0,0,2712865.086216558,0.0,0.0,0.0,0.24363671243190765,0.720390796661377,0.7169249653816223,0.3270031809806824,0.0,0.3114853799343109,0.5589967966079712,0.0,0.12560416758060455,0.0,9.335653157904744e-05,0.433079332113266,0.0,0.0,0.0,0.20848454535007477,0.0,0.04580014944076538,0.12627483904361725,0.0,0.0,0.3471375107765198,0.0,0.0,0.0,0.0,0.0789577066898346,0.0,0.0,0.0,0.03360462561249733,0.13592258095741272,0.0,0.0,0.0,0.0,0.01312717143446207,0.0,0.2741142213344574,0.07739021629095078,0.0,0.16365064680576324,0.07922768592834473,0.0,0.0,2019
0,0,0,0,0,2712898.5502165575,0.0,0.0,0.0,0.07685671746730804,0.7146766185760498,0.7118540406227112,0.34006428718566895,0.0,0.34347185492515564,0.45854634046554565,0.0,0.137388214468956,0.0,0.0,0.34696149826049805,0.0,0.0,0.0,0.15163350105285645,0.0,0.03934681415557861,0.12033737450838089,0.0,0.0,0.37120312452316284,0.0,0.0,0.0,0.0020483029074966908,0.08187905699014664,0.0,0.0,0.0,0.00612734816968441,0.10625617206096649,0.0,0.0,0.0,0.0,0.0,0.0,0.2646225094795227,0.09155108034610748,0.0,0.22087202966213226,0.06776838004589081,0.0,0.0,1991
0,0,0,0,0,2712932.015216558,0.0,0.0,0.0,0.1279178112745285,0.699897050857544,0.6969665884971619,0.3508577048778534,0.0,0.36641550064086914,0.44973328709602356,0.0,0.14531178772449493,0.0,2.8080106858396903e-05,0.2838784456253052,0.0,0.0,0.0,0.18097606301307678,0.0,0.026331767439842224,0.09860330820083618,0.0,0.0,0.375990092754364,0.0,0.0,0.0,0.029582586139440536,0.10791720449924469,0.0,0.0,0.0,0.0,0.04606200009584427,0.0,0.0,0.0,0.003335418878123164,0.0,0.0,0.24343885481357574,0.10566987097263336,0.0,0.2416873276233673,0.08275127410888672,0.0,0.0,912
0,0,0,0,0,2712965.4792165575,0.0,0.0,0.0,0.07601918280124664,0.71335369348526,0.7085613012313843,0.330622136592865,0.0,0.17301815748214722,0.42934656143188477,0.0,0.13874919712543488,0.0,0.0,0.41213104128837585,0.0,0.0,0.0,0.17665472626686096,0.0,0.0,0.07696757465600967,0.0,0.003451339900493622,0.3650934100151062,0.0,0.0,0.0,0.06037895381450653,0.11881963163614273,0.0,0.0,0.0,0.0,0.0,0.0,0.0,0.0,0.0,0.0,0.0,0.20698155462741852,0.10012578964233398,0.0,0.24963058531284332,0.12886269390583038,0.0,0.0,1404
0,0,0,0,0,2712998.944216558,0.0,0.0,0.0,0.2020711749792099,0.7143523097038269,0.7116691470146179,0.3530561625957489,0.0,0.40158528089523315,0.3990752696990967,0.0,0.1481955647468567,1.673307633609511e-05,2.6936879294225946e-05,0.3704531192779541,0.0,0.0,0.0,0.19381050765514374,0.0,0.0,0.060621827840805054,0.0,0.0,0.36684340238571167,0.0,0.0,0.0,0.10845503956079483,0.13081543147563934,0.003822021884843707,0.0,0.0,0.0,0.0,0.0,0.0,0.0,0.0018118566367775202,0.0,0.0,0.18800042569637299,0.10512428730726242,0.0,0.2213272899389267,0.12691791355609894,0.0,0.0,578
0,0,0,0,0,2713032.4082165575,0.0,0.0,0.0,0.1642567217350006,0.7143605947494507,0.7115004658699036,0.35385075211524963,0.0,0.3632548749446869,0.3871951997280121,0.0,0.15054357051849365,0.0,0.0,0.4061811864376068,0.0,0.0034846507478505373,0.0,0.19192418456077576,0.0,0.004087887238711119,0.05231935903429985,0.0,0.0,0.37869277596473694,0.0,0.0,0.0,0.097113698720932,0.12670721113681793,0.0,0.0,0.0,0.0,0.0,0.0,0.0,0.0,0.003932573366910219,0.023075254634022713,0.006010597106069326,0.2042018622159958,0.11252246052026749,0.0,0.1919974684715271,0.1266758292913437,0.0,0.0,3150
0,0,0,0,0,2713065.873216558,0.0,0.0,0.0,0.1523807942867279,0.7230522036552429,0.7197198867797852,0.3533994257450104,0.0,0.2980881333351135,0.4425477683544159,0.0,0.156772643327713,0.0,5.931597843300551e-05,0.4153978228569031,0.0,0.0,0.0,0.1841282993555069,0.0,0.0069801174104213715,0.0506536103785038,0.0,0.0,0.36696314811706543,0.0,0.0,0.0,0.05487050861120224,0.11482686549425125,0.0,0.0,0.0,0.007613359019160271,0.0,0.0,0.0,0.0,0.0,0.05985907465219498,0.0,0.2022949755191803,0.12620867788791656,0.0,0.18412218987941742,0.11019590497016907,0.0,0.0,1101
0,0,0,0,0,2713099.3372165575,0.0,0.0,0.0,0.0,0.7670474052429199,0.7639802098274231,0.3820958733558655,0.0,0.29013267159461975,0.2999904155731201,0.0,0.1921558380126953,0.0,0.0,0.43564674258232117,0.0,0.0,0.0,0.12061483412981033,0.0,0.01008326280862093,0.0510520301759243,0.0,0.0,0.34058472514152527,0.0,0.0,0.0,0.0,0.06452497094869614,0.0,0.0,0.0,0.017541369423270226,0.010224978439509869,0.0,0.0,0.0,0.0,0.10215191543102264,0.0,0.19377410411834717,0.1320883333683014,0.0,0.25458791851997375,0.12043378502130508,0.0,0.0,620
0,0,0,0,0,2713132.802216558,0.0,0.0,0.0,0.0,0.8243041038513184,0.8218302130699158,0.4009268581867218,0.0,0.35345324873924255,0.42509162425994873,0.0,0.20412379503250122,0.0,5.498064274434e-05,0.4159158766269684,0.0,0.0,0.0,0.10202652215957642,0.0,0.02080364339053631,0.047570712864398956,0.0,0.0,0.31219640374183655,0.0,0.006845384836196899,0.0,0.0,0.027882171794772148,0.0,0.0,0.0,0.022297607734799385,0.0438215546309948,0.0,0.0,0.0,0.0,0.13728739321231842,0.0,0.18476276099681854,0.1309758871793747,0.0,0.26594576239585876,0.17913058400154114,0.0,0.0,1505
