session,session_type,question,question_type,record_flag,answer_index,timestamp,EyeBlink_L,EyeBlink_R,EyeSquint_L,EyeSquint_R,EyeDown_L,EyeDown_R,EyeIn_L,EyeIn_R,EyeOpen_L,EyeOpen_R,EyeOut_L,EyeOut_R,EyeUp_L,EyeUp_R,BrowsD_L,BrowsD_R,BrowsU_C,BrowsU_L,BrowsU_R,JawOpen,LipsTogether,JawLeft,JawRight,JawFwd,LipsUpperUp_L,LipsUpperUp_R,LipsLowerDown_L,LipsLowerDown_R,LipsUpperClose,LipsLowerClose,MouthSmile_L,MouthSmile_R,MouthDimple_L,MouthDimple_R,LipsStretch_L,LipsStretch_R,MouthFrown_L,MouthFrown_R,MouthPress_L,MouthPress_R,LipsPucker,LipsFunnel,MouthLeft,MouthRight,ChinLowerRaise,ChinUpperRaise,Sneer_L,Sneer_R,Puff,CheekSquint_L,CheekSquint_R,audio_rms
0,0,0,0,0,0,434973.2192853957,0.52693772315979,0.5380103588104248,1.0002222061157227,1.0000029802322388,0.0,0.0,0.4131990969181061,0.0,0.0,0.0,0.0,0.3294730484485626,1.0,1.0,0.0,0.0,1.0,0.9999555945396423,0.40407508611679077,0.0,0.0,0.05571019649505615,0.0,0.3934359848499298,0.0,0.0036319661885499954,0.08100961148738861,0.0,0.0,0.0,0.08933722227811813,0.0,0.0,0.0,0.11883998662233353,0.0,0.18612103164196014,0.0,7.172347250161693e-05,0.0022247922606766224,0.0,0.00023353853612206876,0.1982690691947937,0.0,0.13510183990001678,0.044017620384693146,0.0,0.0,0.0014947863528504968,0.0,0.0,0
0,0,0,0,0,0,435006.5892853957,0.5410577058792114,0.5687034726142883,1.0000815391540527,0.9997403621673584,0.0,0.0,0.40683847665786743,0.0,0.0,0.0,0.0,0.32329314947128296,1.0,1.0,0.0,0.0,1.0,0.9999833703041077,0.3908822536468506,0.0,0.0,0.0535595566034317,0.0,0.4180775284767151,0.0,0.004732121247798204,0.07859905809164047,0.0,0.0,0.0,0.09111051261425018,0.0,0.0,0.0,0.11222027242183685,0.0,0.17590217292308807,0.0,0.0,0.010614602826535702,0.0,0.0008915578364394605,0.1877269446849823,0.0,0.14005711674690247,0.015386729501187801,0.0,0.0,0.0003170467971358448,0.0,0.0,0
0,0,0,0,0,0,435039.9582853957,0.4958374500274658,0.5612586140632629,1.0002244710922241,0.9998500943183899,0.0,0.0,0.3986925184726715,0.0,0.0,0.0,0.0,0.3152649998664856,1.0,1.0,0.0,0.0,1.0,0.9999991059303284,0.3702576756477356,0.0005926403682678938,0.0005926403682678938,0.04645337164402008,0.0,0.43097174167633057,0.0,0.0015192002756521106,0.06876971572637558,0.0,0.0,0.0,0.10338692367076874,0.0,0.0,0.0,0.11540963500738144,0.0,0.16571341454982758,0.0,0.0,0.0038310473319143057,0.0,0.0003290432214271277,0.1846335381269455,0.0,0.13528098165988922,0.002266501309350133,0.0,0.0,1.4546421880368143e-05,0.0,0.0,0
0,0,0,0,0,0,435073.3272853957,0.6298165321350098,0.6457681059837341,1.0002456903457642,0.9824745059013367,0.0,0.0,0.38558870553970337,0.0,0.0,0.0,0.0,0.301938533782959,1.0,1.0,0.0,0.0,1.0,1.0,0.3425475060939789,0.007593498099595308,0.007593498099595308,0.045376114547252655,0.0,0.43230247497558594,0.0,7.775457197567448e-05,0.03912777826189995,0.0030694364104419947,0.0,0.0,0.11354920268058777,0.0,0.0,0.0,0.10910777002573013,0.0,0.14847968518733978,0.001708825002424419,0.007202581502497196,0.00019971391884610057,0.0,1.724249159451574e-05,0.1939394623041153,0.0,0.12251032143831253,9.199384658131748e-05,0.0,0.0,0.0,0.0,0.0,0
0,0,0,0,0,0,435106.6962853957,0.9699472188949585,0.9721587896347046,1.0000907182693481,0.9769484400749207,0.0,0.0,0.36969703435897827,0.0,0.0,0.0,0.0,0.28576064109802246,1.0,1.0,0.0,0.0,1.0,1.0,0.31355348229408264,0.01357006561011076,0.01357006561011076,0.0435451976954937,0.0,0.4345380961894989,0.0,0.0,0.012520665302872658,0.004908858332782984,0.0,0.0,0.11920259892940521,0.0,0.0,0.0,0.09028255194425583,0.0,0.12874603271484375,0.0006394023075699806,0.01364870648831129,0.0,0.0,0.0,0.1964997798204422,0.0,0.10963767021894455,0.0,0.0,0.0,0.0,0.0,0.0,0
0,0,0,0,0,0,435140.0662853957,0.8314272165298462,0.8346481323242188,0.9943270087242126,0.990573525428772,0.0,0.0,0.356102854013443,0.0,0.0,0.0,0.0,0.27198025584220886,1.0,1.0,0.0,0.0,1.0,1.0,0.2923157811164856,0.013537421822547913,0.013537421822547913,0.039768390357494354,0.0,0.4403833746910095,0.0,0.0,0.0018690899014472961,0.0014668753137812018,0.0,0.0,0.1285923719406128,0.0,0.0,0.0,0.07915706932544708,0.0,0.1129298135638237,3.350533006596379e-05,0.01514624897390604,0.0,0.0,0.0,0.19468697905540466,0.0,0.09694793075323105,0.0,0.0,0.0,0.0,0.0,0.0,0
0,0,0,0,0,0,435173.4352853957,0.9284125566482544,0.929345965385437,0.9924472570419312,0.9865898489952087,0.0,0.0,0.3486020267009735,0.0,0.0,0.0,0.0,0.26439201831817627,1.0,1.0,0.0,0.0,1.0,1.0,0.2756929397583008,0.010442658327519894,0.010442658327519894,0.03497888892889023,0.0,0.44731369614601135,0.0,0.0,7.687880133744329e-05,7.370569073827937e-05,0.0,0.0,0.1347920447587967,0.0,0.0,0.0,0.07453987747430801,0.0,0.10433824360370636,0.0,0.014800475910305977,0.0,0.0,0.0,0.19620387256145477,0.0,0.08547541499137878,0.0,0.0,0.0,0.0,0.0,0.0,0
0,0,0,0,0,0,435206.8042853957,5.443235977509175e-07,0.9140198230743408,0.9937520027160645,0.9871282577514648,0.0,0.0,0.34419310092926025,0.0,0.4633786380290985,0.0,0.0,0.2600693702697754,1.0,1.0,0.0,0.0,1.0,1.0,0.26475873589515686,0.0026995097286999226,0.0026995097286999226,0.02714117057621479,0.0,0.45666196942329407,0.0,0.0,0.0005724466172978282,0.0,0.0,0.0,0.14266908168792725,0.0,0.0,0.0,0.07071125507354736,0.0,0.0935797393321991,0.0,0.010480832308530807,0.0007552452152594924,0.0,0.0,0.198972687125206,0.0,0.07680469751358032,0.0,0.0,0.0,0.0,0.0,0.0,0
0,0,0,0,0,0,435240.17328539566,0.23710615932941437,0.24036383628845215,0.9957113862037659,0.9827257394790649,0.0,0.0,0.34098684787750244,0.0,0.0,0.0,0.0,0.25704580545425415,1.0,1.0,0.0,0.0,1.0,1.0,0.25700387358665466,0.0001318207650911063,0.0001318207650911063,0.019616547971963882,0.0,0.4685490131378174,0.0,0.0,0.006814653519541025,0.0,0.0,0.0,0.15080690383911133,0.0,0.0,0.0,0.06981319189071655,0.0,0.08199203759431839,0.0,0.0025745804887264967,0.006415890995413065,0.0,5.954877633485012e-05,0.19942204654216766,0.0,0.06365683674812317,0.0,0.0,0.0,0.0,0.0,0.0,0
0,0,0,0,0,0,435273.5224208279,0.5558216571807861,0.5684029459953308,0.9986443519592285,0.9814096093177795,0.0,0.0,0.3393940031528473,0.0,0.0,0.0,0.0,0.25558146834373474,1.0,1.0,0.0,0.0,1.0,1.0,0.2490307241678238,0.0,0.0,0.00856371782720089,0.0,0.4796121120452881,0.0,0.0006695525371469557,0.014701665379106998,0.0,0.0,0.0,0.1570509970188141,0.000874850491527468,0.0,0.0,0.07221151143312454,0.0,0.07647967338562012,0.0,0.000124106984003447,0.01017873827368021,0.0,2.2283806174527854e-05,0.19474728405475616,0.0,0.04643367975950241,0.0,0.0,0.0,0.0,0.0,0.0,0
0,0,0,0,0,0,435306.89142082783,0.3200520873069763,0.41760310530662537,1.000022292137146,0.984595775604248,0.0,0.0,0.33984583616256714,0.0,0.0,0.0,0.0,0.2562139630317688,1.0,1.0,0.0,0.0,1.0,0.994503378868103,0.24602758884429932,0.0,0.0,0.0015645265812054276,0.009337564930319786,0.49103161692619324,0.0,0.0076187364757061005,0.01428485568612814,0.0,0.0,0.0,0.16044482588768005,0.0061391741037368774,0.0,0.0,0.06182048097252846,0.0,0.07038064301013947,0.0,0.0,0.018473723903298378,0.0,1.1677210522975656e-06,0.18498383462429047,0.0,0.030659984797239304,0.0,0.0,0.0,0.0,0.0,0.0,0
0,0,0,0,0,0,435340.16891721304,0.38469764590263367,0.5144111514091492,1.0003777742385864,0.9811871647834778,0.0,0.0,0.3405640125274658,0.0,0.0,0.0,0.0,0.257122278213501,1.0,1.0,0.0,0.0,1.0,0.9846776127815247,0.24581904709339142,0.0,0.0,6.913006654940546e-05,0.018871568143367767,0.5040580034255981,0.0,0.009726506657898426,0.00997880008071661,0.0,0.0,0.0,0.16736377775669098,0.010321608744561672,0.0,0.0,0.04261414334177971,0.0,0.06572286784648895,0.0,0.0,0.029289955273270607,0.0,0.0,0.16954797506332397,0.0,0.018959078937768936,0.0,0.0,0.0,0.0,0.0,0.0,0
0,0,0,0,0,0,435373.53791721305,0.42062458395957947,0.4563293755054474,1.0002275705337524,0.9808119535446167,0.0,0.0,0.34297510981559753,0.0,0.0,0.0,0.0,0.2595427334308624,1.0,1.0,0.0,0.0,1.0,0.9669955968856812,0.23721076548099518,0.0007663436117582023,0.0007663436117582023,0.0,0.01593509316444397,0.5159317255020142,0.0,0.002744825789704919,0.008566887117922306,0.0,0.0,0.0,0.17413577437400818,0.0031515934970229864,0.0,0.0,0.0319802425801754,0.0,0.0706297904253006,0.0,0.0,0.028416479006409645,0.0,0.0,0.15508170425891876,0.0,0.0075838747434318066,0.0,0.0,0.0,0.0,0.0,0.0,0
0,0,0,0,0,0,435406.89094952354,0.4443071484565735,0.4583168625831604,0.990506112575531,0.9839592576026917,0.0,0.0,0.3543667495250702,0.0,0.0,0.0,0.0,0.27083107829093933,1.0,1.0,0.0,0.0,1.0,0.946739673614502,0.22802475094795227,0.0007244627340696752,0.0007244627340696752,0.0,0.029668033123016357,0.5278775691986084,0.0,0.00013622050755657256,0.019092954695224762,0.0,0.0,0.0,0.1839829534292221,0.000614331744145602,0.0,0.0,0.022837433964014053,0.0,0.07975532859563828,0.0,0.0,0.031615376472473145,0.0,0.0,0.13764581084251404,0.0,0.0013346546329557896,0.0,0.0,0.0,0.0,0.0,0.0,0
0,0,0,0,0,0,435440.25994952355,0.44551536440849304,0.45617350935935974,0.9915887117385864,0.9873761534690857,0.0,0.0,0.3694608509540558,0.0,0.0,0.0,0.0,0.2857939898967743,1.0,1.0,0.0,0.0,1.0,0.9484260678291321,0.21548227965831757,0.000590193027164787,0.000590193027164787,0.0,0.03657222166657448,0.5389392375946045,0.0,0.0,0.028160348534584045,0.0,0.0,0.0009344478603452444,0.20825262367725372,0.00017033517360687256,0.0,0.0,0.028332190588116646,0.001671910984441638,0.09454192221164703,0.0,0.0,0.034358203411102295,0.0,0.0,0.1261255443096161,0.0,5.831312228110619e-05,0.0,0.0,0.0,0.0,0.0,0.0,0
0,0,0,0,0,0,435473.62894952355,0.42475372552871704,0.6633735299110413,0.9984750747680664,0.9727022051811218,0.0,0.0,0.3845362663269043,0.0,0.0,0.0,0.0,0.3007505536079407,1.0,1.0,0.0,0.0,1.0,0.9631001949310303,0.19880224764347076,0.0014683010522276163,0.0014683010522276163,0.0,0.029091887176036835,0.5466836094856262,0.004299521446228027,0.0,0.010465660132467747,0.0,0.0,0.000583081622608006,0.2282673716545105,8.925927431846503e-06,0.0,0.0,0.020739907398819923,0.0006255924236029387,0.10714521259069443,0.0,0.0,0.016584983095526695,0.0,0.0,0.12701307237148285,0.0,0.011481881141662598,0.0,0.0,0.0,0.0,0.0,0.0,0
0,0,0,0,0,0,435506.99794952356,0.43715572357177734,0.4732361137866974,0.9984545111656189,0.9822983145713806,0.0,0.0,0.3927326202392578,0.0,0.0,0.0,0.0,0.30896201729774475,1.0,1.0,0.0,0.0,1.0,0.9819555282592773,0.18409594893455505,0.0004966816050000489,0.0004966816050000489,0.0,0.022904695942997932,0.5555520057678223,0.017178740352392197,0.0,0.0011879412923008204,0.0,0.0,0.00010566665878286585,0.24870999157428741,0.0,0.0,0.0,0.004924403503537178,3.27817106153816e-05,0.10876592248678207,0.0,0.0,0.006155600771307945,0.0,0.0,0.12422817945480347,0.0,0.023806488141417503,0.0,0.0,0.0,0.0,0.0,0.0,0
0,0,0,0,0,0,435540.36794952356,0.5185085535049438,0.5373632311820984,1.000126600265503,0.9780771136283875,0.0,0.0,0.39461851119995117,0.0,0.0,0.0,0.0,0.3108026683330536,1.0,1.0,0.0,0.0,1.0,0.9962679743766785,0.17458106577396393,0.0015427264152094722,0.0015427264152094722,0.0,0.015364627353847027,0.5593212842941284,0.02439611218869686,0.0008861368405632675,4.016975071863271e-05,0.0,0.0,4.576976152748102e-06,0.27383482456207275,0.0,0.0,0.0,0.0014007859863340855,0.007933542132377625,0.10790028423070908,0.0,0.0,0.0013026916421949863,0.0,0.0,0.11510112136602402,0.0,0.02522761933505535,0.005321959964931011,0.0,0.0,0.0,0.0,0.0,0
0,0,0,0,0,0,435573.76894952357,0.5088735818862915,0.5237704515457153,1.0002162456512451,0.9768316745758057,0.0,0.0,0.39325106143951416,0.0,0.0,0.0,0.0,0.30942779779434204,1.0,1.0,0.0,0.0,1.0,0.9998278021812439,0.1762661337852478,0.0036875277291983366,0.0036875277291983366,0.0,0.005515958182513714,0.5569161772727966,0.027715936303138733,0.00033159396843984723,0.0,0.0,0.0,0.0034360596910119057,0.30484968423843384,0.0,0.0,0.0,0.0009346047881990671,0.020410822704434395,0.10356063395738602,0.0,0.0,6.127807864686474e-05,0.0,0.0,0.10257582366466522,0.0,0.022845575585961342,0.010496922768652439,0.0,0.0,0.0,0.0,0.0,0
0,0,0,0,0,0,435607.1699495236,0.5737656950950623,0.5856505036354065,0.991188108921051,0.9833164215087891,0.0,0.0,0.3901051878929138,0.0,0.0,0.0,0.0,0.30635514855384827,1.0,1.0,0.0,0.0,1.0,1.0,0.1729860156774521,0.006907561328262091,0.006907561328262091,0.0,0.0008408872527070343,0.5509461164474487,0.02879752591252327,1.7376154573867097e-05,0.0,0.0,0.0,0.003708727192133665,0.33407828211784363,0.0,0.0,0.0,0.005412984639406204,0.027927355840802193,0.10007445514202118,0.0,0.0,0.0,0.0,0.0,0.09325497597455978,0.0,0.01568896695971489,0.011831454001367092,0.0,0.0,0.0,0.0,0.0,0
0,1,0,2,1,-1,435640.60194952355,0.00010237014066660777,0.8466870784759521,1.0011903047561646,0.9739707708358765,0.0,0.0,0.3838766813278198,0.0,0.8926737308502197,0.0,0.0,0.30008018016815186,1.0,1.0,0.0,0.0,1.0,1.0,0.16442905366420746,0.011526558548212051,0.011526558548212051,0.0,3.460416701273061e-05,0.5474201440811157,0.028191128745675087,0.0,0.004682200029492378,0.0,0.0,0.0009739665547385812,0.3486875593662262,0.0,0.0,0.0,0.013646157458424568,0.03528020158410072,0.10062789171934128,0.0,0.0,0.0,0.0,0.0,0.07926015555858612,0.0,0.003825794206932187,0.009115584194660187,0.0,0.0,0.0,0.0,0.0,0
0,1,0,2,1,-1,435674.0221073948,0.0,0.7502816915512085,1.0004346370697021,0.9743119478225708,0.0,0.0,0.3773108124732971,0.0,0.8702096343040466,0.0,0.0,0.2933759391307831,1.0,1.0,0.0,0.0,1.0,1.0,0.15733420848846436,0.011426514014601707,0.011426514014601707,0.0,0.0,0.5522050261497498,0.017022831365466118,0.0,0.011375714093446732,0.0,0.0,4.750620428239927e-05,0.35172411799430847,0.0,0.0,0.0,0.01167396828532219,0.03743579611182213,0.10157331824302673,0.0,0.0,0.0,0.0,0.0,0.05940432846546173,0.0,0.000184168282430619,0.002317987149581313,0.0,0.0,0.0,0.0,0.0,0
0,1,0,2,1,-1,435707.5181073948,0.0,0.8870489001274109,0.9938189387321472,0.9800268411636353,0.0,0.0,0.3706541955471039,0.0,0.8717549443244934,0.0,0.0,0.2866117060184479,1.0,1.0,0.0,0.0,1.0,1.0,0.1501140594482422,0.008504971861839294,0.008504971861839294,0.0,0.0,0.5615682005882263,0.0038009313866496086,0.0,0.012914817780256271,0.0,0.0,0.0,0.3542020320892334,0.0,0.0,0.0,0.0029194222297519445,0.033385585993528366,0.09772896021604538,0.0,0.003119866596534848,0.0,0.0,0.0,0.03731666877865791,0.0,0.002191124716773629,0.00011267184163443744,0.0,0.0,0.0,0.0,0.0,0
0,1,0,2,1,-1,435741.01510739484,0.0,0.9946682453155518,0.9912614822387695,0.9544763565063477,0.0,0.0,0.36448776721954346,0.0,0.867286205291748,0.0,0.0,0.2804390788078308,1.0,1.0,0.0,0.0,1.0,1.0,0.1411008983850479,0.002170539228245616,0.002170539228245616,0.0,0.0,0.5741222500801086,0.00017869485600385815,0.0,0.008170146495103836,0.0,0.0,0.0,0.354674756526947,0.0,0.0,0.0,0.0001409542019246146,0.01021677814424038,0.08906233310699463,0.0,0.012837774120271206,0.0,0.0,0.0023684927728027105,0.01764587312936783,0.0,0.011052903719246387,0.0,0.0,0.0,0.008081224747002125,0.0,0.0,0
0,1,0,2,1,-1,435774.45533055795,0.0,1.0000982284545898,0.980553150177002,0.9754136204719543,0.0,0.0,0.35816851258277893,0.0,0.8649144172668457,0.0,0.0,0.27411097288131714,1.0,1.0,0.0,0.0,1.0,0.9952069520950317,0.12335863709449768,0.00010568737343419343,0.00010568737343419343,0.0011088598985224962,0.0,0.5865476727485657,0.0,0.0,0.0018753546755760908,0.0,0.0,0.0,0.35361260175704956,0.0,0.0,0.0,0.0,0.0009089645463973284,0.08376999199390411,0.0,0.02141737937927246,0.0,0.0003648914280347526,0.012192117050290108,0.0046348548494279385,0.0,0.01862029731273651,0.0,0.0,0.0,0.020488720387220383,0.0,0.0,0
0,1,0,2,1,-1,435807.95133055793,0.0,1.0001475811004639,0.9774137735366821,0.9748433232307434,0.0,0.0,0.35174626111984253,0.0,0.8593516945838928,0.0,0.0,0.2675836384296417,1.0,1.0,0.0,0.0,1.0,0.9903226494789124,0.10030613839626312,0.0,0.0,0.00041493153548799455,0.0,0.5982847809791565,0.0,0.0,8.880160748958588e-05,0.0,0.0,0.0,0.354531854391098,0.0,0.0,0.0,0.0,2.4583738195360638e-05,0.08462487161159515,0.0,0.023999255150556564,0.00027213175781071186,0.00013654583017341793,0.02202211134135723,0.0005300171906128526,0.0,0.022231506183743477,0.0,0.0,0.0,0.023214738816022873,0.0,0.0,0
0,1,0,2,1,-1,435841.4793305579,0.0,1.0001922845840454,0.9758074879646301,0.9743112921714783,0.0,0.0,0.3460661768913269,0.0,0.8555563688278198,0.0,0.0,0.2617063820362091,1.0,1.0,0.0,0.0,1.0,0.996181070804596,0.07222163677215576,0.0001811879046726972,0.0,2.1743124307249673e-05,0.0,0.609912633895874,0.0,0.0,0.01031799428164959,0.0,0.0,0.0,0.3590804636478424,0.0,0.0,0.0,0.012563702650368214,0.0,0.09519483149051666,0.0,0.014371122233569622,0.00024868472246453166,7.155297680583317e-06,0.010229519568383694,0.008299363777041435,0.0,0.01608249731361866,0.0,0.0,0.0,0.0064856684766709805,0.0,0.0,0
0,1,0,2,1,-1,435875.0073305579,0.0,0.9969379901885986,0.9746755957603455,0.9738854169845581,0.0,0.0,0.34220024943351746,0.0,0.8517953753471375,0.0,0.0,0.2576097249984741,1.0,1.0,0.0,0.0,1.0,0.9995546340942383,0.04136105254292488,0.0038139009848237038,0.0037461589090526104,0.0,0.0,0.6107046008110046,0.0,0.0,0.010237227194011211,0.0,0.0,0.0,0.37136730551719666,0.0,0.0,0.0,0.04141826555132866,0.004341441672295332,0.10517031699419022,0.0,0.003153099911287427,6.028924326528795e-05,0.0,0.001614247914403677,0.01744058169424534,0.0,0.00391305610537529,0.0,0.0,0.0,0.0003213162417523563,0.0,0.0,0
0,1,0,2,1,-1,435908.53533055796,0.0,0.9619907140731812,0.9746991991996765,0.9738500118255615,0.0,0.0,0.3379451036453247,0.0,0.8472319841384888,0.0,0.0,0.2531794309616089,1.0,1.0,0.0,0.0,1.0,0.9999847412109375,0.00981825590133667,0.009553180076181889,0.009549645707011223,0.0,0.0,0.6012489795684814,0.0,0.0,0.0025869463570415974,0.0,0.0,0.0,0.38138478994369507,0.0,0.0,0.0,0.057259220629930496,0.008168758824467659,0.1042923703789711,0.0,0.0001474076707381755,2.8796534934372175e-06,0.0,6.651571311522275e-05,0.019386807456612587,0.0,0.00018805394938681275,0.0,0.0,0.0,0.0,0.0,0.0,0
0,1,0,2,1,-1,435942.06333055795,0.0,0.9828903079032898,0.9736883044242859,0.9730944037437439,0.0,0.0,0.33084508776664734,0.0,0.843414843082428,0.0,0.0,0.24610744416713715,1.0,1.0,0.0,0.0,1.0,1.0,0.0006024292088113725,0.00887835118919611,0.00887835118919611,0.0,0.0,0.5963560938835144,0.0,0.0,0.00012495389091782272,0.0,0.0,0.0,0.3863574266433716,0.0,0.0,0.0,0.05651364475488663,0.005962362512946129,0.09335867315530777,0.0,0.0,0.002389839617535472,0.0,0.0,0.012438435107469559,0.0,0.0005255657597444952,0.0,0.0,0.0,0.0,0.0,0.0,0
0,1,0,2,1,-1,435975.59133055795,0.0,0.996966540813446,0.9729777574539185,0.9721447229385376,0.0,0.0,0.32345113158226013,0.0,0.8393107652664185,0.0,0.0,0.23887646198272705,1.0,1.0,0.0,0.0,1.0,1.0,8.208136023313273e-06,0.0048498366959393024,0.004421353805810213,0.0,0.0,0.5959898829460144,0.0,0.0,0.0,0.0,0.0,0.0,0.3881162405014038,0.0,0.0,0.0,0.05299593135714531,0.001410872209817171,0.07923182100057602,0.0,0.0,0.007137731648981571,0.0,0.0,0.0032494496554136276,0.0,0.0001966707786777988,0.0,0.0,0.0,0.0,0.0,0.0,0
0,1,0,2,1,-1,436009.11933055794,0.0,1.0000112056732178,0.9721499085426331,0.9708635210990906,0.0,0.0,0.31786099076271057,0.0,0.8343729376792908,0.0,0.0,0.2334837168455124,1.0,1.0,0.0,0.0,1.0,1.0,0.0,0.0015899266581982374,0.0009435128304176033,0.0,0.0,0.5968703627586365,0.0,0.0,0.0002957240503747016,0.0,0.0,0.0,0.387753427028656,0.0,0.0,0.0,0.054703354835510254,6.72088353894651e-05,0.06864523142576218,0.0,0.0,0.008096187375485897,0.0,0.0,0.0002755715686362237,0.0,1.0305964678991586e-05,0.0,0.0,0.0,0.0,0.0,0.0,0
0,1,0,2,1,-1,436042.6473305579,0.0,0.8730008602142334,0.9716071486473083,0.97071373462677,0.0,0.0,0.317438006401062,0.0,0.8287904262542725,0.0,0.0,0.23313473165035248,1.0,1.0,0.0,0.001216000528074801,1.0,1.0,0.0,0.0019220059039071202,0.0004053353623021394,0.0,0.0,0.5956739783287048,0.0,0.0,0.003984071779996157,0.0,0.0,0.0,0.37884509563446045,0.0,0.0,0.0,0.06468139588832855,0.0,0.07071048021316528,0.0,0.0,0.002258680760860443,0.0,0.0,0.00460330443456769,0.0,0.0,0.0,0.0,0.0,0.0,0.0,0.0,0
0,1,0,2,1,-1,436076.1753305579,0.0,0.9224736094474792,0.9698517918586731,0.9687463641166687,0.0,0.0,0.3256279230117798,0.0,0.8254730105400085,0.0,0.0,0.24124625325202942,1.0,1.0,0.0,0.0004550195881165564,1.0,0.9950805306434631,0.003020979231223464,0.0025375180412083864,0.002031682524830103,0.0,0.0010072378208860755,0.5973826050758362,0.0,0.0,0.00798243097960949,0.0,0.0,0.0,0.35375216603279114,0.0,0.0,0.0,0.06518889218568802,0.0,0.07836692780256271,0.0,0.0,0.00011191995872650295,0.0,0.0,0.0017187405610457063,0.0,0.0,0.0,0.0,0.0,0.0,0.0,0.0,0
0,1,0,2,1,-1,436109.7033305579,0.0,0.9581108093261719,0.971000611782074,0.9696462750434875,0.0,0.0,0.34917518496513367,0.0,0.8212724328041077,0.0,0.0,0.26504990458488464,1.0,1.0,0.0,2.384376057307236e-05,1.0,0.9939310550689697,0.028019947931170464,0.0007439633482135832,0.0007179554086178541,0.0,0.0069712079130113125,0.6055346131324768,0.0,0.0,0.014399023726582527,0.0,0.0,0.0,0.3356395661830902,0.0,0.0,0.0,0.06291146576404572,0.0,0.08348988741636276,0.0,0.0,0.0141590666025877,0.0,0.00838011596351862,9.005079482449219e-05,0.010428491979837418,0.0007636254886165261,0.0,0.0,0.0,0.0,0.0,0.0012034871615469456,0
0,1,0,2,1,-1,436143.23133055796,0.0,0.9899089336395264,0.967779815196991,0.9660471081733704,0.0,0.0,0.36983880400657654,0.0,0.8165826201438904,0.0,0.0,0.286175936460495,1.0,1.0,0.0,0.0,1.0,0.9983219504356384,0.03785116225481033,3.7263478589011356e-05,3.7263478589011356e-05,0.0007126802229322493,0.0024843865539878607,0.6155668497085571,0.0,0.0,0.021015767008066177,0.0,0.0,0.0,0.3367302715778351,0.0,0.0,0.0,0.06408646702766418,0.0,0.08259259164333344,0.0,0.007107866462320089,0.018835391849279404,0.0,0.003129006363451481,0.02174222655594349,0.0038891274016350508,0.000285751826595515,0.0,0.0,0.0,0.0,0.0,0.00045033759670332074,0
0,1,0,2,1,-1,436176.75933055795,0.0,0.9998147487640381,0.9666144251823425,0.9650067687034607,0.0,0.0,0.37943339347839355,0.0,0.8117586374282837,0.0,0.0,0.2961631715297699,1.0,1.0,0.0,0.0,1.0,0.9999171495437622,0.025887737050652504,0.0005995018873363733,0.0005995018873363733,0.005292498040944338,0.00012910760415252298,0.6196158528327942,0.0,0.0,0.016532523557543755,0.0,0.0,0.0,0.33183157444000244,0.0,0.0,0.0,0.05253786966204643,0.0,0.07071887701749802,0.0,0.011684928089380264,0.005323787219822407,0.0,0.00016387605865020305,0.04822001978754997,0.00020362428040243685,1.4973962606745772e-05,0.0,0.0,0.0,0.0,0.0,2.3598422558279708e-05,0
0,1,0,2,1,-1,436210.28733055794,0.0,1.0002341270446777,0.9663102030754089,0.9647030830383301,0.0,0.0,0.37563851475715637,0.0,0.8071116209030151,0.0,0.0,0.2924135625362396,1.0,1.0,0.0,0.0,1.0,1.0,0.006115697789937258,0.004068523179739714,0.004068523179739714,0.02086748369038105,0.0,0.6202637553215027,0.0,0.0,0.009984306059777737,0.004407983738929033,0.0,0.0,0.32053545117378235,0.0,0.0,0.0,0.030673280358314514,0.0,0.05768194794654846,0.0,0.01775011047720909,0.0002641150203999132,0.0,0.0,0.07218234241008759,0.0,0.0,0.0,0.0,0.0,0.0,0.0,0.0,0
0,1,0,2,1,-1,436243.81533055793,0.0,1.0002127885818481,0.9637777805328369,0.9621424674987793,0.0,0.0,0.36659157276153564,0.0,0.8033864498138428,0.0,0.0,0.2832586467266083,1.0,1.0,0.0,0.0,1.0,1.0,0.000291943404590711,0.006936419289559126,0.006936419289559126,0.034786660224199295,0.0,0.6198232173919678,0.0,0.0,0.00392764201387763,0.0035747133661061525,0.0,0.0,0.31244415044784546,0.0,0.0,0.0,0.012079322710633278,0.0,0.04703840985894203,0.0,0.02035181224346161,0.0,0.0,0.0,0.08377934992313385,0.0,0.0,0.0,0.0,0.0,0.0,0.0,0.0,0
1,2,1,2,2,-1,436277.3433305579,0.0,4.407998588362716e-08,0.9648513197898865,0.964030921459198,0.0,0.0,0.3550480008125305,0.0,0.8030518889427185,0.8036373257637024,0.0,0.2715752422809601,1.0,1.0,0.0,0.0,1.0,1.0,0.0,0.006096234545111656,0.004687103908509016,0.03917790949344635,0.0,0.622829258441925,0.0,0.0,0.0062986016273498535,0.0008069027098827064,0.0,0.0,0.31440237164497375,0.0,0.0,0.0,0.007809995207935572,0.0,0.038046929985284805,0.0,0.02066655457019806,0.0004748807696159929,0.0,0.0027301113586872816,0.08012835681438446,0.0,0.0,0.0,0.0,0.0,0.0,0.0,0.0,0
1,2,1,2,2,-1,436310.8713305579,0.0,1.597324272850642e-09,0.9775089025497437,0.9627699851989746,0.0,0.0,0.3473447859287262,0.0,0.7896856665611267,0.7548668384552002,0.0,0.2637272775173187,1.0,1.0,0.0,0.0008788890554569662,1.0,1.0,0.0,0.00627902802079916,0.0018065982731059194,0.03834433853626251,0.0,0.6214087605476379,0.0,0.0,0.00530352583155036,3.7755835364805534e-05,0.0,0.0,0.3190768361091614,0.0,0.0,0.0,0.012329360470175743,0.0,0.033948369324207306,0.0,0.013966526836156845,0.0001777043507900089,0.0,0.001021397765725851,0.08396744728088379,0.0,0.0,0.0,0.0,0.0,0.0,0.0,0.0,0
1,2,1,2,2,-1,436344.39933055796,0.0,0.0,0.9652706384658813,0.964102566242218,0.0,0.0,0.34380918741226196,0.0,0.7684259414672852,0.7635349631309509,0.0,0.2601243257522583,1.0,1.0,0.0,0.00032888195710256696,1.0,1.0,0.0,0.004497775807976723,0.000327656656736508,0.032142773270606995,0.0,0.6184804439544678,0.0,0.0,0.0022505526430904865,0.0,0.0,0.0,0.31829649209976196,0.0,0.0,0.0,0.015322400256991386,0.0,0.030048679560422897,0.0,0.003326391102746129,9.312087058788165e-06,0.0,5.3520365327131e-05,0.08982565253973007,0.0,0.0,0.0,0.0,0.0,0.0,0.0,0.0,0
1,2,1,2,2,-1,436377.92733055796,0.0,0.0,0.9679201245307922,0.9673739075660706,0.0,0.0,0.34360289573669434,0.0,0.7613901495933533,0.7579584717750549,0.0,0.25989118218421936,1.0,1.0,0.0,1.7234040569746867e-05,1.0,0.998970091342926,0.0,0.0013439742615446448,1.4540805750584695e-05,0.02034311555325985,0.0,0.6138883233070374,0.0,0.0,0.0004187395388726145,0.0,0.0,0.0,0.310066282749176,0.0,0.0,0.0,0.012316031381487846,0.0,0.02476738952100277,0.0,0.0001590661413501948,0.0,0.0,0.0,0.09329608082771301,0.0,0.0,0.0,0.0,0.0,0.0,0.0,0.0,0
1,2,1,2,2,-1,436411.45533055795,0.0,0.0,0.9694781303405762,0.9689552783966064,0.0,0.0,0.34491077065467834,0.0,0.7625584006309509,0.7615751028060913,0.0,0.26122352480888367,1.0,1.0,0.0,0.0,1.0,0.9949668049812317,0.0005226876819506288,0.0001475054450565949,0.0,0.004817906767129898,0.0,0.60746169090271,0.0012111765099689364,0.00259791174903512,0.0002692201524041593,0.0,0.0,0.0,0.308412104845047,0.007491427008062601,0.0,0.0,0.010606592521071434,0.0,0.012545039877295494,0.0,0.0,0.0030909511260688305,0.0,0.0,0.08699312061071396,0.0,0.0,0.0,0.0,0.0,0.0,0.0,0.0,0
1,2,1,2,4,1,436444.98333055794,0.0,0.0,0.9728813171386719,0.9712550044059753,0.0,0.0,0.34895187616348267,0.0,0.7523596882820129,0.7572156190872192,0.0,0.26535725593566895,1.0,1.0,0.0,0.0,1.0,0.9941616654396057,0.004452152643352747,0.008982875384390354,0.0,0.00023043288092594594,0.0,0.5991584658622742,0.004852584097534418,0.010493485257029533,9.375408262712881e-05,0.0,0.0,0.0,0.31813740730285645,0.024784952402114868,0.0,0.0,0.03788371756672859,0.0,0.0025469253305345774,0.0,0.0,0.008489650674164295,0.0,0.0,0.07830590009689331,0.0,0.0,0.0,0.0,0.0,0.0,0.0,0.0,0
1,2,1,2,4,1,436478.5113305579,0.0,0.0,0.9787725806236267,0.9758043885231018,0.0,0.0,0.35341599583625793,0.0,0.7429195642471313,0.7436911463737488,0.0,0.26993829011917114,1.0,1.0,0.0,0.0,1.0,0.9967598915100098,0.006675734184682369,0.019926510751247406,0.0006054104887880385,0.0,0.0027503781020641327,0.5868320465087891,0.012139001861214638,0.024710755795240402,4.912920303468127e-06,0.0,0.0,0.0,0.3312307894229889,0.0497719906270504,0.0,0.0,0.07796825468540192,0.0011927818413823843,0.0001165221183327958,0.0,0.0,0.014298626221716404,0.0,0.0,0.06263698637485504,0.0,0.0,0.0,0.0,0.0,0.0,0.0,0.0,0
1,2,1,2,4,1,436512.0393305579,0.0,0.0,0.9807787537574768,0.9775229096412659,0.0,0.0,0.358605295419693,0.0,0.743778645992279,0.7453049421310425,0.0,0.2752075791358948,1.0,1.0,0.0,0.0,1.0,0.9982014298439026,0.022442717105150223,0.03685520589351654,0.00022654866916127503,0.0,0.0010289764031767845,0.5784920454025269,0.017452221363782883,0.0368465855717659,0.016321156173944473,0.0,0.0,0.0,0.3366376757621765,0.07563456892967224,0.0,0.0,0.12946859002113342,0.0004463320947252214,0.007239701692014933,0.0,0.0,0.019697315990924835,0.0,0.0,0.04394788667559624,0.0,0.0,0.0,0.0,0.0,0.0,0.0,0.0,0
1,2,1,2,4,1,436545.5673305579,0.0,0.0,0.9794430136680603,0.977694034576416,0.0,0.0,0.36143258213996887,0.0,0.7443074584007263,0.7449588775634766,0.0,0.27807292342185974,1.0,1.0,0.0,0.0,1.0,0.999552309513092,0.035572413355112076,0.05386025831103325,1.1871619790326804e-05,0.0,5.391743252403103e-05,0.5750457644462585,0.018664436414837837,0.042008113116025925,0.03079961985349655,0.0,0.0,0.0,0.3429839611053467,0.09715390205383301,0.0,0.0,0.17558923363685608,0.0008166051702573895,0.01171812228858471,0.0,0.0,0.02283836342394352,0.0,0.0,0.02262500859797001,0.0,0.0,0.0,0.0,0.0,0.0,0.0,0.0,0
1,2,1,2,4,1,436579.09533055796,0.0,0.0,0.9952201247215271,0.9790240526199341,0.0,0.0,0.362602561712265,0.0,0.7032900452613831,0.6971986889839172,0.0,0.2792704999446869,1.0,1.0,0.0,0.0,1.0,0.9999781847000122,0.03375812619924545,0.05945790559053421,0.008161523379385471,0.0,0.0,0.5707153677940369,0.014444617554545403,0.041498180478811264,0.02887680009007454,0.0,0.0,0.0,0.34782674908638,0.10577988624572754,0.0,0.0,0.19541315734386444,0.0016075317980721593,0.011469300836324692,0.0,0.0,0.014010010287165642,0.0,0.0,0.009785904549062252,0.0,0.0,0.0,0.0,0.0,0.0,0.0,0.0,0
1,2,1,2,4,1,436612.62333055795,0.0,0.9692245721817017,0.9989008903503418,0.9770623445510864,0.0,0.0,0.36305856704711914,0.0,0.7231144309043884,1.648632064643607e-06,0.0,0.2797112464904785,1.0,1.0,0.0,0.0,1.0,1.0,0.020539136603474617,0.061122823506593704,0.017509298399090767,0.0,0.0,0.5670619010925293,0.005900767631828785,0.03715375438332558,0.026771804317831993,0.0,0.0,0.0,0.3466867506504059,0.10489015281200409,0.0,0.0,0.2015184760093689,0.006025239825248718,0.010935436002910137,0.0,0.0,0.003091891063377261,0.0,0.0,0.0020686471834778786,0.0,0.0,0.0,0.0,0.0,0.0,0.0,0.0,0
1,2,1,2,4,2,436646.15133055794,0.0,0.9994431138038635,1.0002448558807373,0.9775144457817078,0.0,0.0,0.36340877413749695,0.0,0.7247854471206665,0.0,0.0,0.28000617027282715,1.0,1.0,0.0,0.0,1.0,1.0,0.004705405328422785,0.06221204251050949,0.028485925868153572,0.0,0.0,0.5641213059425354,0.0010076354956254363,0.024291815236210823,0.0233047753572464,0.0,0.0,0.0,0.3357005715370178,0.0922871083021164,0.0,0.0,0.19758233428001404,0.010339626111090183,0.00825695600360632,0.0,0.0,0.0001447133836336434,0.0,0.0,9.653867891756818e-05,0.0,0.0,0.0,0.0,0.0,0.0,0.0,0.0,0
1,2,1,2,4,2,436679.67933055793,0.0,1.0000661611557007,0.9931509494781494,0.9832292199134827,0.0,0.0,0.3605930507183075,0.0,0.7246386408805847,0.0,0.0,0.27712106704711914,1.0,1.0,0.0,0.0,1.0,0.9986664056777954,0.00022306368919089437,0.05972855165600777,0.036246854811906815,0.0,0.0,0.5672999620437622,4.341306703281589e-05,0.005851884372532368,0.023519359529018402,0.0,0.0,0.0,0.31814244389533997,0.07746686786413193,0.0,0.0,0.18621192872524261,0.01039627380669117,0.005168091040104628,0.0,0.0,0.0038031290750950575,0.0,0.0,0.0,0.004019260406494141,0.0,0.0,0.0,0.0,0.0,0.0,0.0,0
1,2,1,2,4,2,436713.2073305579,0.0,1.0001399517059326,0.9976020455360413,0.9904239773750305,0.0,0.0,0.3582582175731659,0.0,0.7084150910377502,6.882534944452345e-05,0.0,0.2747328281402588,1.0,1.0,0.0,0.0,1.0,0.995715320110321,0.0,0.05642182379961014,0.03780345991253853,0.0,0.0,0.5737680792808533,0.0,0.0003061359457205981,0.028828347101807594,0.0,0.0,0.0,0.3118191361427307,0.06967101246118546,0.0,0.0,0.18928425014019012,0.009841841645538807,0.004540186375379562,0.0,0.0,0.009353005327284336,0.0,0.0,0.0,0.0038992215413600206,0.0,0.0,0.0,0.0,0.0,0.0,0.0,0
1,2,1,2,4,2,436746.7353305579,0.0,9.835860055318335e-07,0.999198317527771,0.9837396740913391,0.0,0.0,0.3584742248058319,0.0,0.702825129032135,0.7032984495162964,0.0,0.27492836117744446,1.0,1.0,0.0,0.0,1.0,0.9985577464103699,0.00024257370387203991,0.053447868674993515,0.03828122466802597,0.0,0.0,0.5756043195724487,0.0,0.002609292743727565,0.03023156337440014,0.0,0.0,0.0,0.30941033363342285,0.06690603494644165,0.0,0.0,0.19527895748615265,0.012120005674660206,0.005733569618314505,0.0,0.0,0.010179494507610798,0.0,0.0,0.0,0.0036506180185824633,0.0,0.0,0.0,0.0,0.0,0.0,0.0,0
1,2,1,2,3,3,436780.2633305579,0.0,3.824220939918632e-08,0.9979149103164673,0.9950781464576721,0.0,0.0,0.36039629578590393,0.0,0.6986075639724731,0.6982303857803345,0.0,0.27683594822883606,1.0,1.0,0.0,0.0,1.0,0.9999257922172546,9.077358845388517e-05,0.051592867821455,0.03991631045937538,0.0,0.0,0.5734761357307434,0.0,0.004184184595942497,0.026693567633628845,0.0,0.0,0.0,0.30470630526542664,0.06474532186985016,0.0,0.0,0.19977085292339325,0.018392549827694893,0.008018771186470985,0.0,0.0,0.0030353013426065445,0.0,0.0,0.0,0.003771799383684993,0.0,0.0,0.0,0.0,0.0,0.0,0.0,0
1,2,1,2,3,3,436813.79133055796,0.0,0.0,1.0006369352340698,0.9982455968856812,0.0,0.0,0.3613208532333374,0.0,0.6868536472320557,0.6871384978294373,0.0,0.2777267098426819,1.0,1.0,0.0,0.0,1.0,1.0,4.756735961564118e-06,0.0510316900908947,0.04213757440447807,0.0,7.006972009548917e-05,0.5711765885353088,0.0,0.0018056571716442704,0.02232413925230503,0.0,0.0,0.0,0.2951440215110779,0.057706136256456375,0.0,0.0,0.2011566162109375,0.024687306955456734,0.007323950994759798,0.0,0.0,0.0002189987717429176,0.0,0.0,0.0,0.008595497347414494,0.0,0.0,0.0,0.0,0.0,0.0,0.0,0
1,2,1,2,3,3,436847.28733055794,0.0,0.0,1.000992774963379,0.9994717836380005,0.0,0.0,0.36056891083717346,0.0,0.6833142042160034,0.6851608753204346,0.0,0.27695968747138977,1.0,1.0,0.0,0.0,1.0,1.0,0.0,0.049684979021549225,0.04225342720746994,0.0,2.6220855943392962e-05,0.5703613758087158,0.0,0.00027023424627259374,0.017354145646095276,0.0,0.0,0.0,0.28525716066360474,0.04985537752509117,0.0,0.0,0.19961848855018616,0.02954387292265892,0.0019493551226332784,0.0,0.0,0.0008721924968995154,0.0,0.0,0.0,0.014400111511349678,0.0,0.0,0.0,0.0,0.0,0.0,0.0,0
1,2,1,2,3,3,436880.7843305579,0.0,0.0,1.0009318590164185,1.00002121925354,0.0,0.0,0.35984185338020325,0.0,0.6829363107681274,0.6839109659194946,0.0,0.2762467861175537,1.0,1.0,0.0,0.0,1.0,1.0,0.006021044682711363,0.048953697085380554,0.04325104504823685,0.0,1.3740311715082498e-06,0.5677176117897034,0.0,1.0864957403100561e-05,0.009722389280796051,0.0,0.0,0.0,0.2803797125816345,0.04273190721869469,0.0,0.0,0.2014404684305191,0.0358753465116024,9.567220695316792e-05,0.0,0.0,0.00032482235110364854,0.0,0.0,0.0,0.018951095640659332,0.0,0.0,0.0,0.0,0.0,0.0,0.0,0
1,2,1,2,3,3,436914.21633055795,0.0,0.0,1.0003591775894165,1.0000356435775757,0.0,0.0,0.360136479139328,0.0,0.6828708648681641,0.6832745671272278,0.0,0.2765774428844452,1.0,1.0,0.0,0.0,1.0,1.0,0.012764381244778633,0.04833119735121727,0.04232453927397728,0.0,0.0,0.5686638951301575,0.0,0.0,0.015798110514879227,0.0,0.0,0.0,0.2722029387950897,0.037387099117040634,0.0,0.0,0.20484793186187744,0.042003847658634186,0.0,0.0,0.0,1.7021313396980986e-05,0.0,0.0,0.0,0.020962897688150406,0.0,0.0,0.0,0.0,0.0,0.0,0.0,0
1,2,2,1,2,-1,436947.64933055796,0.0,0.0,1.0002797842025757,1.0000323057174683,0.0,0.0,0.36284705996513367,0.0,0.6780216097831726,0.6640491485595703,0.0,0.2792825996875763,1.0,1.0,0.0,0.0,1.0,0.996899425983429,0.018711255863308907,0.048103995621204376,0.04400796443223953,0.0,0.0,0.5681570172309875,0.0,0.0,0.015019044280052185,0.0,0.0,0.0,0.25716012716293335,0.02973666600883007,0.0,0.0,0.2003803551197052,0.047831833362579346,0.0,0.0,0.0,0.0,0.0,0.0,0.0,0.020016033202409744,0.0,0.0,0.0,0.0,0.0,0.0,0.0,0
1,2,2,1,2,-1,436981.0503305579,0.0,0.0,1.0004386901855469,1.0000410079956055,0.0,0.0,0.36177948117256165,0.0,0.6756694316864014,0.6736820340156555,0.0,0.27819862961769104,1.0,1.0,0.0,0.0,1.0,0.9917046427726746,0.018329160287976265,0.04715701565146446,0.03926319256424904,0.0,0.00545834144577384,0.5729357600212097,0.0,0.0,0.030155368149280548,0.0,0.0,0.0,0.2399277687072754,0.023978417739272118,0.0,0.0,0.20093944668769836,0.05123453214764595,0.0017515030922368169,0.0,0.0,0.00819767452776432,0.0,0.004072937648743391,0.0,0.021799329668283463,0.0,0.0,0.0,0.0,0.0,0.0,0.0,0
1,2,2,1,2,-1,437014.45133055793,0.0,0.0,1.0003275871276855,1.000030517578125,0.0,0.0,0.36235421895980835,0.0,0.6728734374046326,0.6720761060714722,0.0,0.27875152230262756,1.0,1.0,0.0,0.0,1.0,0.9922353625297546,0.017595870420336723,0.044880982488393784,0.03835544362664223,0.0,0.004739540163427591,0.5748138427734375,0.0,0.0,0.036717209964990616,0.0,0.0,0.0006984532228671014,0.2333994060754776,0.0204881951212883,0.0,0.0,0.2005714774131775,0.054852232336997986,0.001431472017429769,0.0,0.0,0.011793593876063824,0.0,0.0015233417507261038,0.0,0.01974261924624443,0.0,0.0,0.0,0.0,0.0,0.0,0.0,0
1,2,2,1,2,-1,437047.82033055794,0.0,0.0,1.0004725456237793,1.0000431537628174,0.0,0.0,0.36490869522094727,0.0,0.6712818145751953,0.6681028604507446,0.0,0.2813014090061188,1.0,1.0,0.0,0.0,1.0,0.9979774951934814,0.009267422370612621,0.04327467456459999,0.041684892028570175,0.0,0.001116260071285069,0.572767436504364,0.0,0.0,0.02962750755250454,0.0,0.0,0.00026136485394090414,0.23181110620498657,0.018116682767868042,0.0,0.0,0.20138154923915863,0.058424465358257294,0.0013993426691740751,0.0,0.0,0.0034207412973046303,0.0,7.9816032666713e-05,0.0,0.01672639325261116,0.0,0.0,0.0,0.0,0.0,0.0,0.0,0
1,2,2,1,4,1,437081.19033055793,0.0,0.0,1.0004234313964844,1.0000386238098145,0.0,0.0,0.364163339138031,0.0,0.6671489477157593,0.6676992774009705,0.0,0.28057780861854553,1.0,1.0,0.0,0.0,1.0,0.9999013543128967,0.0018605053192004561,0.04228054732084274,0.0422043576836586,0.0,0.001415189472027123,0.5730621218681335,0.0,0.0,0.025097902864217758,0.0,0.0,1.3696047972189263e-05,0.22669391334056854,0.0112485121935606,0.0,0.0,0.20088346302509308,0.061829328536987305,0.000417329283664003,0.0,0.0,0.00017073980416171253,0.0,0.0,0.0,0.020740775391459465,0.0,0.0,0.0,0.0,0.0,0.0,0.0,0
1,2,2,1,4,1,437114.55933055794,0.0,0.0,1.0005970001220703,1.0000656843185425,0.0,0.0,0.3621606230735779,0.0,0.6637840270996094,0.6635345816612244,0.0,0.2786048948764801,1.0,1.0,0.0,0.0,1.0,1.0,8.461057586828247e-05,0.04132211208343506,0.04132211208343506,0.0,0.0008830258739180863,0.5759593844413757,0.0,0.0,0.029006002470850945,0.0,0.0,0.0,0.22190870344638824,0.003554337425157428,0.0,0.0,0.20535807311534882,0.06551752239465714,7.93954313849099e-05,0.0,0.0,0.0,0.0,0.0,0.0,0.024940136820077896,0.0,0.0,0.0,0.0,0.0,0.0,0.0,0
1,2,2,1,4,1,437147.92833055794,0.0,0.0,1.000747561454773,1.0000345706939697,0.0,0.0,0.3607867956161499,0.0,0.6615397930145264,0.6540827751159668,0.0,0.27722516655921936,1.0,1.0,0.0,0.0,1.0,1.0,0.0,0.042105671018362045,0.042105671018362045,0.0,0.00016638879606034607,0.5771374106407166,0.0,0.0,0.028003334999084473,0.0,0.0,0.0,0.2190466821193695,0.00048210882232524455,0.0,0.0,0.2126171737909317,0.06868918985128403,2.182548269047402e-05,0.0,0.0,0.0,0.0,0.0,0.0,0.023386813700199127,0.0,0.0,0.0,0.0,0.0,0.0,0.0,0
1,2,2,1,4,1,437181.2688352319,0.0,0.0,1.0004295110702515,1.0000156164169312,0.0,0.0,0.3611767888069153,0.0,0.6623197197914124,0.647669792175293,0.0,0.2776446044445038,1.0,1.0,0.0,0.0,1.0,1.0,0.0007875096634961665,0.04261041060090065,0.04261041060090065,0.0,7.3193646130675916e-06,0.5782589912414551,0.0,0.0,0.022391077131032944,0.0,0.0,0.0,0.21517311036586761,1.8815173461916856e-05,0.0,0.0,0.21534818410873413,0.06963367760181427,1.1437039120210102e-06,0.0,0.0,0.0,0.0,0.0,0.0,0.02021373063325882,0.0,0.0,0.0,0.0,0.0,0.0,0.0,0
1,2,2,1,4,1,437214.6388352319,0.0,0.0,1.0001269578933716,1.0000076293945312,0.0,0.0,0.36219218373298645,0.0,0.6508292555809021,0.6440420746803284,0.0,0.2787172198295593,1.0,1.0,0.0,0.0,1.0,1.0,0.020723775029182434,0.042540229856967926,0.03908276557922363,0.0,0.0012664826354011893,0.5825191140174866,0.0,0.0,0.029690831899642944,0.0,0.0,0.0,0.20570452511310577,0.0,0.0,0.0,0.21699756383895874,0.07012574374675751,0.0,0.0,0.0,0.0,0.0,0.0,0.0,0.020699992775917053,0.0,0.0,0.0,0.0,0.0,0.0,0.0,0
1,2,2,1,4,2,437248.0078352319,0.0,0.0,1.001349687576294,1.000121831893921,0.0,0.0,0.36172693967819214,0.0,0.6530499458312988,0.6506444215774536,0.0,0.2782725393772125,1.0,1.0,0.0,0.0,1.0,1.0,0.03170815482735634,0.041654303669929504,0.038019392639398575,0.0,0.002049465663731098,0.5873094797134399,0.0,0.0,0.03680809214711189,0.0,0.0,0.0,0.19416116178035736,0.0,0.0,0.0,0.2174837589263916,0.07047732919454575,0.0008827500860206783,0.0,0.0,0.0,0.0,0.0,0.0,0.023724215105175972,0.0,0.0,0.0,0.0,0.0,0.0,0.0,0
1,2,2,1,4,2,437281.3768352319,0.0,0.0,1.0013471841812134,1.000126838684082,0.0,0.0,0.35920944809913635,0.0,0.6436107158660889,0.6424791216850281,0.0,0.2757553458213806,1.0,1.0,0.0,0.0,1.0,1.0,0.03371894359588623,0.04092284291982651,0.03153445944190025,0.0,0.008620742708444595,0.5941663384437561,0.0,0.0,0.06070428714156151,0.0,0.0,0.0,0.17698712646961212,0.0,0.0,0.0,0.21765902638435364,0.0676421970129013,0.006422798149287701,0.0,0.0,0.009984111413359642,0.0,0.004113332834094763,0.0,0.029879655689001083,0.0,0.0,0.0,0.0,0.0,0.0,0.0,0
1,2,2,1,4,2,437314.7458352319,0.0,0.0,1.0005574226379395,1.0000492334365845,0.0,0.0,0.3603006899356842,0.0,0.6409173011779785,0.6401636600494385,0.0,0.27689728140830994,1.0,1.0,0.0,0.0,1.0,1.0,0.05455872043967247,0.040627896785736084,0.026584094390273094,0.0,0.01055171713232994,0.5997591614723206,0.0,0.0,0.07952310889959335,0.0,0.0,0.0,0.17150114476680756,0.0,0.0,0.0,0.2199256718158722,0.06517956405878067,0.007883916608989239,0.0,0.0,0.01703466847538948,0.0,0.0015384340658783913,0.0,0.02764645591378212,0.0,0.0,0.0,0.0,0.0,0.0,0.0,0
1,2,2,1,4,2,437348.1158352319,0.0,0.0,1.0006077289581299,1.0000183582305908,0.0,0.0,0.3651653230190277,0.0,0.6444512605667114,0.5888544321060181,0.0,0.28189194202423096,1.0,1.0,0.0,0.0,1.0,1.0,0.0660596638917923,0.031168440356850624,0.02695443108677864,0.0,0.002969305729493499,0.5986968874931335,0.0,0.0,0.07245687395334244,0.0,0.0,0.0,0.17090679705142975,0.0,0.0,0.0,0.22090816497802734,0.048948030918836594,0.008118842728435993,0.0,0.0,0.005152593366801739,0.0,8.060658728936687e-05,0.0,0.01957869902253151,0.0,0.0,0.0,0.0,0.0,0.0,0.0,0
1,2,2,1,3,3,437381.48483523185,0.0,0.0,1.0003275871276855,1.0000150203704834,0.0,0.0,0.3679125905036926,0.0,0.6350651383399963,0.6329947113990784,0.0,0.2847388982772827,1.0,1.0,0.0,0.0,1.0,1.0,0.06079094484448433,0.028426427394151688,0.028214294463396072,0.0,0.00014731567353010178,0.5970669388771057,0.0,0.0,0.05931563675403595,0.0,0.0,0.0,0.16473489999771118,0.0,0.0,0.0,0.21301212906837463,0.04324735328555107,0.005388740450143814,0.0,0.0,0.0002593992685433477,0.0,0.0,0.0,0.017063675448298454,0.0,0.0,0.0,0.0,0.0,0.0,0.0,0
1,2,2,1,3,3,437414.85383523186,0.0,0.0,1.0003783702850342,1.000024676322937,0.0,0.0,0.3680993914604187,0.0,0.6257159113883972,0.6237781047821045,0.0,0.2849173843860626,1.0,1.0,0.0,0.0,1.0,1.0,0.042558856308460236,0.030952246859669685,0.030952246859669685,0.0,0.0,0.5954580307006836,0.0,0.0,0.04961775988340378,0.0,0.0,0.0,0.1566595584154129,0.0,0.0,0.0,0.20484879612922668,0.044784270226955414,0.005159704014658928,0.0,0.0,0.0,0.0,0.0,0.0,0.01373364683240652,0.0,0.0,0.0,0.0,0.0,0.0,0.0,0
1,2,2,1,3,3,437448.22283523186,0.0,0.0,1.000365972518921,1.0000016689300537,0.0,0.0,0.3687818944454193,0.0,0.6202805042266846,0.6107032299041748,0.0,0.28552472591400146,1.0,1.0,0.0,0.0,1.0,1.0,0.0265209823846817,0.034239888191223145,0.034239888191223145,0.0,0.0,0.5940737724304199,0.0,0.0,0.04346238076686859,0.0,0.0,0.0,0.15033401548862457,0.0,0.0,0.0,0.20040254294872284,0.04632800072431564,0.007154910359531641,0.0,0.0,0.0,0.0,0.0,0.0,0.007791915908455849,0.0,0.0,0.0,0.0,0.0,0.0,0.0,0
1,2,2,1,3,3,437481.59283523186,0.0,0.0,1.0004515647888184,0.9999992847442627,0.0,0.0,0.37029555439949036,0.0,0.6215831637382507,0.6168227195739746,0.0,0.28689709305763245,1.0,1.0,0.0,0.0,1.0,1.0,0.009741795249283314,0.03893463313579559,0.03893463313579559,0.0,0.0,0.590255856513977,0.0,0.0,0.03354277461767197,0.0,0.0,0.0,0.14669351279735565,0.0,0.0,0.0,0.19866439700126648,0.047416482120752335,0.00797173473984003,0.0,0.0,0.0,0.0,0.0,0.0,0.0017486882861703634,0.0,0.0,0.0,0.0,0.0,0.0,0.0,0
1,2,2,1,3,3,437514.96183523186,0.0,0.0,1.000340223312378,1.0000361204147339,0.0,0.0,0.3665779232978821,0.0,0.6175001263618469,0.6169473528862,0.0,0.2830723226070404,1.0,1.0,0.0,0.0,1.0,1.0,0.001536680618301034,0.041597917675971985,0.041597917675971985,0.0,0.0,0.5911088585853577,0.0,0.0,0.022893063724040985,0.0,0.0,0.0,0.14391981065273285,0.0,0.0,0.0,0.1897571086883545,0.04745994880795479,0.0022740087006241083,0.0,0.0,0.0,0.0,0.0,0.0,0.0033227938693016768,0.0,0.0,0.0,0.0,0.0,0.0,0.0,0
1,2,3,3,2,-1,437548.33083523187,0.0,0.0,1.0005347728729248,1.000048279762268,0.0,0.0,0.36361128091812134,0.0,0.6149839758872986,0.614295244216919,0.0,0.28012433648109436,1.0,1.0,0.0,0.0,1.0,1.0,0.028130970895290375,0.042860593646764755,0.042860593646764755,0.0,0.0,0.5939585566520691,0.0,0.0,0.014647861942648888,0.0,0.0,0.0,0.14087894558906555,0.0,0.0,0.0,0.17790603637695312,0.04740766063332558,0.00011334319424349815,0.0,0.0,0.0,0.0,0.0,0.0,0.006711168680340052,0.0,0.0,0.0,0.0,0.0,0.0,0.0,0
1,2,3,3,2,-1,437581.6998352319,0.0,0.0,1.000368356704712,1.0000334978103638,0.0,0.0,0.36011162400245667,0.0,0.6157586574554443,0.6156919002532959,0.0,0.2766806185245514,1.0,1.0,0.0,0.0,1.0,1.0,0.03919266536831856,0.04381601884961128,0.04381601884961128,0.0,0.0,0.5970422625541687,0.0,0.0,0.010806501843035221,0.0,0.0,0.0,0.13630741834640503,0.0,0.0,0.0,0.16984502971172333,0.04664751887321472,0.0,0.0,0.0,0.0,0.0,0.0,0.0,0.009364601224660873,0.0,0.0,0.0,0.0,0.0,0.0,0.0,0
1,2,3,3,2,-1,437615.0698352319,0.0,0.0,1.0006505250930786,1.0000574588775635,0.0,0.0,0.35588616132736206,0.0,0.6137944459915161,0.6138472557067871,0.0,0.2724492847919464,1.0,1.0,0.0,0.0,1.0,1.0,0.02974536456167698,0.04552988335490227,0.04552988335490227,0.0,0.0,0.5974889993667603,0.0,0.0,0.012628007680177689,0.0,0.0,0.0,0.13424678146839142,0.0,0.0,0.0,0.16945470869541168,0.04716719686985016,0.0005631303647533059,0.0,0.0,0.0,0.0,0.0,0.0,0.005842418875545263,0.0,0.0,0.0,0.0,0.0,0.0,0.0,0
1,2,3,3,2,-1,437648.36821875203,0.0,0.0,1.0003167390823364,1.0000286102294922,0.0,0.0,0.3526989817619324,0.0,0.611017644405365,0.6147105097770691,0.0,0.2692875266075134,1.0,1.0,0.0,0.0,1.0,1.0,0.02144140750169754,0.04488565772771835,0.04212434962391853,0.0,0.002542083850130439,0.5983904600143433,0.0,0.0,0.02274295687675476,0.0,0.0,0.0,0.12972743809223175,0.0,0.0,0.0,0.1698710024356842,0.03833632171154022,0.0033079429995268583,0.0,0.0,0.004853673744946718,0.0,0.0,0.0,0.009598566219210625,0.0,0.0,0.0,0.0,0.0,0.0,0.0,0
1,2,3,3,2,-1,437681.73721875204,0.0,0.0,1.0005017518997192,1.000045895576477,0.0,0.0,0.3515622913837433,0.0,0.6085277795791626,0.6085072159767151,0.0,0.26812848448753357,1.0,1.0,0.0,0.0,1.0,1.0,0.02067621611058712,0.04353347793221474,0.040630508214235306,0.0,0.0026544914580881596,0.5991515517234802,0.0,0.0,0.03209851309657097,0.0,0.0,0.0,0.12444882839918137,0.0,0.0,0.0,0.1745840311050415,0.034196410328149796,0.008616974577307701,0.0,0.0,0.006656370125710964,0.0,0.0,0.0,0.013295743614435196,0.0,0.0,0.0,0.0,0.0,0.0,0.0,0
1,2,3,3,4,1,437715.10621875204,0.0,0.0,1.0002132654190063,1.0000194311141968,0.0,0.0,0.35224980115890503,0.0,0.6102290749549866,0.6087892651557922,0.0,0.26874563097953796,1.0,1.0,0.0,0.0,1.0,1.0,0.027536651119589806,0.04331608861684799,0.041179753839969635,0.0,0.001519515528343618,0.6003705263137817,0.0,0.0,0.041305430233478546,0.0,0.0,0.0,0.11769971996545792,0.0,0.0,0.0,0.182060107588768,0.03513936698436737,0.013922984711825848,0.0,0.0,0.0041757081635296345,0.0,0.0,0.0,0.014619293622672558,0.0,0.0,0.0,0.0,0.0,0.0,0.0,0
1,2,3,3,4,1,437748.47466693376,0.0,0.0,1.0001364946365356,1.0000076293945312,0.0,0.0,0.35161375999450684,0.0,0.6054102182388306,0.6041588187217712,0.0,0.2681388854980469,1.0,1.0,0.0,0.0,1.0,1.0,0.03219560533761978,0.041290052235126495,0.0407361164689064,0.0,0.0003448467468842864,0.6032578945159912,0.0,0.0,0.04395413398742676,0.0,0.0,0.0,0.11447995156049728,0.0,0.0,0.0,0.18293261528015137,0.034095656126737595,0.010473016649484634,0.0,0.0,0.0028105450328439474,0.0,0.0,0.0,0.017562497407197952,0.0,0.0,0.0,0.0,0.0,0.0,0.0,0
1,2,3,3,4,1,437781.83814621705,0.0,0.0,1.0003741979599,1.0000277757644653,0.0,0.0,0.35099244117736816,0.0,0.6089234352111816,0.6050718426704407,0.0,0.26762881875038147,1.0,1.0,0.0,0.0,1.0,1.0,0.027611613273620605,0.04011021554470062,0.04008311405777931,0.0,1.6320522263413295e-05,0.6079911589622498,0.0,0.0,0.039877668023109436,0.0,0.0,0.0,0.11342866718769073,0.0,0.0,0.0,0.18024547398090363,0.031197601929306984,0.0047525339759886265,0.0,0.0,0.0007428760291077197,0.0,0.0,0.0,0.018285151571035385,0.0,0.0,0.0,0.0,0.0,0.0,0.0,0
1,2,3,3,4,1,437815.20714621706,0.0,0.0,1.0003113746643066,1.0000280141830444,0.0,0.0,0.351213663816452,0.0,0.6077529191970825,0.6025454998016357,0.0,0.26795265078544617,1.0,1.0,0.0,0.0,1.0,1.0,0.015874851495027542,0.040648605674505234,0.040648605674505234,0.0,0.0,0.6119295358657837,0.0,0.0,0.037711359560489655,0.0,0.0,0.0,0.11103560775518417,0.0,0.0,0.0,0.17777369916439056,0.02549120783805847,0.0009526405483484268,0.0,0.0,3.6595600249711424e-05,0.0,0.0,0.0,0.015622768551111221,0.0,0.0,0.0,0.0,0.0,0.0,0.0,0
1,2,3,3,4,1,437848.57614621706,0.0,0.0,1.0001182556152344,1.0000070333480835,0.0,0.0,0.3520531952381134,0.0,0.6083955764770508,0.6003643870353699,0.0,0.26881733536720276,1.0,1.0,0.0,0.0,1.0,1.0,0.0035597258247435093,0.04196079820394516,0.04196079820394516,0.0,0.0,0.6168941259384155,0.0,0.0,0.03970218077301979,0.0,0.0,0.0,0.1061733067035675,0.0,0.0,0.0,0.17683593928813934,0.02021067962050438,0.0022584747057408094,0.0,0.0,0.0,0.0,0.0,0.0,0.011172205209732056,0.0,0.0,0.0,0.0,0.0,0.0,0.0,0
1,2,3,3,4,2,437881.94614621706,0.0,0.0,1.0003235340118408,0.9991524815559387,0.0,0.0,0.3548160493373871,0.0,0.6082307696342468,0.5500186085700989,0.0,0.271488755941391,1.0,1.0,0.0,0.0013713821535930037,1.0,1.0,0.00016781239537522197,0.04458596184849739,0.04458596184849739,0.0,0.0,0.6187843084335327,0.0,0.0,0.04316503927111626,0.0,0.0,0.0,0.09789913892745972,0.0,0.0,0.0,0.1806497424840927,0.018802808597683907,0.009687895886600018,0.0,0.0,0.0,0.0,0.0,0.0,0.0032127813901752234,0.0,0.0,0.0,0.0,0.0,0.0,0.0,0
1,2,3,3,4,2,437915.347146217,0.0,0.0,1.0007277727127075,0.9999025464057922,0.0,0.0,0.3577982187271118,0.0,0.6101008653640747,0.5882687568664551,0.0,0.27433738112449646,1.0,1.0,0.0,0.0005131558864377439,1.0,1.0,0.010502136312425137,0.04674043133854866,0.04674043133854866,0.0,0.0,0.6192929744720459,0.0,0.0,0.03805055469274521,0.0,0.0,0.0,0.08775462210178375,0.0,0.0,0.0,0.17502211034297943,0.018300825729966164,0.01321044098585844,0.0,0.0,0.0,0.0,0.0,0.0,0.0005528740584850311,0.0,0.0,0.0,0.0,0.0,0.0,0.0,0
1,2,3,3,4,2,437948.748146217,0.0,0.0,1.0008794069290161,1.0000277757644653,0.0,0.0,0.35545510053634644,0.0,0.5944108963012695,0.5895414352416992,0.0,0.27200186252593994,1.0,1.0,0.0,2.689011125767138e-05,1.0,1.0,0.018140573054552078,0.044409122318029404,0.044409122318029404,0.0,0.0,0.6229401230812073,0.0,0.0,0.028455302119255066,0.0,0.0,0.0,0.08123656362295151,0.0,0.0,0.0,0.16225387156009674,0.01009964756667614,0.0077429115772247314,0.0,0.0,0.0009408541372977197,0.0,0.0,0.0,0.010353410616517067,0.0,0.0,0.0,0.0,0.0,0.0,0.0,0
1,2,3,3,4,2,437982.20334599516,0.0,0.0,1.0003132820129395,1.0000258684158325,0.0,0.0,0.3536147475242615,0.0,0.5876032710075378,0.5845864415168762,0.0,0.2703753709793091,1.0,1.0,0.0,0.0,1.0,1.0,0.02394776977598667,0.03814201056957245,0.035327132791280746,0.0,0.0,0.6310380697250366,0.0,0.0,0.03608016297221184,0.0,0.0,0.0,0.07753228396177292,0.0005264522042125463,0.0,0.0,0.15954022109508514,0.002113679191097617,0.0021202743519097567,0.0,0.0,0.006278293207287788,0.0,0.0,0.0,0.014443849213421345,0.0,0.0,0.0,0.0,0.0,0.0,0.0,0
1,2,3,3,4,2,438015.66834599513,0.0,0.0,1.000448226928711,1.0000277757644653,0.0,0.0,0.3573964536190033,0.0,0.5859541893005371,0.5750618577003479,0.0,0.2743317782878876,1.0,1.0,0.0,0.0,1.0,1.0,0.028075160458683968,0.03608383238315582,0.03503194823861122,0.0,0.0,0.6338149309158325,0.0,0.0,0.039542343467473984,0.0,0.0,0.0,0.07372841238975525,0.00019700250413734466,0.0,0.0,0.16373494267463684,9.743316331878304e-05,0.0011064776917919517,0.0,0.0,0.002233920618891716,0.0,0.0,0.0,0.005357244983315468,0.0,0.0,0.0,0.0,0.0,0.0,0.0,0
1,2,3,3,3,3,438049.1643459951,0.0,0.0,1.0009605884552002,1.0000818967819214,0.0,0.0,0.3611542284488678,0.0,0.5677863359451294,0.5704128742218018,0.0,0.2780967354774475,1.0,1.0,0.0,0.0,1.0,1.0,0.020152095705270767,0.038269445300102234,0.03821437805891037,0.0,0.0,0.6332324743270874,0.0,0.0,0.03783905506134033,0.0,0.0,0.0,0.06536974757909775,1.032334694173187e-05,0.0,0.0,0.167384073138237,0.0,0.0042576720006763935,0.0,0.0,0.00011606309999478981,0.0,0.0,0.0,0.0006542552728205919,0.0,0.0,0.0,0.0,0.0,0.0,0.0,0
1,2,3,3,3,3,438082.66034599516,0.7397103309631348,0.0,1.0032804012298584,1.0013067722320557,0.0,0.0,0.36233365535736084,0.0,0.003517111064866185,0.5747132897377014,0.0,0.2791949510574341,1.0,1.0,0.0,0.0,1.0,1.0,0.015019507147371769,0.03908433020114899,0.03908433020114899,0.0,0.0031521066557615995,0.6354143619537354,0.0,0.0,0.036485668271780014,0.0,0.0,0.0,0.05339401960372925,0.0,0.0,0.0,0.1667730212211609,0.0,0.010072331875562668,0.0,0.0,0.0015661856159567833,0.0,0.0,0.0,0.0034845597110688686,0.0,0.0,0.0,0.0,0.0,0.0,0.0,0
1,2,3,3,3,3,438116.18834599515,0.7263174057006836,0.0,1.00374174118042,1.0018712282180786,0.0,0.0,0.36158251762390137,0.0,0.00013306981418281794,0.5722247958183289,0.0,0.278318852186203,1.0,1.0,0.0,0.0,1.0,1.0,0.018882956355810165,0.03803660348057747,0.036831632256507874,0.0,0.009086895734071732,0.6394339203834534,0.0,0.0,0.046433135867118835,0.0,0.0,0.0,0.04353056848049164,0.0,0.0,0.0,0.1661074310541153,0.0029381050262600183,0.017725978046655655,0.0,0.0,0.005570087116211653,0.0,0.0,0.0,0.010858176276087761,0.0,0.0,0.0,0.0,0.0,0.0,0.0,0
1,2,3,3,3,3,438149.71634599514,0.38194411993026733,0.0,1.0022841691970825,1.0012922286987305,0.0,0.0,0.35963284969329834,0.0,0.0,0.5707191228866577,0.0,0.2763651907444,1.0,1.0,0.0,0.0,1.0,1.0,0.020519912242889404,0.03427080437541008,0.0297867339104414,0.0,0.013117860071361065,0.646917462348938,0.0,0.0,0.06700077652931213,0.0,0.0,0.0,0.038823746144771576,0.0017345170490443707,0.0,0.0,0.1674686223268509,0.006180261727422476,0.020147055387496948,0.0,0.0,0.013090555556118488,0.0,0.0,0.0,0.018583020195364952,0.0,0.0,0.0,0.0,0.0,0.0,0.0,0
1,2,3,3,3,3,438183.24434599513,0.13278304040431976,0.0,1.0024470090866089,1.000322699546814,0.0,0.0,0.3584095239639282,0.0,0.0,0.5707665085792542,0.0,0.275289386510849,1.0,1.0,0.0,0.0,1.0,1.0,0.013815239071846008,0.027018260210752487,0.025487881153821945,0.0,0.00909923855215311,0.6516687870025635,0.0,0.0,0.06332086771726608,0.0,0.0,0.0,0.041160982102155685,0.0006490138475783169,0.0,0.0,0.16005325317382812,0.0052386075258255005,0.016094177961349487,0.0,0.0,0.016032999381422997,0.0,0.0,0.0,0.023101650178432465,0.0,0.0,0.0,0.0,0.0,0.0,0.0,0
1,2,4,4,2,-1,438216.7723459951,0.01706811971962452,0.0153201250359416,1.0011733770370483,1.0001283884048462,0.0,0.0,0.36098530888557434,0.0,0.0,4.7668021579738706e-05,0.0,0.27806806564331055,1.0,1.0,0.0,0.0,1.0,1.0,0.02498113177716732,0.023455610498785973,0.02337675727903843,0.0,0.002129792934283614,0.6552752256393433,0.0,0.0,0.051657937467098236,0.0,0.0,0.0,0.037528783082962036,3.4008960938081145e-05,0.0,0.0,0.14856387674808502,0.0013266054447740316,0.013524121604859829,0.0,0.0,0.007035812363028526,0.0,0.0,0.0,0.01750660128891468,0.0,0.0,0.0,0.0,0.0,0.0,0.0,0
1,2,4,4,2,-1,438250.3003459951,0.05274146795272827,0.054124634712934494,1.0012601613998413,1.0001026391983032,0.0,0.0,0.36375895142555237,0.0,0.0,0.0,0.0,0.2809009552001953,1.0,1.0,0.0,0.0,1.0,1.0,0.02553764171898365,0.026158597320318222,0.026158597320318222,0.0,0.00010123442916665226,0.6530849933624268,0.0,0.0,0.0381043404340744,0.0,0.0,0.0,0.033377889543771744,0.0,0.0,0.0,0.13872171938419342,6.429369386751205e-05,0.010649935342371464,0.0,0.0,0.0011377624468877912,0.0,0.0,0.004259908106178045,0.004343368113040924,0.0,0.0,0.0,0.0,0.0,0.0,0.0,0
1,2,4,4,2,-1,438283.8248642098,0.00813346542418003,0.010317417792975903,1.0014394521713257,1.000112533569336,0.0,0.0,0.36471274495124817,0.0,0.009659728966653347,0.0028617477510124445,0.0,0.2818085551261902,1.0,1.0,0.0,0.0,1.0,1.0,0.02007879503071308,0.02725840173661709,0.02725840173661709,0.0,0.0007567883003503084,0.6533717513084412,0.0,0.0,0.03008257783949375,0.0,0.0,0.0,0.030132383108139038,0.0,0.0,0.0,0.13210563361644745,0.0,0.012132749892771244,0.0,0.0,4.759582589031197e-05,0.0,0.0,0.0015931932721287012,0.00020972720813006163,0.0,0.0,0.0,0.0,0.0,0.0,0.0,0
1,2,4,4,2,-1,438317.32874178904,0.001496609766036272,0.0030172942206263542,1.00165855884552,1.000150203704834,0.0,0.0,0.36518529057502747,0.0,0.010746696032583714,0.0062834532000124454,0.0,0.2820994257926941,1.0,1.0,0.0,0.0,1.0,1.0,0.008266907185316086,0.027674861252307892,0.027674861252307892,0.0,0.0002831934252753854,0.6536425948143005,0.0,0.0,0.028655409812927246,0.0,0.0,0.0,0.023813139647245407,0.0,0.0,0.0,0.13108865916728973,0.0029721418395638466,0.021190548315644264,0.0,0.0,0.0,0.0,0.0,8.347490074811503e-05,0.0,0.0,0.0,0.0,0.0,0.0,0.0,0.0,0
1,2,4,4,2,-1,438350.85674178903,0.011403207667171955,0.012322776019573212,1.000710129737854,1.0000654458999634,0.0,0.0,0.36168184876441956,0.0,0.002489684382453561,0.0007806035573594272,0.0,0.27840882539749146,1.0,1.0,0.0,0.0,1.0,1.0,0.0013804914196953177,0.026782941073179245,0.026782941073179245,0.0,0.0020913274493068457,0.6556144952774048,0.0,0.0,0.02815958485007286,0.0,0.0,0.0,0.018819591030478477,0.0,0.0,0.0,0.12860551476478577,0.005150413140654564,0.02651471272110939,0.0,0.0,0.0016449696850031614,0.0,0.0,0.0,0.005333831999450922,0.0,0.0,0.0,0.0,0.0,0.0,0.0,0
1,2,4,4,4,1,438384.384741789,0.004413769114762545,0.0040649594739079475,1.0003087520599365,1.0000325441360474,0.0,0.0,0.35641372203826904,0.0,0.0009328199084848166,0.0005854312912560999,0.0,0.27317026257514954,1.0,1.0,0.0,0.0,1.0,1.0,5.884731945116073e-05,0.022392453625798225,0.022392453625798225,0.0,0.0014513881178572774,0.6602909564971924,0.0,0.0,0.02089514210820198,0.0,0.0,0.0,0.01767585799098015,0.0,0.0,0.0,0.11833661794662476,0.0015688712010160089,0.019955480471253395,0.0,0.0,0.007640843279659748,0.0,0.0,0.0,0.011195491068065166,0.0,0.0,0.0,0.0,0.0,0.0,0.0,0
1,2,4,4,4,1,438417.912741789,0.0,0.0,1.000947117805481,1.0000864267349243,0.0,0.0,0.3548799455165863,0.0,0.0176713727414608,0.01510478463023901,0.0,0.27182725071907043,1.0,1.0,0.0,0.0,1.0,1.0,0.006142219062894583,0.01959451287984848,0.01959451287984848,0.0,0.0002930762420874089,0.6650453805923462,0.0,0.0,0.008871820755302906,0.0,0.0,0.0,0.00989579875022173,0.0,0.0,0.0,0.10326211154460907,7.914836169220507e-05,0.006663582753390074,0.0,0.0,0.0026577196549624205,0.0,0.0,0.007988793775439262,0.0035403878428041935,0.0,0.0,0.0,0.0,0.0,0.0,0.0,0
1,2,4,4,4,1,438451.440741789,0.010851189494132996,0.01697334460914135,1.0011366605758667,0.999468982219696,0.0,0.0,0.3564735949039459,0.0,0.004281905479729176,0.003444547299295664,0.0,0.2735466957092285,1.0,1.0,0.0,0.0,1.0,1.0,0.005421320907771587,0.022039005532860756,0.022039005532860756,1.4909048331901431e-05,1.322436764894519e-05,0.6653107404708862,0.0,0.0,0.0016104202950373292,0.0,0.0,0.0,0.002086037304252386,0.0,0.0,0.0,0.09430189430713654,0.0,0.0012050821678712964,0.0,0.0,0.00013752577069681138,0.0,0.0,0.014376200735569,0.00017992296488955617,0.0,0.0,0.0,0.0,0.0,0.0,0.0,0
1,2,4,4,4,1,438484.96874178905,0.0,0.6966406106948853,1.0008317232131958,0.9959810972213745,0.0,0.0,0.3601863384246826,0.0,0.024698156863451004,0.00017865616246126592,0.0,0.27731162309646606,1.0,1.0,0.0,0.0029658067505806684,1.0,1.0,0.0012890009675174952,0.027141023427248,0.02543308213353157,5.5791301747376565e-06,0.0,0.6632221937179565,0.0,0.0,0.0028346742037683725,0.0,0.0,0.0,9.634393063606694e-05,0.0029482648242264986,0.0,0.0,0.10625874251127243,0.0,0.008729357272386551,0.0,0.0,0.009656252339482307,0.0,0.0,0.006169489119201899,0.0,0.0,0.0,0.0,0.0,0.0,0.0,0.007553533650934696,0
1,2,4,4,4,1,438518.49674178904,0.0,0.00010517481860006228,1.0007215738296509,0.9983205199241638,0.0,0.0,0.3682127892971039,0.0,0.027255119755864143,0.020415157079696655,0.0,0.28518617153167725,1.0,1.0,0.0,0.0058794766664505005,1.0,1.0,6.123801722424105e-05,0.03444501757621765,0.033248450607061386,2.9235883403089247e-07,0.0,0.6610389351844788,0.0,0.0,0.0123289804905653,0.0,0.0,0.0,0.0,0.0011029710294678807,0.0,0.0,0.1260310560464859,0.0077590434812009335,0.030531151220202446,0.0,0.0,0.017162015661597252,0.0,0.0,0.0008807454723864794,0.0,0.0,0.0,0.0,0.0,0.0,0.0,0.003714202204719186,0
1,2,4,4,3,2,438552.02474178904,0.0,3.485086153887096e-06,1.0006821155548096,0.9994735717773438,0.0,0.0,0.3773171901702881,0.0,0.026816263794898987,0.025802645832300186,0.0,0.294052392244339,1.0,1.0,0.0,0.0018420765409246087,1.0,1.0,0.0,0.041906557977199554,0.04166480153799057,0.0,0.0,0.6583610773086548,0.0,0.0,0.019782140851020813,0.0,0.0,0.0,0.0,5.7794164604274556e-05,0.0,0.0,0.12837909162044525,0.022586742416024208,0.048203080892562866,0.0,0.0,0.011677690781652927,0.0,0.0,3.4495013096602634e-05,0.0,0.0,0.0,0.0,0.0,0.0,0.0,0.0004814069834537804,0
1,2,4,4,3,2,438585.552741789,0.0,0.0,1.0008615255355835,0.9998418092727661,0.0,0.0,0.38210418820381165,0.0,0.04599841311573982,0.044061899185180664,0.0,0.29876282811164856,1.0,1.0,0.0,9.346460865344852e-05,1.0,1.0,0.0,0.042522232979536057,0.04251129552721977,0.0,0.0,0.6615622639656067,0.0,0.0,0.014424430206418037,0.0,0.0,0.0,0.0,0.0,0.0,0.0,0.11118175089359283,0.03468924015760422,0.044125478714704514,0.0,0.00019445868383627385,0.0034008484799414873,0.0,0.0,0.0,0.0,0.0015775710344314575,0.0,0.0,0.0,0.0,0.0,1.7481756003689952e-05,0
1,2,4,4,3,2,438619.080741789,0.0,0.0,1.001455545425415,1.000125765800476,0.0,0.0,0.3831122815608978,0.0,0.03601294383406639,0.03278452903032303,0.0,0.29986104369163513,1.0,1.0,0.0,0.0,1.0,1.0,0.003570240456610918,0.037677884101867676,0.037677884101867676,0.002729044295847416,0.0,0.6701532006263733,0.0,0.0,0.006597305182367563,0.0,0.0,0.0,0.0,0.0,0.0,0.0,0.07381831854581833,0.041669368743896484,0.016887668520212173,0.0,0.009029790759086609,0.00040076434379443526,0.0,0.0001708596246317029,0.0,0.0,0.0005902981502003968,0.0,0.0,0.0,0.003297309158369899,0.0,0.0,0
1,2,4,4,3,2,438652.608741789,0.0,0.0,1.0010364055633545,1.0000483989715576,0.0,0.0,0.3818959593772888,0.0,0.048581045120954514,0.02510158158838749,0.0,0.2988027036190033,1.0,1.0,0.0,0.0,1.0,1.0,0.0015401288401335478,0.030864885076880455,0.030864885076880455,0.0047388747334480286,0.0,0.6807905435562134,0.0,0.0,0.001343087526038289,0.0,0.0,0.0,0.0,0.0,0.0,0.0,0.030815966427326202,0.04395080357789993,0.0025303871370851994,0.0,0.018595214933156967,1.4410697076527867e-05,0.0,0.002070382935926318,0.0,0.0,3.09323295368813e-05,0.0,0.0,0.0,0.005300682038068771,0.0,0.0,0
1,2,4,4,4,3,438686.136741789,0.0,0.0016579743241891265,1.0008220672607422,1.0000123977661133,0.0,0.0,0.3789782226085663,0.0,0.052983853965997696,0.024440404027700424,0.0,0.2960048317909241,1.0,1.0,0.0,0.0,1.0,1.0,0.0006623243680223823,0.0241866335272789,0.024174867197871208,0.006670112255960703,0.0,0.6930972933769226,0.0,0.0,0.009586540050804615,0.0,0.0,0.0,0.0,0.0,0.0,0.0,0.011270131915807724,0.04508870840072632,0.0028287959285080433,0.0,0.02039034105837345,0.0043483637273311615,0.0,0.008788365870714188,0.0,0.0,0.0,0.0,0.0,0.0,0.002874148776754737,0.0,0.0,0
1,2,4,4,4,3,438719.66474178905,0.0,8.686805085744709e-05,1.0011733770370483,0.9999971985816956,0.0,0.0,0.3799307346343994,0.0,0.052949175238609314,0.03432467579841614,0.0,0.29691168665885925,1.0,1.0,0.0,0.0,1.0,1.0,0.03203587234020233,0.020574675872921944,0.02057027630507946,0.009103150106966496,0.0,0.7051756978034973,0.0,0.0,0.020695487037301064,0.0,0.0,0.0,0.0,0.0,0.0,0.0,0.0064612748101353645,0.04841602221131325,0.013360220938920975,0.0,0.013389522209763527,0.0035046350676566362,0.0,0.013533314689993858,0.0,0.0,0.0,0.0,0.0,0.0,0.0005616088164970279,0.0,0.0,0
1,2,4,4,4,3,438753.19274178904,0.0,0.0,1.0015519857406616,1.0001636743545532,0.0,0.0,0.37983113527297974,0.0,0.06362257897853851,0.052301883697509766,0.0,0.2966238856315613,1.0,1.0,0.0,0.0,1.0,1.0,0.05224653705954552,0.018959088250994682,0.018958857282996178,0.007415577303618193,0.0,0.7176475524902344,0.0,0.0,0.028505895286798477,0.0,0.0,0.0,0.0,0.0,0.0,0.0,0.004982773680239916,0.05458160117268562,0.0251909289509058,0.0,0.003146849572658539,0.0007878601318225265,0.0,0.017302121967077255,0.0,0.0,0.0,0.0,0.0,0.0,2.525206218706444e-05,0.0,0.0,0
1,2,4,4,4,3,438786.72074178903,0.0,0.0,1.0007591247558594,1.0000828504562378,0.0,0.0,0.37688758969306946,0.0,0.046105992048978806,0.041458383202552795,0.0,0.29358747601509094,1.0,1.0,0.0,0.0,1.0,1.0,0.053165171295404434,0.01497805118560791,0.01497805118560791,0.003184412606060505,0.0,0.7284061908721924,0.0,0.0,0.022284425795078278,0.0,0.0,0.0,0.0,0.0,0.0,0.0,0.0013251736527308822,0.05603905767202377,0.022458812221884727,0.0,0.00014999444829300046,3.6819197703152895e-05,0.0,0.01663556694984436,0.0,0.0,0.0016752728261053562,0.0,0.0,0.0,0.0007615068461745977,0.0,0.0,0
1,2,4,4,4,3,438820.248741789,0.0,0.0,1.0005563497543335,1.000058650970459,0.0,0.0,0.3736672103404999,0.0,0.05617401376366615,0.0464574471116066,0.0,0.2904309332370758,1.0,1.0,0.0,0.0,1.0,1.0,0.044336456805467606,0.008873424492776394,0.008873424492776394,0.0005779348430223763,0.0,0.7391971349716187,0.0,0.0,0.01221760269254446,0.0,0.0,0.0,0.0,0.0,0.0,0.0,6.518272130051628e-05,0.05312361940741539,0.005814391653984785,0.0,0.0,0.0,0.0,0.015060543082654476,0.0,0.0,0.0015893743839114904,0.0,0.0,0.0,0.0020595616661012173,0.0,0.0,0
1,2,4,4,4,3,438853.776741789,0.0,0.0,1.0005757808685303,1.0000567436218262,0.0,0.0,0.3705086410045624,0.0,0.06061583757400513,0.048109617084264755,0.0,0.2873801589012146,1.0,1.0,0.0,0.0,1.0,1.0,0.028978921473026276,0.007139883004128933,0.006258450448513031,2.5493165594525635e-05,0.0,0.7453060746192932,0.0,0.0,0.009678428992629051,0.0,0.0,0.0,0.0,0.0,0.0,0.0,0.0,0.04593611881136894,0.0002833144390024245,0.0,0.0,0.0,0.0,0.01987667940557003,0.0,0.0,0.00039301387732848525,0.0,0.0,0.0,0.0051725273951888084,0.0,0.0,0
1,2,5,5,2,-1,438887.304741789,0.0,0.0,1.0004088878631592,1.000012755393982,0.0,0.0,0.366556853055954,0.0,0.05942416936159134,0.05157065764069557,0.0,0.2835201621055603,1.0,1.0,0.0,0.0,1.0,1.0,0.010904215276241302,0.006104529369622469,0.005104124080389738,0.0,0.0003484378685243428,0.7489976286888123,0.0,0.0,0.0073717208579182625,0.0,0.0,0.0,0.0,0.0,0.0,0.0,0.0,0.035737741738557816,0.0,0.0,0.0,0.0009236745536327362,0.0,0.027563871815800667,0.0,0.0016808798536658287,1.8873339286074042e-05,0.0,0.0,0.0,0.004654156044125557,0.0,0.0,0
1,2,5,5,2,-1,438920.83274178905,0.0,0.0,1.0001778602600098,1.000009536743164,0.0,0.0,0.3640003800392151,0.0,0.05953948199748993,0.049630433320999146,0.0,0.28096097707748413,1.0,1.0,0.0,0.0,1.0,1.0,0.008600150234997272,0.006389284506440163,0.006121079437434673,0.0,0.005703204311430454,0.75102299451828,0.0,0.0,0.008579716086387634,0.0,0.0,0.0,0.0,0.0,0.0,0.0,0.0,0.022996999323368073,0.008104987442493439,0.0,0.0,0.004929875023663044,0.0,0.0350290946662426,0.0,0.005858134012669325,0.0,0.0,0.0,0.0,0.0011872649192810059,0.0,0.0,0
1,2,5,5,2,-1,438954.36074178905,0.0,0.0,1.000915288925171,1.0000845193862915,0.0,0.0,0.363350510597229,0.0,0.06281735748052597,0.06012663245201111,0.0,0.2802295982837677,1.0,1.0,0.0,0.0,1.0,1.0,0.01287080068141222,0.006560140289366245,0.006546991877257824,0.0,0.01975066401064396,0.7514631748199463,0.0,0.0,0.01360359974205494,0.0,0.0,0.0,0.0,0.0,0.0,0.0,0.0005151214427314699,0.005542661529034376,0.027144350111484528,0.0,0.0,0.016260245814919472,0.0,0.039530809968709946,0.0,0.013361435383558273,0.0,0.0,0.0,0.0,5.759614577982575e-05,0.0,0.0,0
1,2,5,5,2,-1,438987.88874178904,0.0,0.0,1.000486135482788,1.000044584274292,0.0,0.0,0.3631838262081146,0.0,0.057330287992954254,0.05611783266067505,0.0,0.2800067365169525,1.0,1.0,0.0,0.0,1.0,1.0,0.011645860970020294,0.0026102138217538595,0.0026102138217538595,0.0,0.027944615110754967,0.7558315396308899,0.0,0.0,0.015870600938796997,0.0,0.0,0.0,0.0,0.0,0.0,0.0,0.0001927625125972554,0.0002663691411726177,0.044781457632780075,0.0,0.0,0.024987494572997093,0.0,0.03805327042937279,0.0,0.016757991164922714,0.003644716925919056,0.0,0.0,0.0,0.0,0.0,0.0,0
1,2,5,5,2,-1,439021.416741789,0.0,0.0,1.0002881288528442,1.0000346899032593,0.0,0.0,0.36241477727890015,0.0,0.05859551206231117,0.05822950229048729,0.0,0.27936089038848877,1.0,1.0,0.0,0.0,1.0,1.0,0.003069637343287468,0.0003759464016184211,0.0003759464016184211,0.0,0.03186879679560661,0.7630332708358765,0.0,0.0,0.011922019533813,0.0,0.0,0.0,0.0,0.0,0.0,0.0,1.0101163752551656e-05,0.0,0.047221843153238297,0.0,0.0,0.02892596647143364,0.0,0.031167184934020042,0.0,0.01470558438450098,0.006695703137665987,0.0,0.0,0.0,0.0,0.0,0.0,0
1,2,5,5,4,1,439054.944741789,0.0,0.0,1.000523567199707,1.0000509023666382,0.0,0.0,0.36338773369789124,0.0,0.062050655484199524,0.0616069957613945,0.0,0.28069472312927246,1.0,1.0,0.0,0.0,1.0,1.0,0.021208027377724648,1.4873119653202593e-05,1.4873119653202593e-05,0.0,0.037117961794137955,0.770524799823761,0.0,0.0,0.0029772715643048286,0.0,0.0,0.0,6.358881364576519e-05,0.0,0.0,0.0,0.0,0.0,0.03664708137512207,0.0,0.0,0.03227263689041138,0.0,0.025939851999282837,0.0,0.012719535268843174,0.006998373661190271,0.0,0.0,0.0,0.0,0.0,0.0,0
1,2,5,5,4,1,439088.472741789,0.0,0.0,1.0002317428588867,1.0000183582305908,0.0,0.0,0.36638763546943665,0.0,0.055360887199640274,0.05416089668869972,0.0,0.28397336602211,1.0,1.0,0.0,0.0,1.0,1.0,0.045479994267225266,0.001786407083272934,0.001786407083272934,0.0,0.04265235364437103,0.7769594788551331,0.0,0.0,0.00014404735702555627,0.0,0.0,0.0,2.379563193244394e-05,0.0,0.0,0.0,0.0,0.0,0.032827045768499374,0.0,0.0,0.03443058952689171,0.0,0.024724960327148438,0.0,0.008732675574719906,0.0019489743281155825,0.0,0.0,0.0,0.0,0.0,0.0,0
1,2,5,5,4,1,439121.96874178905,0.0,0.0,1.000137209892273,0.9985886216163635,0.0,0.0,0.36939138174057007,0.0,0.05695466697216034,0.05250123515725136,0.0,0.28711095452308655,1.0,1.0,0.0,0.0,1.0,1.0,0.06726076453924179,0.004012126475572586,0.004012126475572586,0.0,0.04852559044957161,0.7805096507072449,0.0,0.0,0.0025237801019102335,0.0,0.0,0.0,1.2469439525375492e-06,0.0,0.0,0.0,0.0,0.0,0.03711095452308655,0.0,0.0,0.03554125130176544,0.0,0.02515128254890442,0.0,0.006562959868460894,9.663556556915864e-05,0.0,0.0,0.0,0.0,0.0,0.0,0
1,2,5,5,4,1,439155.465741789,0.0,0.0,1.0003167390823364,0.9998762011528015,0.0,0.0,0.37214145064353943,0.0,0.062093693763017654,0.05189508944749832,0.0,0.2898009717464447,1.0,1.0,0.0,0.0,1.0,1.0,0.06989983469247818,0.007777320221066475,0.006469461601227522,0.0,0.05384305119514465,0.784629762172699,0.0,0.0,0.007760682143270969,0.0,0.0,0.0,0.0,0.0,0.0,0.0,0.0,0.0038492886815220118,0.05095747858285904,0.0,0.0,0.03571353480219841,0.0,0.018181374296545982,0.0,0.0017584648448973894,0.0,0.0,0.0,0.0,0.0,0.0,0.0,0
1,2,5,5,4,1,439188.897741789,0.0,0.0,1.0004082918167114,1.0000195503234863,0.0,0.0,0.37470167875289917,0.0,0.057822711765766144,0.05546580255031586,0.0,0.2922259271144867,1.0,1.0,0.0,0.0,1.0,1.0,0.05950184538960457,0.011665204539895058,0.00961131788790226,0.0,0.05409657582640648,0.7884877324104309,0.0,0.0,0.012953471392393112,0.0,0.0,0.0,0.0,0.0,0.0,0.0,0.0010218080133199692,0.007313547655940056,0.06810221821069717,0.0,0.0,0.029753517359495163,0.0,0.0044714296236634254,0.0,8.674233686178923e-05,0.0,0.0,0.0,0.0,0.0,0.0,0.0,0
1,2,5,5,4,2,439222.330741789,0.0,0.0,1.0001800060272217,1.0000163316726685,0.0,0.0,0.37354809045791626,0.0,0.06049308180809021,0.04862735792994499,0.0,0.2910573184490204,1.0,1.0,0.0,0.0,1.0,1.0,0.04666292667388916,0.007859249599277973,0.007248842157423496,0.0,0.051222044974565506,0.7926361560821533,0.0,0.0,0.009211689233779907,0.0,0.0,0.0,0.0,0.0,0.0,0.0,0.00038235922693274915,0.009656286798417568,0.06636447459459305,0.0,0.0,0.025078706443309784,0.0,0.00021556101273745298,0.0,0.003784194588661194,0.0,0.0,0.0,0.0,0.0,0.0,0.0,0
1,2,5,5,4,2,439255.699741789,0.0,0.0,1.0005792379379272,1.0000492334365845,0.0,0.0,0.37181931734085083,0.0,0.05557697266340256,0.0543186329305172,0.0,0.2894393801689148,1.0,1.0,0.0,0.0,1.0,1.0,0.03606414794921875,0.0017883531982079148,0.0017578505212441087,0.0,0.04331623762845993,0.7984472513198853,0.0,0.0,0.0021490599028766155,0.0,0.0,0.0,0.0,0.0,0.0,0.0,2.0036308342241682e-05,0.0028745103627443314,0.05055757611989975,0.0,0.0,0.012445704080164433,0.0,0.0,0.0,0.001415448496118188,0.0016461063642054796,0.0,0.0,0.0,0.002262313384562731,0.0,0.0,0
1,2,5,5,4,2,439289.069741789,0.0,0.0,1.000633716583252,1.0000547170639038,0.0,0.0,0.3696630001068115,0.0,0.06233157590031624,0.060486603528261185,0.0,0.2875996530056,1.0,1.0,0.0,0.0,1.0,1.0,0.0404643714427948,8.429767331108451e-05,8.429767331108451e-05,0.0,0.04919778183102608,0.807768702507019,0.0,0.0,0.00010198291420238093,0.0,0.0,0.0,0.005062752868980169,0.0,0.0,0.0,0.0,0.0001445348170818761,0.03376259654760361,0.0,0.0,0.011383865028619766,0.0,0.002707271371036768,0.0,0.0009113947744481266,0.0022823321633040905,0.0,0.0,0.0,0.011086015962064266,0.0,0.0,0
1,2,5,5,4,2,439322.438741789,0.0,0.0,1.000599980354309,1.0000524520874023,0.0,0.0,0.37092676758766174,0.0,0.055989693850278854,0.05511928349733353,0.0,0.28905099630355835,1.0,1.0,0.0,0.0,1.0,1.0,0.05518549308180809,0.0,0.0,0.0,0.04996549338102341,0.8160876035690308,0.0,0.0,0.00045502244029194117,0.0,0.0,0.0,0.0018930085934698582,0.0,0.0,0.0,0.0007263318402692676,0.0,0.030915642157197,0.0,0.0,0.006875413004308939,0.0,0.0045311665162444115,0.0,0.00031328792101703584,0.0006558056338690221,0.0,0.0,0.0,0.011821920983493328,0.0,0.0,0
1,2,5,5,4,2,439355.80774178903,0.0,0.0,1.0003665685653687,1.000028371810913,0.0,0.0,0.3732093572616577,0.0,0.059224825352430344,0.05736374109983444,0.0,0.2913244664669037,1.0,1.0,0.0,0.0,1.0,1.0,0.06117787957191467,0.00018418641411699355,0.00018418641411699355,0.0,0.05771017074584961,0.821911633014679,0.0,0.0,0.00017027329886332154,0.0,0.0,0.0,9.917777788359672e-05,0.0,0.0,0.0,0.0002717968600336462,0.0,0.03517398610711098,0.0,0.0,0.0047264015302062035,0.0,0.01142784021794796,0.0,0.004455038346350193,3.267355350544676e-05,0.0,0.0,0.0,0.00644340505823493,0.0,0.0,0
1,2,5,5,4,2,439389.17674178904,0.0,0.0,1.0002427101135254,1.000022292137146,0.0,0.0,0.3763176500797272,0.0,0.05992441624403,0.05864188075065613,0.0,0.294372022151947,1.0,1.0,0.0,0.0,1.0,1.0,0.053310975432395935,6.892451347084716e-05,6.892451347084716e-05,0.0,0.05665150284767151,0.8259493112564087,0.0,0.0,8.922685083234683e-06,0.0,0.0,0.0,0.0,0.0,0.0,0.0,1.4242700672184583e-05,0.0,0.04149162769317627,0.0,0.0,0.0012907932978123426,0.0,0.005061195231974125,0.0,0.0016599564114585519,0.0,0.0,0.0,0.0,0.0013788340147584677,0.0,0.0,0
1,2,5,5,3,3,439422.54674178903,0.0,0.0,1.0009280443191528,1.0000838041305542,0.0,0.0,0.37725508213043213,0.0,0.06911426037549973,0.0669514387845993,0.0,0.2952395975589752,1.0,1.0,0.0,0.0,1.0,1.0,0.03613744303584099,0.0010694358497858047,0.0010694358497858047,0.0,0.04657108709216118,0.8240142464637756,0.0,0.0,0.0,0.0,0.0,0.0,0.0,0.0,0.0,0.0,0.006897274870425463,0.007202183362096548,0.0438348688185215,0.0,0.0,6.411991489585489e-05,0.0,0.0006587529205717146,0.0,8.697187149664387e-05,0.0,0.004184252582490444,0.0,0.0,6.409506750060245e-05,0.0,0.0,0
1,2,5,5,3,3,439455.915407153,0.0,0.0,1.0010818243026733,1.0002537965774536,0.0,0.0,0.3713262677192688,0.0,0.08279172331094742,0.07881344854831696,0.0,0.2894337475299835,1.0,1.0,0.0,0.0,1.0,1.0,0.01672293432056904,0.000398828909965232,0.000398828909965232,0.0,0.03362759202718735,0.8218943476676941,0.0,0.0,0.0,0.0,0.0,0.0,0.005413362290710211,0.0,0.0,0.0,0.0053714849054813385,0.018236298114061356,0.02194824442267418,0.0,0.0009865040192380548,0.0003577805182430893,0.0,2.421752105874475e-05,0.0,0.0,0.0008965407614596188,0.009138154797255993,0.0,0.0,0.0,0.0,0.0,0
1,2,5,5,3,3,439489.284407153,0.45450273156166077,0.0,1.0029758214950562,1.000467300415039,0.0,0.0,0.3596648573875427,0.0,0.03330865874886513,0.06345285475254059,0.0,0.27803897857666016,1.0,1.0,0.0,0.0,1.0,1.0,0.0042326184920966625,2.0899335140711628e-05,2.0899335140711628e-05,0.0,0.01570245809853077,0.8167218565940857,0.0,0.0,0.0,0.0,0.0,0.0,0.011886505410075188,0.0,0.0,0.0,0.0027092581149190664,0.027845537289977074,0.004184226971119642,0.0,0.0003691493475344032,0.000133884881506674,0.0,0.0,0.0,0.0,0.0014790829736739397,0.012502667494118214,0.0,0.0,0.0,0.0,0.0,0
1,2,5,5,3,3,439522.5721665715,0.6108142733573914,0.2694030702114105,1.0038937330245972,1.0008342266082764,0.0,0.0,0.33303704857826233,0.0,0.001470241229981184,0.004630248993635178,0.0,0.2512807846069336,1.0,1.0,0.0,0.0,1.0,1.0,0.0004787443031091243,0.0017473420593887568,0.0,0.0,0.0030876470264047384,0.8076263070106506,0.0,0.0,0.0,0.0,0.0,0.0,0.00831067468971014,0.0,0.0,0.0,0.010477381758391857,0.038390081375837326,0.00018748555157799274,0.0,1.934409920067992e-05,0.0006874678656458855,0.0,0.0,0.0,0.0,0.00044551133760251105,0.013788172975182533,0.0,0.0,0.0,0.0,0.00034209154546260834,0
1,2,5,5,3,3,439555.9421665715,0.37593987584114075,0.4963328242301941,1.0043458938598633,1.0005841255187988,0.0,0.0,0.336510568857193,0.0,0.0,0.0001970578305190429,0.0,0.2550418972969055,1.0,1.0,0.0,0.0,1.0,1.0,0.0005504981963895261,0.0006538117886520922,0.0,0.0,0.00014012414612807333,0.8070973753929138,0.0,0.00024122461036313325,0.0031045586802065372,0.0,0.0,0.0,0.0018820702098309994,0.0008794352761469781,0.0,0.0,0.005150637589395046,0.050975311547517776,0.003271841211244464,0.0,0.0,0.009698797948658466,0.0,0.0027170416433364153,0.0,0.0022138110361993313,2.242429764010012e-05,0.006917395628988743,0.0,0.0,0.004529367201030254,0.0,0.003281891578808427,0
1,2,5,1,1,-1,439589.30897765,0.018029551953077316,0.26787564158439636,1.0038104057312012,1.0001176595687866,0.0,0.0,0.2927566468715668,0.0,0.29793956875801086,0.0,0.0,0.21088887751102448,1.0,1.0,0.0,0.0,1.0,1.0,0.00019963171507697552,3.426036346354522e-05,0.0,0.0,0.0,0.8088488578796387,0.0,9.026873885886744e-05,0.009203093126416206,0.0,0.0,0.0,8.850304584484547e-05,0.0003290863533038646,0.0,0.0,0.000731895212084055,0.06878627091646194,0.001223946106620133,0.0,0.0,0.009918978437781334,0.0011719182366505265,0.007979806512594223,0.0,0.000828304560855031,0.0,0.0013080796925351024,0.0,0.0,0.023746656253933907,0.0,0.0011865829583257437,0
1,2,5,1,1,-1,439622.67797764996,0.0007226436864584684,0.0007322586025111377,1.004361629486084,1.0003952980041504,0.0,0.0,0.25616949796676636,0.0,0.5401445031166077,0.538242518901825,0.0,0.17438341677188873,1.0,1.0,0.0,0.0,1.0,1.0,1.0461122656124644e-05,0.0,0.0,0.0,0.0063806697726249695,0.815528929233551,0.0,4.730281034426298e-06,0.01765712909400463,0.0,0.0,0.0,0.0,1.724475259834435e-05,0.0,0.0,2.8264183129067533e-05,0.08374343067407608,6.413207302102819e-05,0.0,0.0,0.011292312294244766,0.003281851764768362,0.014685490168631077,0.0,0.0012760978424921632,0.001635059597902,5.8241439546691254e-05,0.0,0.0,0.05202649161219597,0.0,6.182317156344652e-05,0
1,2,5,1,1,-1,439656.04697764997,0.0,0.0,1.0040428638458252,1.0003677606582642,0.0,0.0,0.22581540048122406,0.0,0.5940755009651184,0.5907026529312134,0.0,0.1444571316242218,1.0,1.0,0.0,0.0,1.0,1.0,0.0,0.0,0.0,0.0,0.00814854446798563,0.8293177485466003,0.0,0.0,0.017572948709130287,0.0,0.0,0.0,0.0,0.0,0.0,0.0,0.0,0.09747646749019623,0.0,0.0,0.0,0.0115940747782588,0.001086766249500215,0.021574052050709724,0.0,0.0020244226325303316,0.008548658341169357,0.0,0.0,0.0,0.08007360249757767,0.0,0.0,0
1,2,5,1,1,-1,439689.41697764996,0.0,0.0,1.0031344890594482,1.0003105401992798,0.0,0.0,0.19061535596847534,0.0,0.5629047751426697,0.5591188669204712,0.0,0.1097235158085823,1.0,1.0,0.0,0.0,1.0,1.0,0.0,0.0005565127939917147,0.0005565127939917147,0.0,0.005781855434179306,0.8406502604484558,0.0,0.0,0.01752387546002865,0.0,0.0,0.0,0.0,0.0,0.0,0.0,0.0,0.11048556119203568,0.0,0.0,0.0,0.006613114848732948,5.574111492023803e-05,0.023483116179704666,0.0,0.0006090837996453047,0.013244298286736012,0.0,0.0,0.0,0.09053204208612442,0.0,0.0,0
1,2,5,1,1,-1,439722.78597764997,0.0,0.0,1.0023590326309204,1.0002250671386719,0.0,0.0,0.1394181251525879,0.0,0.5782768726348877,0.575836181640625,0.0,0.058906953781843185,1.0,1.0,0.0,0.0,1.0,1.0,0.0,0.0015290401643142104,0.0015290401643142104,0.006236794404685497,0.00142258673440665,0.8474639654159546,0.0,0.0,0.022753417491912842,0.0,0.0,0.0,0.0,0.0,0.0,0.0,0.0,0.1254689246416092,0.0,0.0,0.0,0.0014223594916984439,0.004441672470420599,0.02571699768304825,0.0,3.065009514102712e-05,0.009865093976259232,0.0,0.0,0.0,0.09642086923122406,0.0,0.0,0
1,2,5,1,1,-1,439756.15497765,0.0,0.0,1.0028727054595947,1.0002615451812744,0.0,0.0,0.08359503000974655,0.00863210204988718,0.5855486392974854,0.5828693509101868,0.0,0.01261410117149353,1.0,1.0,0.0,0.0,1.0,1.0,0.010353462770581245,0.0005051448242738843,0.0005051448242738843,0.013905325904488564,6.862400914542377e-05,0.8538631796836853,0.0,0.0,0.032564662396907806,0.0,0.0,0.0,0.0,0.0,0.0,0.0,0.0,0.1094832569360733,0.0032788608223199844,0.0,0.0,0.008942537009716034,0.03747652471065521,0.05765754356980324,0.0,0.0,0.01039186492562294,0.0,0.0,0.0,0.11825712770223618,0.0,0.0,0
2,1,6,1,2,-1,439789.52397765,0.0,0.0,1.0038143396377563,1.0003457069396973,0.0,0.0,0.05255720019340515,0.027806593105196953,0.5938635468482971,0.5909219980239868,0.0,0.0005921577103435993,1.0,1.0,0.0,0.0,1.0,1.0,0.013782745227217674,2.589849100331776e-05,2.589849100331776e-05,0.016842670738697052,0.0,0.8571820259094238,0.0,0.0,0.042662154883146286,0.0,0.0,0.0,0.0,0.0029452466405928135,0.0,0.0,0.0,0.09543530642986298,0.010720178484916687,0.0,0.0,0.02471246011555195,0.046383086591959,0.07732541859149933,0.0,0.0,0.008209693245589733,0.0,0.0,0.0,0.12095716595649719,0.0,0.0,0
2,1,6,1,2,-1,439822.89397765,0.0,0.0,1.0046372413635254,1.0004205703735352,0.0,0.0,0.030483713373541832,0.049262888729572296,0.5956745147705078,0.5933606028556824,0.0,0.0,1.0,1.0,0.0,0.0,1.0,1.0,0.004591736011207104,0.0,0.0,0.025685731321573257,0.0,0.861406683921814,0.0,0.0,0.0538589283823967,0.0,0.0,0.0,0.0,0.0011018424993380904,0.0,0.0,0.0,0.08329528570175171,0.020183123648166656,0.0,0.0,0.019293177872896194,0.03852638602256775,0.08771749585866928,0.0,0.0,0.0020653733517974615,0.0,0.0,0.0,0.12365494668483734,0.0,0.0,0
2,1,6,1,2,-1,439856.26297765,0.0,0.0,1.0048538446426392,1.000440001487732,0.0,0.0,0.007061562966555357,0.08532918244600296,0.6037063598632812,0.6013907194137573,0.012574470601975918,0.0,1.0,1.0,0.0,0.0,1.0,1.0,0.00045082136057317257,0.0,0.0,0.030967380851507187,0.0,0.8693060874938965,0.0,0.0,0.06759306788444519,0.0,0.0,0.0,0.0,5.77350401727017e-05,0.0,0.0,0.0,0.08594140410423279,0.027311090379953384,0.0,0.0,0.0058924430049955845,0.029306890442967415,0.10259059816598892,0.0,0.0,0.00010000904876505956,0.0,0.0,0.0,0.13273851573467255,0.0,0.0,0
2,1,6,1,2,-1,439889.63197765,0.0,0.0,1.0048644542694092,1.0004409551620483,0.0,0.0,0.0003357137320563197,0.14258816838264465,0.6169971823692322,0.6133849024772644,0.06348971277475357,0.0,1.0,1.0,0.0,0.0,1.0,1.0,1.3469214536598884e-05,0.0,0.0,0.03851128742098808,0.0,0.882584810256958,0.0,0.0,0.08096744120121002,0.0,0.0108652887865901,0.0,0.0,0.0,0.0,0.0,0.0,0.09405845403671265,0.02643432281911373,0.0,0.0,0.0007114092004485428,0.007590717636048794,0.14247211813926697,0.0,0.0,0.0,0.0,0.0,0.0,0.13215228915214539,0.0,0.0,0
2,1,6,1,2,-1,439923.00097765,0.0,0.0,1.0040236711502075,1.0003666877746582,0.0,0.0,0.0,0.2074865996837616,0.6171747446060181,0.6143055558204651,0.12873832881450653,0.0,1.0,1.0,0.0,0.0,0.9867925047874451,1.0,0.005371848586946726,0.0006255709449760616,0.0,0.04427211359143257,0.0,0.8931156396865845,0.0,0.0,0.09490571171045303,0.0,0.015622090548276901,0.0,0.0,0.0,0.0009363697608932853,0.0,0.0,0.08762752264738083,0.020694753155112267,0.0,0.0,2.5883125999826007e-05,0.0003708394360728562,0.14778058230876923,0.010114523582160473,0.0,0.0,0.0,0.0,0.0,0.10026513785123825,0.0,0.0,0
2,1,6,1,4,1,439956.37097765,0.0,0.0,1.0066245794296265,1.0005998611450195,0.0,0.0,0.0,0.355644553899765,0.577340304851532,0.5829236507415771,0.27974313497543335,0.0,0.861348569393158,0.861348569393158,0.0,0.0,0.9134677052497864,0.9764536619186401,0.1637524664402008,0.1666683703660965,0.0,0.012540834955871105,0.008600274100899696,0.8598126769065857,0.0,0.0513332225382328,0.10387590527534485,0.0005031157634221017,0.0045250835828483105,0.0,0.0,0.02015390805900097,0.0003503902116790414,0.09578976780176163,0.0,0.06623976677656174,0.005366778001189232,0.010697505436837673,0.0,0.0,0.0,0.03193250298500061,0.03146479278802872,0.0,0.0,0.0,0.10049377381801605,0.0,0.02316262759268284,0.0,0.0,0
2,1,6,1,4,1,439989.73997765,0.0,0.0,1.0076793432235718,1.0006920099258423,0.0,0.0,0.0,0.4609954059123993,0.5919716358184814,0.5970092415809631,0.386891633272171,0.0,0.7590191960334778,0.7590191960334778,0.0,0.0,0.842221736907959,0.9848496913909912,0.3540022075176239,0.4962102472782135,0.0,0.000621891871560365,0.04375899210572243,0.788826584815979,0.0,0.04040808230638504,0.08653993904590607,0.00018826995801646262,0.0068457480520009995,0.029232127591967583,0.018456481397151947,0.007446544244885445,0.006889592856168747,0.14789755642414093,0.0,0.01629575341939926,0.0002621985913719982,0.006968390662223101,0.0,0.0,0.035280413925647736,0.0061632306315004826,0.06957962363958359,0.0,0.0,0.0,0.09685409069061279,0.0,0.0010997896315529943,0.0,0.0,0
2,1,6,1,4,1,440023.10897765,0.0,0.0,0.9941002130508423,0.9945558309555054,0.0,0.0,0.0,0.45421144366264343,0.5924230813980103,0.5948370099067688,0.37781935930252075,0.0,0.9298229813575745,0.9298229813575745,0.0,0.0,0.8320431113243103,0.9397489428520203,0.4773227870464325,0.5994974374771118,0.05552159994840622,0.0,0.041066672652959824,0.7297862768173218,0.0020767739042639732,0.016884025186300278,0.09003275632858276,9.865745596471243e-06,0.048486415296792984,0.06145748496055603,0.006833292543888092,0.04894958809018135,0.0025674880016595125,0.3044898211956024,0.0,0.0007853659335523844,0.012924276292324066,0.0013212744379416108,0.0,0.00771456491202116,0.01270483247935772,0.0017342689679935575,0.11883705109357834,0.0,0.0019949295092374086,0.0,0.07351909577846527,0.0,0.0,0.0,0.0,0
2,1,6,1,4,1,440056.47797765,0.0,0.0,0.9617229104042053,0.9730623364448547,0.0,0.0,0.0,0.43378791213035583,0.5899726748466492,0.5899499654769897,0.3564349412918091,0.0,0.9541608691215515,0.9541608691215515,0.0,0.0,0.9151197075843811,0.8746878504753113,0.5397675633430481,0.6856392025947571,0.2098725140094757,0.0,0.010291780345141888,0.6886164546012878,0.0007770460797473788,0.013263741508126259,0.12845833599567413,0.017272990196943283,0.10394936800003052,0.11473103612661362,0.00035712571116164327,0.022833991795778275,0.00013449192920234054,0.45257294178009033,0.0,0.0,0.05942691117525101,0.00976110901683569,0.0,0.0028814703691750765,0.0006594619480893016,9.086410864256322e-05,0.1582150161266327,0.0,0.0007464309455826879,0.0,0.018348734825849533,0.0,0.0031047333031892776,0.0,0.014966927468776703,0
2,1,6,1,4,1,440089.84797765,0.0,0.0,1.0742436643340625e-05,2.8025448045809753e-05,0.0,0.0,0.0,0.4258284866809845,0.556007444858551,0.5606493949890137,0.34918561577796936,0.0,0.8944133520126343,0.8944133520126343,0.0,0.0,0.9676728248596191,0.8311712741851807,0.5655665397644043,0.7465366125106812,0.18038584291934967,0.007761562243103981,0.0004967753775417805,0.6705366373062134,4.071755756740458e-05,0.009954970329999924,0.2123601883649826,0.030087601393461227,0.12958745658397675,0.14043161273002625,0.0,0.002977820113301277,0.0,0.5138327479362488,0.00985533744096756,0.0,0.11288654059171677,0.0036202457267791033,0.0,0.0003618869523052126,0.0,0.02835378609597683,0.17566029727458954,0.0,3.9113412640290335e-05,0.028386499732732773,0.0008861421956680715,0.0,0.02794957533478737,0.0,0.03591248020529747,0
2,1,6,1,4,2,440123.21697765,0.0,0.0,5.549053412323701e-07,1.44784030453593e-06,0.0,0.0,0.0,0.4317858815193176,0.6221486926078796,0.6158447861671448,0.35577392578125,0.0,0.8601250052452087,0.8601250052452087,0.0,0.0,0.9936168789863586,0.8203337788581848,0.5759139060974121,0.7954681515693665,0.27637073397636414,0.034420523792505264,0.0,0.6730518937110901,0.0,0.0024716088082641363,0.27272674441337585,0.02882140874862671,0.15237675607204437,0.14764155447483063,0.0,0.00011022479884559289,0.04413151741027832,0.507152795791626,0.10603180527687073,0.0,0.22730833292007446,0.00018956811982207,0.0140641238540411,7.893684232840315e-05,0.0,0.08266378939151764,0.042802680283784866,0.0,0.0007959883660078049,0.010359766893088818,0.0,0.0,0.06580881029367447,0.0,0.038874220103025436,0
2,1,6,1,4,2,440156.53944063187,0.0,0.0,0.0,0.0,0.0,0.0,0.0,0.48183566331863403,0.5848027467727661,0.582808792591095,0.40736284852027893,0.0,0.8017758727073669,0.8017758727073669,0.0,0.0,0.9460058212280273,0.807776153087616,0.5791215896606445,0.8450576663017273,0.2938768267631531,0.054550644010305405,0.0,0.6791090965270996,0.0,0.00011931503831874579,0.29580628871917725,0.025932369753718376,0.2555338740348816,0.1335325688123703,0.03797882795333862,0.0,0.10300350189208984,0.4555132985115051,0.24322457611560822,0.0,0.2722129225730896,0.0,0.05095905810594559,4.136464667681139e-06,0.005095172207802534,0.18462221324443817,0.003958437126129866,0.0,0.0002978616685140878,0.0005395037005655468,0.0,0.0,0.1540687084197998,0.0,0.03127260506153107,0
2,1,6,1,4,2,440189.9084406318,0.0,0.0,0.0,0.0,0.0,0.0,0.0,0.4999668300151825,0.588292121887207,0.5861140489578247,0.425250768661499,0.0,0.831451952457428,0.831451952457428,0.0,0.0,0.8755031228065491,0.6260994672775269,0.5834985375404358,0.8324630856513977,0.2869698405265808,0.09595050662755966,0.0,0.675006628036499,0.0,0.0,0.3120090663433075,0.008582253009080887,0.5300583243370056,0.14591722190380096,0.05652002990245819,0.0,0.11472994834184647,0.39975154399871826,0.29286324977874756,0.0,0.2612495422363281,0.0,0.06277979165315628,0.0,0.019045069813728333,0.32419148087501526,0.11454688757658005,0.0,0.019193997606635094,0.034497931599617004,0.009245062246918678,0.0,0.42353883385658264,0.0,0.01188491191715002,0
2,1,6,1,4,2,440223.3094406318,0.0,0.0,0.0,0.0,0.0,0.0,0.0,0.5151546001434326,0.6014037132263184,0.5954760313034058,0.44016408920288086,0.0,0.8628787994384766,0.8628787994384766,0.0,0.0,0.8172223567962646,0.3397830128669739,0.5943206548690796,0.8151083588600159,0.3340975344181061,0.14464202523231506,0.0,0.6553014516830444,0.0,0.0,0.3252650499343872,0.0008973557851277292,0.6203153133392334,0.1739160716533661,0.015962598845362663,0.0,0.05968325585126877,0.2942241430282593,0.3117440342903137,0.0,0.28700923919677734,0.0,0.020340492948889732,0.0,0.06547874957323074,0.4566888213157654,0.16427408158779144,0.0,0.02687957137823105,0.03448611870408058,0.004433055408298969,0.0,0.6607485413551331,0.01441945880651474,0.001792257186025381,0
2,1,6,1,4,2,440256.71044063184,0.0,0.0,0.0,0.0,0.0,0.0,0.0,0.546175479888916,0.5970351099967957,0.5923561453819275,0.47072553634643555,0.0,0.9283519387245178,0.9283519387245178,0.0,0.0,0.8758399486541748,0.02276238240301609,0.5990750193595886,0.803512692451477,0.4827384650707245,0.21850305795669556,0.0,0.6220136284828186,0.0,0.0,0.3181210160255432,2.8586004191311076e-05,0.8875658512115479,0.2499665766954422,0.000787446042522788,0.0,0.05142713710665703,0.18146243691444397,0.3928239047527313,0.0,0.42904791235923767,0.0,0.018753036856651306,0.0026850763242691755,0.17191170156002045,0.6245014667510986,0.18929168581962585,0.0,0.04908415302634239,0.00869237445294857,0.0005477296654134989,0.0,0.9310572743415833,0.005360799841582775,7.311373337870464e-05,0
2,1,6,1,3,3,440290.14344063186,0.0,0.0,0.0,0.0,0.0,0.0,0.0,0.6043559908866882,0.5984910726547241,0.593396008014679,0.5301201343536377,0.0,0.9120010733604431,0.9120010733604431,0.0,0.0,0.974450409412384,0.0009316997602581978,0.5970320701599121,0.7678850889205933,0.49261173605918884,0.2879483103752136,0.0,0.5706189274787903,0.0,0.008153485134243965,0.2943294942378998,0.0,0.9783260226249695,0.40227463841438293,0.09482202678918839,0.004265868570655584,0.03800898790359497,0.110991470515728,0.6068766117095947,0.0,0.43534982204437256,0.0,0.23735301196575165,0.014569085091352463,0.1999010294675827,0.8270097970962524,0.30670422315597534,0.0,0.05768728256225586,0.020485615357756615,1.9233173588872887e-05,0.0,0.9882845282554626,0.00028045906219631433,0.0,0
2,1,6,1,3,3,440323.5764406318,0.0,0.0,0.0,0.0,0.0,0.0,0.0,0.4854084551334381,0.5980058312416077,0.5930494070053101,0.4110153317451477,0.0,0.7361717820167542,0.7361717820167542,0.2144879698753357,0.0,0.9844304323196411,0.0,0.5801344513893127,0.9091664552688599,0.6107621788978577,0.28175029158592224,0.0,0.533506453037262,0.0,0.003044744487851858,0.28904062509536743,0.0015533111291006207,0.998943030834198,0.4052334725856781,0.027652360498905182,0.001595419947989285,0.20135144889354706,0.06213409826159477,0.9837654232978821,0.0,0.341937780380249,0.0,0.30333268642425537,0.005103093571960926,0.034373633563518524,1.4961817214498296e-05,0.26095741987228394,0.0,0.015838397666811943,0.007413388229906559,0.26052719354629517,0.11945103108882904,0.9994466304779053,0.15204650163650513,0.0011485664872452617,0
2,1,6,1,3,3,440357.07244063186,0.0,0.0,0.0,0.0,0.0,0.0,0.0,0.28557977080345154,0.5981675982475281,0.5931649804115295,0.20730096101760864,0.0,0.7494416832923889,0.7494416832923889,0.030052784830331802,0.0,7.965675763443869e-08,0.9999999403953552,0.5627852082252502,0.8476737141609192,0.5566175580024719,0.2514161467552185,0.0,0.4620698392391205,0.0,0.00015946768689900637,0.1069265827536583,0.0005812219460494816,0.9580767750740051,0.46949687600135803,0.001368377124890685,8.35915343486704e-05,0.3305691182613373,0.014000572264194489,0.9708778858184814,0.0,0.23750410974025726,0.0,0.3579859733581543,0.0002642667095642537,0.3088924288749695,8.781062632579051e-08,0.07833640277385712,0.0,0.000777936540544033,0.0003872575762216002,0.9999203681945801,0.250129371881485,0.9960238933563232,0.6137665510177612,0.003485641675069928,0
2,1,6,1,3,3,440390.5156640573,0.0,0.0,0.0,0.0,0.0,0.0,0.0,0.7020397782325745,0.5981135964393616,0.5931264162063599,0.6292078495025635,0.0,0.7943081259727478,0.7943081259727478,0.0013235887745395303,0.0,0.999620258808136,4.130199116048061e-08,0.5558614134788513,0.8441420793533325,0.519079327583313,0.2198532372713089,0.0,0.34581735730171204,0.0,0.0,0.03420673683285713,3.0456743843387812e-05,0.570419192314148,0.512020468711853,0.0,0.008264078758656979,0.3676098585128784,0.0006650755531154573,0.7514861822128296,0.0,0.30779334902763367,0.0,0.015494299121201038,0.0,0.319744735956192,0.0,0.21258649230003357,0.0,0.02167024463415146,0.0,0.939139723777771,0.34803497791290283,0.998512864112854,0.9862064123153687,0.0011657836148515344,0
2,1,6,1,3,3,440424.01266405726,0.0,0.0,0.0,0.0,0.0,0.0,0.0,0.5198841691017151,0.598131537437439,0.5931392908096313,0.4433732330799103,0.0,0.7611513733863831,0.7611513733863831,0.9999999403953552,0.0,1.0,1.6058359086912333e-09,0.5545966029167175,0.9239838123321533,0.9408659338951111,0.5038089156150818,0.0,0.27434241771698,0.0,0.0,0.005982307251542807,0.06364814937114716,0.0014495747163891792,0.5300108194351196,0.0,0.0030858670361340046,0.5224080681800842,0.0,0.6697077751159668,0.06105770543217659,0.9997855424880981,0.1080399826169014,0.00382173340767622,0.0,0.3746863007545471,0.03774583339691162,0.030905626714229584,0.0,0.007991056889295578,0.0,0.9691464900970459,0.016019852831959724,0.9999220967292786,0.999454915523529,5.990492718410678e-05,0
2,1,7,5,2,-1,440457.5086640573,0.0,0.0,0.0,0.0,0.0,0.0,0.0,0.42598628997802734,0.5981256365776062,0.5931350588798523,0.3429903984069824,0.0,0.9686925411224365,0.9686925411224365,4.130199116048061e-08,0.0,0.008950923569500446,0.7914563417434692,0.5612654685974121,0.9819424748420715,0.9831299781799316,0.397605299949646,0.0,0.1286972016096115,0.0,0.0,0.0002632710966281593,0.08202117681503296,5.5414253438357264e-05,0.5865560173988342,0.028684217482805252,0.00016161915846168995,0.5756778717041016,0.0,0.0002787950506899506,0.020454026758670807,0.9999918341636658,0.16995209455490112,0.0011904758866876364,0.011533459648489952,0.7209134697914124,0.10745054483413696,0.0013301848666742444,0.02712821401655674,0.026560351252555847,0.0,0.7905095815658569,0.010011153295636177,1.0,0.6546832323074341,0.0,0
2,1,7,5,2,-1,440491.0046640573,0.0,0.0,0.0,0.0,0.0,0.0,0.048650093376636505,0.04291845113039017,0.5981276035308838,0.5931364297866821,0.022281521931290627,0.0,0.9987215399742126,0.9987215399742126,1.6058359086912333e-09,0.0,0.0024351361207664013,0.8253077268600464,0.566493034362793,0.9981540441513062,0.9602013230323792,0.26708725094795227,0.0,0.024505987763404846,0.0,0.038662057369947433,0.0,0.09540868550539017,0.0,0.5893058180809021,0.13248185813426971,0.0,0.6141157746315002,0.0,0.002509764628484845,0.0010435848962515593,0.993867814540863,0.20362131297588348,6.237858906388283e-05,0.004297931212931871,0.848069429397583,0.20284169912338257,0.0,0.019879674538969994,0.012567530386149883,0.0,0.6694035530090332,0.003442480694502592,0.9512596726417542,0.11008715629577637,0.03151431679725647,0
2,1,7,5,2,-1,440591.4936640573,0.0,0.0,0.0,0.0,0.0,0.0,0.13107764720916748,0.007960053160786629,0.5981277227401733,0.5931365489959717,0.0,0.04105297103524208,1.0,1.0,0.0,0.0,0.0,4.404368610266829e-06,0.0012854740489274263,4.431865718856898e-08,2.1481871215200954e-07,0.08979977667331696,0.0,0.0,0.5636730194091797,0.5129091739654541,0.0,0.025237688794732094,0.0,0.000975786941125989,0.033274635672569275,0.0,0.5802725553512573,0.0,0.9723886847496033,0.0,5.768959709939736e-08,0.03411490470170975,0.0,0.0,1.5154306538534001e-06,0.1516706347465515,0.9999999403953552,0.003864607773721218,0.001159999636001885,0.0,0.00034620604128576815,0.0,3.248219115903339e-07,0.026579026132822037,0.012039951048791409,0
