record_flag,timestamp,EyeBlink_L,EyeBlink_R,EyeSquint_L,EyeSquint_R,EyeDown_L,EyeDown_R,EyeIn_L,EyeIn_R,EyeOpen_L,EyeOpen_R,EyeOut_L,EyeOut_R,EyeUp_L,EyeUp_R,BrowsD_L,BrowsD_R,BrowsU_C,BrowsU_L,BrowsU_R,JawFwd,JawLeft,JawOpen,JawChew,JawRight,MouthLeft,MouthRight,MouthFrown_L,MouthFrown_R,MouthSmile_L,MouthSmile_R,MouthDimple_L,MouthDimple_R,LipsStretch_L,LipsStretch_R,LipsUpperClose,LipsLowerClose,LipsUpperUp,LipsLowerDown,LipsUpperOpen,LipsLowerOpen,LipsFunnel,LipsPucker,ChinLowerRaise,ChinUpperRaise,Sneer,Puff,CheekSquint_L,CheekSquint_R
False,1491699.4213556678,0.0,0.0,0.26676478982,0.0757666826248,0.568279862404,0.567519068718,0.226245164871,1.59489100042e-05,0.443269580603,0.548222482204,0.0,0.00474801426753,1.12331945274e-05,2.0743244022e-05,0.0,0.0,0.000867598864716,0.203497320414,0.0978784933686,0.0,0.0,0.0,0.0538176968694,0.0,0.00396367162466,0.0,0.0,0.0,0.0,0.0,0.0,0.0,0.583366632462,0.817341804504,0.0194625817239,0.38582265377,0.0,0.0458860620856,0.0,0.0669275596738,0.0,0.375759273767,0.0,0.0,0.0110926236957,0.130442753434,0.0,0.0
False,1491733.0123556678,0.0,0.0,0.190583989024,0.0323218517005,0.581496477127,0.580812335014,0.226432561874,0.0,0.449092388153,0.532690346241,0.0,0.00476142438129,7.94180050434e-06,1.56863716256e-05,0.0,0.0,2.40085082623e-05,0.202569842339,0.0833845883608,0.0,0.0,0.0,0.0495040155947,0.0,0.000207612887607,0.0,0.0,0.0,0.0,0.0,0.0,0.0,0.577589869499,0.795900642872,0.0274392087013,0.389998823404,0.0,0.0451778806746,0.0,0.0861951187253,0.0,0.357418358326,0.0,0.0,0.0282218456268,0.134627118707,0.0,0.0
False,1491766.6043556677,0.0,0.0,0.21924674511,0.0918237194419,0.583034217358,0.582303643227,0.225868657231,0.0,0.408809125423,0.497599065304,0.0,0.00415520882234,5.61972547075e-06,1.94208914763e-05,0.0,0.0,0.0,0.186318174005,0.104034088552,0.0,0.0,0.00599023979157,0.0515453033149,0.0,0.0,0.0,0.0,0.0,0.0,0.0,0.0,0.0,0.650688290596,0.935857117176,0.0236141774803,0.407957196236,0.0,0.0499014258385,0.0,0.103756099939,0.0,0.397211641073,0.0,0.0,0.0577334463596,0.171340450644,0.0,0.0
False,1491800.1953556677,0.0,0.0,0.218832194805,0.118603147566,0.580965459347,0.580177545547,0.215527117252,0.00669676810503,0.447756290436,0.511540055275,0.0,6.45854888717e-05,3.4904009226e-05,2.09716308746e-05,0.0,0.0,0.0,0.15928837657,0.136758670211,0.000383955135476,0.0,0.00224034674466,0.0511974953115,0.0,0.0,0.0,0.0,0.0,0.0,0.0,0.0,0.0,0.697318375111,0.933814942837,0.0344766788185,0.437945723534,0.0,0.0548259280622,0.0,0.110031053424,0.0,0.405845761299,0.0,0.0,0.079481638968,0.186292782426,0.0,0.0
False,1491833.7873556677,0.0,0.0,0.283131420612,0.1893799752,0.575084328651,0.57415163517,0.205673843622,0.016631713137,0.49072945118,0.562012434006,0.0,0.0,2.40537901846e-05,5.88304574194e-05,0.0,0.0,0.0,0.170948177576,0.174456611276,0.000143679906614,0.0,0.000127871186123,0.0548550598323,0.0,0.00176469923463,0.0,0.0,0.0,0.0,0.0,0.0,0.0,0.775451540947,0.94019728899,0.0428616069257,0.476141840219,0.0,0.0537004843354,0.0,0.10990845412,0.0,0.438259810209,0.0,0.0,0.0553610399365,0.186004638672,0.0,0.0
False,1491867.3783556677,0.0,0.0,0.231662705541,0.127970322967,0.576208651066,0.575285255909,0.205334201455,0.0166386384517,0.451766192913,0.570041537285,0.0,0.0,7.71549275669e-06,1.71632873389e-05,0.0,0.0,0.0,0.198412150145,0.167959570885,7.52914183977e-06,0.0,3.92486890632e-06,0.0592553131282,0.0,0.000660337507725,0.0,0.0,0.0,0.0,0.0,0.0,0.0,0.736754000187,0.945816636086,0.0516348592937,0.495674401522,0.0,0.0572826787829,0.0,0.129454612732,0.0,0.457430422306,0.0,0.0,0.0155190555379,0.167548492551,0.0,0.0
False,1491900.9703556676,0.0,0.0,0.204619139433,0.0787957906723,0.595564842224,0.594770908356,0.213747307658,0.00833269860595,0.446217417717,0.540519237518,0.0,0.0,5.44558417914e-07,1.6993497411e-05,0.0,0.0,0.0,0.19092682004,0.130831688643,0.0,0.0,2.05671852882e-07,0.0611377693713,0.0,3.46027263731e-05,0.0,0.0,0.0,0.0,0.0,0.0,0.0,0.669381022453,0.965353190899,0.0872242450714,0.511507213116,0.0,0.0546948611736,0.0,0.145730748773,0.000686178682372,0.489913254976,0.0,0.0,0.0194408632815,0.17068862915,0.0,0.0
False,1491934.5613556677,0.0,0.0,0.271819829941,0.0218151398003,0.611117899418,0.610495626926,0.220466285944,0.00230251555331,0.490178674459,0.510554671288,0.0,0.0,6.50282527204e-05,1.05908202386e-05,0.0,0.0,0.0,0.180348530412,0.152666777372,0.0,0.0,0.0107373697683,0.0676083415747,0.0,0.0310067981482,0.0,0.0,0.0,0.0,0.0,0.0,0.0,0.954674601555,0.992022752762,0.0885950699449,0.558068335056,0.0,0.0592430830002,0.0,0.159004941583,0.000256773724686,0.565110325813,0.0,0.0,0.0253340601921,0.191970914602,0.0,0.0
False,1491968.1533556676,0.0,0.0,0.353587418795,0.134352877736,0.612851321697,0.611836493015,0.198062837124,0.0252438858151,0.479434639215,0.574025988579,0.0,0.0,6.22570951236e-06,9.8516131402e-05,0.0,0.0,0.0,0.171432480216,0.154652073979,0.0,0.0,0.0186514090747,0.0769035890698,0.0,0.0114300390705,0.0,0.0,0.0,0.0,0.0,0.0,0.0,0.998131394386,0.99962168932,0.0994220227003,0.620934426785,0.0,0.0567667409778,0.0,0.166832834482,1.34554875331e-05,0.569963753223,0.0,0.0,0.0335966683924,0.188825383782,0.0,0.0
False,1492001.7443556676,0.0,0.0,0.404890298843,0.181123137474,0.607900738716,0.606902658939,0.189671576023,0.0332725942135,0.51961094141,0.592509388924,0.0,0.0,4.01707875426e-05,2.02824612643e-05,0.0,0.0,0.0,0.155624017119,0.138835668564,0.0,0.0,0.0180090237409,0.0881240367889,0.0,0.00434417044744,0.0,0.0,0.0,0.0,0.0,0.0,0.0,0.920854330063,0.981595993042,0.107462376356,0.652837693691,0.0,0.0637012720108,0.0,0.188092052937,0.0,0.530968904495,0.0,0.0,0.0313499234617,0.169332206249,0.0,0.0
False,1492035.3363556678,0.0,0.0,0.416394710541,0.25424221158,0.600818932056,0.599635720253,0.184132382274,0.0407154038548,0.549161732197,0.664837300777,0.0,0.0,0.0,0.000103858983493,0.0,0.0,0.0,0.151020541787,0.178797990084,0.0,0.0,0.0284746661782,0.105732947588,0.0,0.00558355916291,0.0,0.0,0.0,0.0,0.0,0.0,0.0,0.943501353264,0.993149578571,0.101224437356,0.668162345886,0.0,0.0745791643858,0.0,0.204659447074,0.0,0.547019660473,0.0,0.0,0.0105959521607,0.163656175137,0.0,0.0
False,1492068.9273556676,0.0,0.0,0.359147191048,0.285745203495,0.591659128666,0.590407550335,0.169188708067,0.0547045469284,0.563370764256,0.627874195576,0.0,0.0,0.0,1.9956874894e-05,0.0,0.0,0.0,0.162620037794,0.134104594588,0.0,0.0,0.0487039275467,0.128332704306,0.0,0.00163816206623,0.0,0.0,0.0,0.0,0.0,0.0,0.0,0.988174676895,0.999641478062,0.101556770504,0.689987242222,0.0,0.0851696431637,0.0,0.209474757314,0.0,0.606731951237,0.0,0.0,0.00502953818068,0.16862373054,0.0,0.0
False,1492102.5193556678,0.0,0.0,0.412922918797,0.305583834648,0.577657163143,0.576089918613,0.144256860018,0.0803997516632,0.486053854227,0.605544447899,0.0,0.0,9.18828209251e-06,4.0438499127e-05,0.0,0.0,0.0,0.197105765343,0.0722940340638,0.0,0.0,0.0666890591383,0.150605797768,0.0,8.1990066974e-05,0.0,0.0,0.0,0.0,0.0,0.0,0.0,0.999455332756,1.0,0.114612109959,0.719597995281,0.0,0.104874305427,0.0,0.211627393961,0.0,0.667538583279,0.0,0.0,0.0117960432544,0.172638073564,0.0,0.0
False,1492169.7023556677,0.0,0.0,0.447480499744,0.286939740181,0.561654746532,0.559900462627,0.113008610904,0.113942056894,0.605737090111,0.578157126904,0.0,0.0,9.52689515543e-05,1.758194594e-05,0.0,0.0,0.0,0.232763960958,0.0828687027097,0.0,0.0,0.0920196697116,0.173272028565,0.0,0.0,0.0,0.0,0.0,0.0,0.0,0.0,0.0,1.0,1.0,0.0823082402349,0.757963180542,0.0,0.144873797894,0.0,0.225991532207,0.0,0.783041059971,0.0,0.0,0.0282550267875,0.129131913185,0.0,0.0
False,1492203.2933556677,0.0,0.0,0.365637481213,0.21557161212,0.582279145718,0.579639196396,0.0310529787093,0.194223761559,0.60024780035,0.557054579258,0.0,0.0,3.74320989067e-05,1.30161497509e-05,0.0146927880123,0.0,0.0,0.0477697998285,0.0868309661746,0.0073941857554,0.0,0.0881890952587,0.186070069671,0.0,0.0,0.0,0.0,0.0,0.0,0.0,0.0,0.0,0.94809615612,1.0,0.0749532654881,0.736719667912,0.0,0.180541932583,0.0,0.240309625864,0.000676353869494,0.742721557617,0.0,0.0,0.0476801805198,0.0798003152013,0.0,0.0
False,1492236.8853556677,0.0,0.0,0.40366590023,0.259058952332,0.592978000641,0.589829981327,0.00457307137549,0.247168838978,0.61549782753,0.601894319057,0.0248419418931,0.0,6.30730210105e-05,6.12652656855e-05,0.0576259680092,0.0,0.0,0.00214284984395,0.0816991850734,0.0192950945348,0.0,0.0511443912983,0.184470042586,0.0,0.0,0.0,0.0,0.0,0.0,0.0,0.0,0.0,0.418005615473,0.903459787369,0.0668850168586,0.686394274235,0.0,0.157431781292,0.0,0.185063555837,0.000253097241512,0.580040156841,0.0,0.0,0.102799840271,0.0345072746277,0.0,0.0
False,1492270.4763556677,0.0,0.0,0.381918698549,0.4038669765,0.607203722,0.603341817856,0.00019753696688,0.305303007364,0.650480031967,0.693381607533,0.0796994641423,0.0,8.23390655569e-06,6.63074388285e-05,0.103057384491,0.0,0.0,0.0,0.150655418634,0.0263459794223,0.0,0.0112778013572,0.170665487647,0.0,0.0,0.0,0.0,0.0,0.0,0.0,0.0,0.0,0.0492547899485,0.730834543705,0.0200447700918,0.624720990658,0.0,0.095130302012,0.0,0.0811783522367,1.32628338179e-05,0.392834335566,0.0,0.0,0.144709303975,0.0171443875879,0.0,0.0
False,1492304.3670087324,0.0,0.0,0.25966027379,0.41479486227,0.671455562115,0.666459143162,0.0,0.393886893988,0.606388092041,0.662113666534,0.17082862556,0.0,3.24946267938e-05,3.40060723829e-05,0.189344465733,0.0,0.0,0.0,0.13448895514,0.0312503390014,0.00744975544512,0.000530256307684,0.145378664136,0.0,0.0,0.0,0.0,0.0,0.0,0.0,0.0,0.0,0.00431134551764,0.503818631172,0.00174259603955,0.560715615749,0.0,0.0213659089059,0.0,0.0154058840126,0.0,0.314830869436,0.0292634516954,0.0,0.201774328947,0.0403923913836,0.0,0.0
False,1492337.9580087324,0.0,0.0,0.316841900349,0.460974514484,0.704444169998,0.698805093765,0.0,0.441909521818,0.701536118984,0.729635000229,0.220185264945,0.0,0.000100229226518,0.000103151643998,0.221539765596,0.0,0.0,0.0,0.100023210049,0.0297976117581,0.0217929780483,0.0,0.110971987247,0.0,0.0,0.0,0.00412633642554,0.0,0.0,0.0,0.0,0.0,0.00014076862135,0.247245833278,4.61212293885e-05,0.504431664944,0.0,0.00101394299418,0.0,0.000703627476469,0.0,0.253092616796,0.0755741223693,0.0,0.234822571278,0.0648654401302,0.0,0.0
False,1492371.5500087324,0.0,0.0,0.384624928236,0.480071365833,0.707000494003,0.700998485088,0.0,0.477363437414,0.800623059273,0.752784490585,0.257510989904,0.0,6.08818991168e-05,1.51940116666e-06,0.22980196774,0.0,0.0,0.0,0.073699362576,0.0194999333471,0.035053499043,0.0,0.070679910481,0.0,0.00764897791669,0.0,0.00661637028679,0.0,0.0,0.0,0.0037465186324,0.0,0.0,0.0439046099782,0.0,0.452365964651,0.0,0.0,0.0,0.0,0.0,0.16652135551,0.119861923158,0.0,0.249847650528,0.06798350811,0.0,0.0
False,1492405.1410087324,0.0,0.0,0.405784845352,0.538866758347,0.705389916897,0.699060320854,0.0,0.497020274401,0.792086303234,0.833648502827,0.276235789061,0.0,9.90333319351e-06,8.02695285529e-05,0.175318360329,0.0,0.0,0.0,0.101023107767,0.00689905835316,0.0417227633297,0.0,0.0270114112645,0.0,0.00285969511606,0.0,0.00197846861556,0.0,0.0,0.0,0.00140167854261,0.0,0.0,0.00205014157109,0.0,0.371382772923,0.0,0.0,0.0,0.0,0.0,0.134028062224,0.156271532178,0.0,0.222668290138,0.0847132951021,0.0,0.0
False,1492438.5469009245,0.0,0.0,0.360108405352,0.525909364223,0.713944494724,0.707685351372,0.0,0.487467259169,0.731270313263,0.886316716671,0.26591771841,0.0,6.14789223619e-06,2.53832986346e-05,0.170159801841,0.0,0.0,0.0,0.0936986580491,0.00106809684075,0.0326675623655,0.00275490689091,0.00457130977884,0.0,0.000149819737999,0.00452602934092,9.94264919427e-05,0.0,0.0,0.0,7.34469867893e-05,0.0,0.0,0.0,0.0,0.248192727566,0.0,0.00390304950997,0.0,0.00281525333412,0.0,0.0921256393194,0.0849725157022,0.0,0.174843281507,0.11084420979,0.0,0.0
False,1492472.1069009246,0.0,0.0,0.376748353243,0.478944957256,0.716247260571,0.710312902927,0.0,0.464085310698,0.707296729088,0.781924128532,0.242136090994,0.0,2.94968714343e-07,3.42085040757e-05,0.219775617123,0.0,0.0,0.0,0.111812926829,4.43566350441e-05,0.00825234036893,0.00714909192175,0.000197380082682,0.00311767379753,0.0,0.0176820904016,0.0,0.0,0.0,0.0,0.0,0.0,0.0,0.0,0.0,0.124975338578,0.0,0.0014602135634,0.0,0.00105336727574,0.0,0.0328478366137,0.0168061740696,0.0,0.121874794364,0.161804422736,0.0,0.0
False,1492505.6029009246,0.0,0.0,0.280834555626,0.482674181461,0.719642698765,0.713599264622,0.0,0.456797629595,0.626010835171,0.786006689072,0.232519745827,0.0,2.92918284686e-05,6.04267515882e-05,0.334164857864,0.0,0.0,0.0,0.101736493409,0.0,0.000400295917643,0.00569109711796,0.0,0.00795817188919,0.0,0.0135009521618,0.0,0.0,0.0,0.0,0.0,0.0,0.0,0.0,0.0234827827662,0.0705559924245,0.0,7.65138247516e-05,0.0,5.51970515517e-05,0.0,0.00505537167192,0.000774256011937,0.0,0.140492290258,0.190050601959,0.0,0.0
False,1492572.5639009245,0.0,0.0,0.242934465408,0.546512842178,0.716556310654,0.710609793663,0.0,0.455066382885,0.670253932476,0.833978712559,0.230532437563,0.0,1.67749458342e-05,5.01506474393e-05,0.393493503332,0.0,0.0,0.0,0.0968477278948,0.00898879114538,0.0,0.00137252162676,0.0,0.0137554993853,0.0,0.0289294775575,0.0,0.0,0.0,0.0165920294821,0.0,0.0,0.0,0.0,0.0584387034178,0.0448338501155,0.0145038934425,0.0,0.0,0.0,0.0,0.13073271513,0.6688195467,0.00560735072941,0.155916452408,0.172973811626,0.0,0.0
False,1492606.0279009244,0.0,0.0,0.190540894866,0.490415275097,0.73783904314,0.731714248657,0.0,0.459345310926,0.613147139549,0.825557112694,0.234697446227,0.0,2.66086935881e-05,2.92648855975e-05,0.446668744087,0.0,0.0,0.0,0.0990551635623,0.0218007452786,0.0,6.56363117741e-05,0.0,0.0189920142293,0.0,0.0523216687143,0.0,0.0,0.0,0.0336353518069,0.0,0.0,0.0,0.0,0.108309008181,0.0321643613279,0.00608225632459,0.0,0.0,0.0,0.0,0.270371228456,0.743671894073,0.00209729303606,0.193454742432,0.12997803092,0.0,0.0
False,1492639.4929009245,0.0,0.0,0.224686771631,0.529238641262,0.760521411896,0.753757715225,0.0,0.503607809544,0.674769997597,0.849154949188,0.282081633806,0.0,5.60959160794e-05,7.52406413085e-05,0.489821851254,0.0,0.0,0.0,0.100684285164,0.0338534116745,0.0,0.0,0.0,0.0222944766283,0.0,0.0577434003353,0.0,0.0,0.0,0.0401635281742,0.0,0.0,0.0,0.0,0.161970958114,0.0525886416435,0.000534333230462,0.0,0.0,0.0,0.0,0.383593648672,0.827806949615,0.000109889158921,0.216622784734,0.0731240957975,0.0,0.0
False,1492672.9569009244,0.0,0.0,0.255700051785,0.601611733437,0.778928637505,0.771467626095,0.0,0.550861895084,0.723878324032,0.87447732687,0.332004338503,0.0,0.0,3.44807558577e-05,0.385086238384,0.0,0.0,0.0,0.120129697025,0.0453243069351,0.0,0.0,0.0,0.0246859136969,0.0,0.0570055730641,0.0,0.0,0.0,0.0503840371966,0.0,0.0,0.0,0.0,0.198368430138,0.10993398726,0.0433999225497,0.0,0.0,0.0,0.0,0.480864346027,0.913347542286,0.0,0.21118567884,0.028569733724,0.00224125920795,0.0
False,1492706.4219009245,0.0,0.0,0.286897748709,0.669852256775,0.786474883556,0.77894705534,0.0,0.559998691082,0.790495455265,0.881738305092,0.343060493469,0.0,7.56604422349e-05,3.94392445742e-05,0.358993500471,0.0,0.0,0.0,0.141727238894,0.0573592483997,0.0,0.0,0.0,0.0269140303135,0.0,0.0547891780734,0.0,0.0,0.00107168860268,0.0651753023267,0.0,0.0,0.0,0.0,0.224541559815,0.183815062046,0.110760129988,0.0,0.0,0.0,0.0,0.551169216633,0.981780707836,0.0,0.193422272801,0.00529577815905,0.00689762411639,0.0
False,1492773.3509009245,0.0,0.0,0.291737914085,0.702012836933,0.815084815025,0.807371735573,0.0,0.552722930908,0.73134791851,0.905701935291,0.335156172514,0.0,2.64666305156e-05,3.709302473e-05,0.377678275108,0.0,0.0,0.0,0.124140322208,0.0689392834902,0.0,0.0,0.0,0.0300189573318,0.0,0.060747038573,0.0,0.0,0.00557782361284,0.0786735340953,0.0,0.0,0.0,0.0,0.24430051446,0.267630130053,0.183726325631,0.0,0.0,0.0,0.0,0.594668984413,0.99914675951,0.0,0.179279476404,0.000237074826146,0.00969015061855,0.0
False,1492806.8149009245,0.0,0.0,0.331373751163,0.640049576759,0.826508939266,0.81867814064,0.0,0.564440965652,0.718426823616,0.91134506464,0.348292559385,0.0,6.26733799436e-06,2.47214957199e-05,0.364016056061,0.0,0.0,0.0,0.0980233252048,0.0816817581654,0.0,0.0,0.0,0.034649387002,0.0,0.0557054318488,0.0,0.0,0.00195751897991,0.0878653600812,0.0,0.0,0.0,0.0,0.260696649551,0.356086164713,0.236026450992,0.0,0.0,0.0,0.0,0.645562946796,1.0,0.0,0.158733099699,0.015337171033,0.0157674420625,0.0
False,1492840.2799009245,0.0,0.0,0.460352420807,0.651545524597,0.834050953388,0.826206624508,0.0,0.56479370594,0.819752156734,0.918406009674,0.350497752428,0.0,7.98591790954e-05,4.04321217502e-05,0.320491909981,0.0,0.0,0.0,0.12530939281,0.0953800827265,0.0,0.0,0.0,0.0406092368066,0.0,0.0486592054367,0.0,0.0,0.000101466226624,0.101325824857,0.0,0.0,0.0,0.0,0.27673920989,0.438270866871,0.26931682229,0.0,0.0,0.0,0.0,0.685176134109,1.0,0.0,0.148679628968,0.0184840522707,0.0205126553774,0.0
False,1492873.7439009245,0.0,0.0,0.451811760664,0.692712128162,0.843549609184,0.836021661758,0.0,0.533616364002,0.808574020863,0.973822176456,0.318411231041,0.0,0.0,4.96955399285e-05,0.302622437477,0.0,0.0,0.0,0.129395335913,0.107026740909,0.0,0.0,0.0,0.0458745919168,0.0,0.0436615385115,0.0,0.0,0.00346322357655,0.117031797767,0.0,0.0,0.0,0.0,0.288570225239,0.504662454128,0.277378439903,0.0,0.0,0.0,0.0,0.684332549572,0.985073626041,0.0,0.173616871238,0.00506220618263,0.0193138774484,0.0
False,1492907.2089009245,0.0,0.0,0.449213981628,0.762079894543,0.844912171364,0.837636113167,0.0,0.516134500504,0.774998784065,0.988238871098,0.301801919937,0.0,0.0,4.22403209086e-05,0.313959628344,0.0,0.0,0.0,0.184827178717,0.11761393398,0.0,0.0,0.0,0.0483589805663,0.0,0.0369732491672,0.0,0.0,0.0134668052197,0.129112899303,0.0,0.0,0.0,0.0,0.281906872988,0.555392563343,0.284389823675,0.0,0.0,0.0,0.0,0.680244863033,0.967273831367,0.0,0.159780099988,0.00191658909898,0.0233039278537,0.0
False,1492940.6729009245,0.0,0.0,0.487588405609,0.680378913879,0.8445764184,0.83690059185,0.0,0.556900620461,0.839742660522,0.898670732975,0.344417065382,0.0,4.63036740257e-05,4.68685757369e-05,0.334220767021,0.0,0.0,0.0,0.200680837035,0.127302244306,0.0,0.0,0.0,0.0476593188941,0.0300731379539,0.00986330956221,0.0,0.0,0.0159134827554,0.146678283811,0.0,0.000273336307146,0.0,0.0,0.270314306021,0.588807344437,0.299878001213,0.0,0.0,0.0,0.0,0.675850391388,0.951617836952,0.00200179615058,0.123080708086,0.000623779022135,0.0288895051926,0.0
False,1492974.1379009245,0.0,0.0,0.482518255711,0.682902812958,0.843969166279,0.836106300354,0.0,0.562864840031,0.847749710083,0.877145767212,0.350955545902,0.0,1.02345775304e-05,1.37408087539e-05,0.350845903158,0.0,0.0,0.0,0.187726065516,0.135825484991,0.0,0.0,0.0,0.0457588434219,0.0664191022515,0.000484736025101,0.0,0.0,0.0259493980557,0.164133921266,0.0,0.000102285339381,0.0,0.0,0.270704805851,0.606088519096,0.309193372726,0.0,0.0,0.0,0.0,0.661820590496,0.941859006882,0.0032865726389,0.107963062823,3.26870467688e-05,0.0317866243422,0.0
False,1493007.6019009245,0.0,0.0,0.430856853724,0.661358058453,0.836642920971,0.82870310545,0.0,0.574097931385,0.826207220554,0.908630609512,0.362145543098,0.0,4.08878622693e-06,1.93661544472e-05,0.348431348801,0.0,0.0,0.0,0.177326843143,0.145309701562,0.0,0.0,0.0,0.04343868047,0.0932198986411,0.0,0.0,0.0,0.0254228617996,0.180232748389,0.0,5.3599774219e-06,0.0,0.0,0.270438045263,0.614340484142,0.319056510925,0.0,0.0,0.0,0.0,0.648760676384,0.95604377985,0.00318467267789,0.109051086009,0.0,0.0354848615825,0.0
False,1493041.0669009245,0.0,0.0,0.447166532278,0.686649739742,0.83175522089,0.823714911938,0.0,0.584219694138,0.831320941448,0.938260912895,0.373169243336,0.0,1.17113659144e-05,4.06780600315e-05,0.346927076578,0.0,0.0,0.0,0.204347893596,0.157274872065,0.0,0.0,0.0,0.0404547341168,0.12982749939,0.0,0.0,0.0,0.0218978244811,0.193800270557,0.0,0.0,0.0,0.0,0.261467993259,0.618280410767,0.339597016573,0.0,0.0,0.0,0.0,0.654092371464,0.989151537418,0.00434505566955,0.0967867299914,0.0,0.0390230342746,0.0
False,1493074.5309009245,0.0,0.0,0.605782091618,0.832647144794,0.81506896019,0.807107150555,0.0,0.59313338995,0.934565544128,0.954940736294,0.384056061506,0.0,0.000101340774563,5.46812443645e-05,0.285505205393,0.0,0.00505673885345,0.0,0.256331473589,0.171852350235,0.0,0.0,0.0,0.036792460829,0.18196618557,0.0,0.0,0.0,0.0809722840786,0.216842696071,0.00147703988478,9.1868081654e-05,0.0,0.0,0.246736854315,0.628714382648,0.397346138954,0.0,0.0,0.0,0.0,0.652604818344,0.999476730824,0.009246901609,0.0483219102025,0.0,0.0493004396558,0.0
False,1493107.9959009246,0.0,0.0,0.578842997551,0.772956728935,0.803752720356,0.795767307281,0.0,0.60055655241,0.889445066452,0.921606838703,0.390835493803,0.0,3.04210389004e-05,2.82395321847e-05,0.241693779826,0.0,0.00189152511302,0.0,0.305447667837,0.189133688807,0.0,0.0,0.0,0.0298074353486,0.234817922115,0.0,0.0,0.0,0.164924487472,0.245050936937,0.000552705605514,3.4378044802e-05,0.0,0.0,0.23446957767,0.633703708649,0.425018131733,0.0,0.0,0.0,0.0,0.64439457655,1.0,0.00731074810028,0.0096074026078,0.0,0.0641643702984,0.0
False,1493141.4599009245,0.0,0.0,0.470278203487,0.796127021313,0.758118093014,0.749851584435,0.0,0.645548403263,0.763670682907,0.867586553097,0.437781125307,0.0,1.40428664963e-05,4.8564554163e-05,0.272148907185,0.0,9.91100969259e-05,0.0,0.306620568037,0.209748268127,0.0,0.0,0.0,0.0195951815695,0.255302429199,0.0,0.0,0.0,0.240056589246,0.273573428392,2.89627514576e-05,1.80148583695e-06,0.0,0.0,0.213249817491,0.631721973419,0.412770241499,0.0,0.0,0.0,0.0,0.659592926502,1.0,0.00175811455119,0.000438829592895,0.0,0.0715063586831,0.0
False,1493174.9249009246,0.0,0.0,0.425309151411,0.813739001751,0.751998364925,0.743753731251,0.0,0.658044457436,0.765734136105,0.86159157753,0.450311392546,0.0,1.22171991279e-06,1.82730873348e-05,0.287792950869,0.0,0.0,0.0,0.287835210562,0.232473894954,0.00956141389906,0.0,0.0,0.00476762093604,0.263503879309,0.0,0.0,0.0,0.311841577291,0.294399827719,0.0,0.0,0.0,0.0,0.177675962448,0.625292301178,0.37976077199,0.0,0.0,0.0,0.0,0.691052854061,1.0,8.40074280859e-05,0.0,0.0,0.0764580592513,0.0
False,1493208.3889009245,0.0,0.0,0.414288640022,0.692396521568,0.763454914093,0.755775809288,0.0,0.610310614109,0.797573566437,0.80285012722,0.402352690697,0.0,1.64300199685e-05,3.09225506498e-05,0.315353244543,0.0,0.0,0.0,0.240618646145,0.254858404398,0.0303436797112,0.0,0.0,0.00022957586043,0.264989227057,0.0,0.0,0.0,0.365774124861,0.308351814747,0.0,0.0,0.0,0.0,0.144415438175,0.606425464153,0.294839471579,0.0,0.0,0.0,0.0,0.719586074352,1.0,0.0,0.0524588190019,0.00150590902194,0.0760112702847,0.0
False,1493241.8539009246,0.0,0.0,0.383968025446,0.623480677605,0.765501618385,0.757652938366,0.0,0.616691946983,0.79617702961,0.771325588226,0.409181624651,0.0,7.18185583537e-06,1.57023248448e-06,0.308513522148,0.0,0.0,0.0,0.249074578285,0.274220943451,0.0578855313361,0.0,0.0,0.0,0.268562078476,0.0,0.0,0.0,0.409456551075,0.31927293539,0.00431929109618,0.0,0.0,0.0,0.103322707117,0.585399985313,0.213539227843,0.0,0.0,0.0,0.0,0.730861961842,1.0,0.0,0.0704402774572,0.000563507608604,0.0724001154304,0.0
False,1493275.3179009245,0.0,0.0,0.429445713758,0.610030472279,0.77387803793,0.766269087791,0.0,0.598066329956,0.850557923317,0.786286830902,0.390690267086,0.0,4.98788394907e-05,1.18115951864e-06,0.260308861732,0.0,0.0,0.0,0.266018807888,0.290103912354,0.0894250571728,0.0,0.0,0.0,0.26531881094,0.0,0.0,0.0,0.432917863131,0.334675520658,0.00703149009496,0.0,0.0,0.0,0.0694277882576,0.563732862473,0.157375991344,0.0,0.0,0.0,0.0,0.713137447834,1.0,0.0,0.0484133511782,2.95287845802e-05,0.0700922980905,0.000271628494374
False,1493308.7829009246,0.0,0.0,0.438770413399,0.577312469482,0.7814489007,0.77384185791,0.0,0.595736682415,0.893661260605,0.760474681854,0.389076501131,0.0,3.45622647728e-05,1.64625344041e-05,0.189731374383,0.0,0.0,0.0,0.226354286075,0.301503270864,0.122998513281,0.0,0.0,0.0,0.271014362574,0.0,0.0,0.0,0.444201081991,0.348551481962,0.010345521383,0.0,0.0,0.0,0.0401237756014,0.546404957771,0.112984806299,0.0,0.0,0.0,0.0,0.65833479166,1.0,0.0,0.0114873405546,0.0,0.0737469419837,0.000101646248368
False,1493342.2469009245,0.0,0.0,0.44624131918,0.594591200352,0.782105922699,0.774114310741,0.0,0.619741082191,0.847543418407,0.739445626736,0.413201451302,0.0,2.2018679374e-05,8.59429860611e-07,0.2281216681,0.0,0.0,0.0,0.171122357249,0.309354603291,0.156311765313,0.0,0.0,0.0,0.274257272482,0.0,0.0,0.0,0.451911598444,0.358831614256,0.0156063623726,0.0,0.0,0.0,0.0164575334638,0.52917021513,0.0715690776706,0.0,0.0,0.0,0.0,0.6055727005,1.0,0.0,0.0148263778538,0.00585575494915,0.0834296196699,5.32648755325e-06
False,1493375.7119009246,0.0,0.0,0.361200362444,0.585869252682,0.781686127186,0.773446083069,0.0,0.639463663101,0.739337742329,0.705984354019,0.432847738266,0.0,3.87743275496e-05,1.91643721337e-05,0.273437261581,0.0,0.0,0.0,0.159767329693,0.312089681625,0.185699507594,0.0,0.0,0.0,0.263627916574,0.0,0.0,0.0,0.437836259604,0.360092818737,0.0151473311707,0.0,0.0,0.0,0.00542178144678,0.511697113514,0.0182321928442,0.0,0.0,0.0,0.0,0.567296504974,1.0,0.0,0.0334623791277,0.024624761194,0.0960092619061,0.0
False,1493409.1759009245,0.0,0.0,0.374058634043,0.533062517643,0.784000992775,0.775598704815,0.0,0.655373573303,0.756798565388,0.738525867462,0.449396818876,0.0,4.7700927098e-05,1.69373888639e-05,0.262037605047,0.0,0.0,0.0,0.148755848408,0.312133669853,0.212419241667,0.0,0.0,0.0,0.264714002609,0.0,0.0,0.0,0.415493369102,0.351011633873,0.00847461726516,0.0,0.0,0.0,0.0010029602563,0.500011444092,0.00126757554244,0.0,0.0,0.0,0.0,0.550271868706,1.0,0.0,0.0575689077377,0.0378229692578,0.106226116419,0.0
False,1493442.6409009246,0.0,0.0,0.371492624283,0.498275727034,0.786529958248,0.777987718582,0.0,0.664404213428,0.722743213177,0.686397254467,0.458970636129,0.0,1.68446877069e-05,2.26618212764e-05,0.242190673947,0.0,0.0,0.0,0.143665283918,0.311230152845,0.236376240849,0.0,0.0,0.0,0.273834168911,0.0,0.0,0.0,0.380997538567,0.333995878696,0.00183487229515,0.0,0.0,0.0,0.00435344642028,0.489582806826,2.37216263486e-05,0.0,0.0,0.0,0.0,0.543943047523,1.0,0.0,0.0712090060115,0.0424311310053,0.11054315418,0.0
False,1493476.1049009245,0.0,0.0,0.346214443445,0.48402801156,0.790164411068,0.781563639641,0.0,0.666399598122,0.726124465466,0.684690475464,0.460903197527,0.0,8.42792906042e-06,1.18752973322e-06,0.204938992858,0.0,0.0,0.0,0.150438413024,0.307273000479,0.255221366882,0.0,0.0,0.0,0.279020935297,0.0,0.0,0.0,0.34489184618,0.311602473259,8.55355610838e-05,0.0,0.0,0.0,0.0124838268384,0.480095982552,0.0,0.0,0.0,0.0,0.0,0.543755710125,1.0,0.0,0.0663191527128,0.047710314393,0.107424594462,0.0
False,1493509.5699009246,0.0,0.0,0.318946272135,0.481088161469,0.788632214069,0.780069291592,0.0,0.664107441902,0.708826780319,0.672864079475,0.459046214819,0.0,6.26518567515e-06,5.96834024691e-06,0.22037294507,0.0,0.0,0.0,0.148384764791,0.299244701862,0.267628759146,0.0,0.0,0.0,0.277451008558,0.0,0.0,0.0,0.310683220625,0.282995373011,0.00110057531856,0.0,0.0,0.0,0.0209697373211,0.46775123477,0.0,0.0,0.0,0.0,0.0,0.549018144608,1.0,0.0,0.0538131184876,0.0539792664349,0.107072286308,0.0
False,1493543.0339009245,0.0,0.0,0.336767882109,0.491884887218,0.79511988163,0.786765992641,0.0,0.645877718925,0.710312604904,0.670023560524,0.440280795097,0.0,9.60339366429e-06,8.9675977506e-06,0.256890296936,0.0,0.0,0.0,0.15604557097,0.28866147995,0.274673610926,0.0,0.0,0.0,0.275042951107,0.0,0.0,0.0,0.292132228613,0.2534301579,0.00758382910863,0.0,0.0,0.0,0.0266366731375,0.45910564065,0.0,0.0,0.0,0.0,0.0,0.555361390114,1.0,0.0,0.047763440758,0.0501956194639,0.110196396708,0.0
False,1493576.4989009246,0.0,0.0,0.384967535734,0.490075796843,0.794837415218,0.78642731905,0.0,0.653861284256,0.828281402588,0.664708852768,0.448860257864,0.0,9.77066520136e-05,4.08090818382e-06,0.290379703045,0.0,0.0,0.0,0.145693838596,0.276534050703,0.275443732738,0.0,0.0,0.0,0.276319056749,0.0,0.0,0.0,0.281574964523,0.225241646171,0.0174572449178,0.0,0.0,0.0,0.0318829528987,0.451555818319,0.00464517809451,0.0,0.0,0.0,0.0,0.562740385532,1.0,0.0,0.0383895039558,0.0459797084332,0.115525521338,0.0
False,1493609.9629009245,0.0,0.0,0.288864254951,0.508981347084,0.792775034904,0.784245669842,0.0,0.652557373047,0.693566858768,0.671081900597,0.447126179934,0.0,6.03351509199e-05,8.69768791745e-06,0.297151118517,0.0,0.0,0.0,0.131467804313,0.26484683156,0.27161693573,0.0,0.0,0.0,0.280997723341,0.0,0.0,0.0,0.273188918829,0.203447699547,0.0208927281201,0.0,0.0,0.0,0.0309627410024,0.44370085001,0.00770398555323,0.0,0.0,0.0,0.0,0.579414308071,1.0,0.0,0.0256287138909,0.0497857183218,0.120460741222,0.0
False,1493643.4279009246,0.0,0.0,0.230794265866,0.566758096218,0.795747458935,0.787219822407,0.0,0.654369294643,0.64421916008,0.715613603592,0.448384672403,0.0,4.56386578662e-06,2.2209746021e-05,0.281875222921,0.0,0.0,0.0,0.146155640483,0.253387838602,0.264793783426,0.0,0.0,0.0,0.286560118198,0.0,0.0,0.0,0.27218863368,0.187761619687,0.023383371532,0.0,0.0,0.0,0.030392723158,0.433453798294,0.00232264143415,0.0,0.0,0.0,0.0,0.581963837147,1.0,0.0,0.0310640577227,0.0404753871262,0.122545346618,0.0
False,1493676.781862615,0.0,0.0,0.217737808824,0.596200048923,0.801730930805,0.79313659668,0.0,0.65194439888,0.621710836887,0.748578906059,0.445738047361,0.0,4.01911819381e-07,3.69701810996e-05,0.272282958031,0.0,0.0,0.0,0.162666261196,0.241458401084,0.254426062107,0.0,0.0,0.0,0.288819551468,0.0,0.0,0.0,0.277029424906,0.178187459707,0.0257297996432,0.0,0.0,0.0,0.0270740222186,0.42574429512,0.00011692258704,0.0,0.0,0.0,0.0,0.574296712875,1.0,0.0,0.0445314832032,0.0206624660641,0.126777723432,0.0
False,1493710.246862615,0.0,0.0,0.170007556677,0.577163755894,0.803126454353,0.794570744038,0.0,0.6509308815,0.632940113544,0.749896168709,0.444931805134,0.0,2.10610728857e-08,1.20412114484e-05,0.27519518137,0.0,0.0,0.0,0.188945278525,0.230926394463,0.242591321468,0.0,0.0,0.0,0.291771233082,0.0,0.0,0.0,0.275889694691,0.168614089489,0.0234503634274,0.0,0.0,0.0,0.0312477722764,0.421162307262,0.0,0.0,0.0,0.0,0.0,0.575779020786,1.0,0.0,0.0603027530015,0.0149935018271,0.129413723946,0.0
False,1493743.710862615,0.0,0.0,0.187772631645,0.52960729599,0.798060774803,0.789326667786,0.0,0.671675682068,0.639141380787,0.715274810791,0.466462254524,0.0,2.73240812021e-06,1.54871304403e-05,0.225804805756,0.0,0.0,0.0,0.177430585027,0.222736671567,0.230276510119,0.0,0.0,0.0,0.296377331018,0.0,0.0,0.0,0.265117377043,0.164308711886,0.0140030020848,0.0,0.0,0.0,0.0374702326953,0.416484981775,0.0,0.0,0.0,0.0,0.0,0.581957995892,1.0,0.0,0.0750376060605,0.0214693825692,0.128468319774,0.0
False,1493777.175862615,0.0,0.0,0.201957255602,0.528411149979,0.798789143562,0.790036559105,0.0,0.670137524605,0.619607627392,0.70315682888,0.464876651764,0.0,0.0,1.44347113746e-05,0.252327471972,0.0,0.0,0.0,0.16015586257,0.215752407908,0.21739679575,0.0,0.0,0.0,0.310354113579,0.0,0.0,0.0,0.252856731415,0.168032407761,0.00639102514833,0.0,0.0,0.0,0.0498584546149,0.41313034296,0.00849183648825,0.0,0.0,0.0,0.0,0.578350543976,1.0,0.0,0.0910554230213,0.0308536365628,0.12653170526,0.0
False,1493810.639862615,0.0,0.0,0.188125506043,0.488802880049,0.801975250244,0.793296396732,0.0,0.66524541378,0.670122981071,0.711642920971,0.460028618574,0.0,6.10925917499e-06,9.32077000471e-06,0.277919381857,0.0,0.0,0.0,0.168276846409,0.210983112454,0.206174299121,0.0,0.0,0.0,0.315894573927,0.0,0.0,0.0,0.242984548211,0.181926488876,0.0023521122057,0.0,0.0,0.0,0.0711946114898,0.410836338997,0.0299453288317,0.0,0.0,0.0,0.0,0.562622368336,1.0,0.0,0.106772206724,0.0263264067471,0.129728451371,0.0
False,1493844.104862615,0.0,0.0,0.177773475647,0.496436983347,0.806998550892,0.798297166824,0.0,0.65924012661,0.650094151497,0.741031348705,0.453671365976,0.0,7.16291151548e-06,2.35614243138e-05,0.282336711884,0.0,0.0,0.0,0.194723680615,0.20772048831,0.196547865868,0.0,0.0,0.0,0.306756108999,0.0,0.0,0.0,0.232034519315,0.206794843078,0.000436426547822,0.0,0.0,0.0,0.0987903028727,0.405483573675,0.0626077800989,0.0,0.0,0.0,0.0,0.534809648991,1.0,0.0,0.110653534532,0.0101934401318,0.134295061231,0.0
False,1493877.568862615,0.0,0.0,0.301021277905,0.620001554489,0.815394997597,0.806747019291,0.0,0.652863383293,0.752096295357,0.838772952557,0.447353839874,0.0,9.15671407711e-05,8.47531482577e-05,0.26633438468,0.0,0.0321250222623,0.0,0.237763419747,0.205734536052,0.189179882407,0.0,0.0,0.0,0.292105078697,0.0,0.0,0.0,0.23826853931,0.244113728404,0.00221373443492,0.0,0.0,0.0,0.134896352887,0.391936689615,0.125024989247,0.0,0.0,0.0,0.0,0.484258592129,1.0,0.0,0.093287602067,0.00159998994786,0.141063094139,0.000487867335323
False,1493911.033862615,0.0,0.0,0.355487644672,0.695602416992,0.818885445595,0.810363829136,0.0,0.644507050514,0.817693769932,0.818207204342,0.439571470022,0.0,2.55879967881e-05,2.11024744203e-05,0.229875504971,0.0,0.0506411343813,0.0,0.246568456292,0.20288708806,0.184620290995,0.0,0.0,0.0,0.268746584654,0.0,0.0,0.0,0.256584316492,0.284760266542,0.00209861900657,0.0,0.0,0.0,0.17078910768,0.375753581524,0.194751039147,0.0,0.0,0.0,0.0,0.432314574718,1.0,0.0,0.0751164406538,6.65020488668e-05,0.150126114488,0.000182564646821
False,1493944.497862615,0.0,0.0,0.377833902836,0.617363989353,0.817715525627,0.8091340065,0.0,0.646444261074,0.726929008961,0.777886271477,0.441158890724,0.0,1.80672559509e-05,1.73056014319e-05,0.201299935579,0.0,0.0280735827982,0.0,0.261554151773,0.198924362659,0.180692046881,0.0,0.0,0.0,0.24665632844,0.0,0.0,0.0,0.260630279779,0.309201002121,0.000521089532413,0.0,0.0,0.0,0.197477012873,0.359043568373,0.230305999517,0.0,0.0,0.0,0.0,0.399248510599,1.0,0.0,0.0560999400914,0.000434896326624,0.154039487243,9.56678377406e-06
False,1493977.962862615,0.0,0.0,0.39308744669,0.510907232761,0.813999056816,0.80549377203,0.0,0.653998494148,0.766591846943,0.651284754276,0.450130909681,0.0,7.47584781493e-05,3.52157148882e-05,0.206317037344,0.0,0.00561791844666,0.0,0.261132627726,0.195384278893,0.179323598742,0.0,0.0,0.0,0.25851392746,0.0,0.0,0.0,0.250972568989,0.316536724567,2.5051565899e-05,0.0,0.0,0.0,0.209134608507,0.338465452194,0.221445381641,0.0,0.0,0.0,0.0,0.407082825899,1.0,0.0,0.0464337132871,0.00521875731647,0.149996370077,0.0
False,1494011.426862615,0.0,0.0,0.427184104919,0.468541055918,0.807005345821,0.79835486412,0.0,0.658342778683,0.730653643608,0.652750015259,0.45350587368,0.0,2.2320286007e-05,2.63319634541e-05,0.202763453126,0.0,0.000255286839092,0.0,0.281195908785,0.192082956433,0.178459405899,0.0,0.0,0.0,0.275783836842,0.0,0.0,0.0,0.230914741755,0.318233311176,0.0,0.0,0.0,0.0,0.201857700944,0.315953552723,0.195738300681,0.0,0.0,0.0,0.0,0.446630895138,1.0,0.0,0.0270169805735,0.0078016850166,0.13883972168,0.0
False,1494044.891862615,0.0,0.0,0.403069704771,0.469966888428,0.798218429089,0.789765119553,0.0,0.652129173279,0.701605975628,0.668698489666,0.447376608849,0.0,9.75282819127e-06,8.02086742624e-06,0.242325827479,0.0,0.0,0.0,0.268533319235,0.187112212181,0.175643697381,0.0,0.0,0.0,0.282679736614,0.0,0.0,0.0,0.206317767501,0.321153432131,0.0,0.0,0.0,0.0,0.188195243478,0.296577066183,0.160308480263,0.0,0.0,0.0,0.0,0.483638137579,1.0,0.0,0.0276294443756,0.00230656610802,0.119360014796,0.0
False,1494078.355862615,0.0,0.0,0.431479692459,0.39343971014,0.79340416193,0.785257816315,0.0,0.635333120823,0.741425573826,0.61765152216,0.430540382862,0.0,3.47024142684e-05,1.01872592495e-05,0.311352223158,0.0,0.0,0.0,0.243158891797,0.183757632971,0.172117263079,0.0,0.0,0.0,0.283785164356,0.0,0.0,0.0,0.198083728552,0.326893240213,0.00128835358191,0.0,0.0,0.0,0.175890535116,0.285286605358,0.127173915505,0.0,0.0,0.0,0.0,0.510249376297,1.0,0.0,0.0422831252217,0.000115658876894,0.0946832895279,0.0
False,1494111.851862615,0.0,0.0,0.428053021431,0.35089930892,0.789931833744,0.781858086586,0.0,0.631417691708,0.83186262846,0.612035751343,0.427093118429,0.0,5.52086457901e-05,5.1180978744e-07,0.345852524042,0.0,0.00435243872926,0.0,0.242899045348,0.181376338005,0.167585864663,0.0,0.0,0.0,0.283997744322,0.0,0.0,0.0,0.199987992644,0.338921308517,0.000482103496324,0.0,0.0,0.0,0.166952043772,0.272421568632,0.108536757529,0.0,0.0,0.0,0.0,0.528454482555,1.0,0.0,0.0434683337808,0.0,0.0678318291903,0.0
False,1494145.348862615,0.0,0.0,0.314635187387,0.341048002243,0.800133705139,0.792139530182,0.0,0.609896600246,0.76700514555,0.670398950577,0.404171943665,0.0,3.70144225599e-05,8.76366266311e-06,0.333969473839,0.0,0.00162824441213,0.0,0.238810375333,0.177581802011,0.161614224315,0.0,0.0,0.0,0.290640503168,0.0,0.0,0.0,0.206203639507,0.348803341389,2.52631270996e-05,0.0,0.0,0.0,0.16404953599,0.257180333138,0.0986330211163,0.0,0.0,0.0,0.0,0.531960487366,0.994421720505,0.0,0.0350016504526,0.0,0.0456095263362,0.0
False,1494178.8768626149,0.0,0.0,0.32899454236,0.359144359827,0.828854739666,0.821629106998,0.0,0.541654169559,0.773226559162,0.691875040531,0.334830373526,0.0,4.27645609307e-05,0.0,0.33388376236,0.0,8.53172386996e-05,0.0,0.235044196248,0.174024447799,0.154488310218,0.0,0.0,0.0,0.298731178045,0.0,0.0,0.0,0.20881536603,0.352218896151,0.0,0.0,0.0,0.0,0.159894123673,0.238272294402,0.0943903923035,0.0,0.0,0.0,0.0,0.534536004066,0.989111185074,0.0,0.0286830272526,0.0,0.0298382416368,0.0
False,1494212.404862615,0.0,0.0,0.350369542837,0.413624882698,0.83689904213,0.82978540659,0.0,0.521303415298,0.743463158607,0.72526794672,0.313371479511,0.0,1.13495461846e-05,3.48258799932e-05,0.335839748383,0.0,0.00598143832758,0.0,0.239786267281,0.1684884727,0.14698895812,0.0,0.0,0.0,0.306200027466,0.0,0.0,0.0,0.215890973806,0.352435529232,0.0,0.0,0.0,0.0,0.148503214121,0.215863406658,0.103604443371,0.0,0.0,0.0,0.0,0.517301142216,0.97612452507,0.0,0.00771022355184,0.0,0.0207114480436,0.0
False,1494245.963862615,0.0,0.0,0.3385194242,0.465434610844,0.829771995544,0.822719573975,0.0,0.522566795349,0.733835577965,0.72912633419,0.314890623093,0.0,5.04109630128e-06,5.79362313147e-06,0.318032771349,0.0,0.0146993594244,0.0,0.237523853779,0.161916255951,0.139774352312,0.0,0.0,0.0,0.309868216515,0.0,0.0,0.0,0.226111233234,0.342390745878,0.0,0.0,0.0,0.0,0.131912857294,0.193850234151,0.107660077512,0.0,0.0,0.0,0.0,0.502467930317,0.964130878448,0.0,0.000379960139981,0.00579286413267,0.0181083399802,0.0
False,1494279.523862615,0.0,0.0,0.336546301842,0.438621103764,0.829498291016,0.822516202927,0.0,0.520555496216,0.762839257717,0.712935388088,0.313090533018,0.0,2.9887924029e-05,8.7276503109e-06,0.331117093563,0.0,0.00477168383077,0.0,0.204389736056,0.15457072854,0.132113754749,0.0,0.0,0.0,0.309918433428,0.0,0.0,0.0,0.225750491023,0.31976416707,0.0,0.0,0.0,0.0,0.130024030805,0.169003754854,0.0871297344565,0.0,0.0,0.0,0.0,0.485277205706,0.946155011654,0.0,0.0170017126948,0.00744891306385,0.0237082000822,0.0
False,1494313.115862615,0.0,0.0,0.385202348232,0.482038617134,0.832075238228,0.825025320053,0.0,0.520139873028,0.7725943923,0.748753666878,0.312389910221,0.0,2.0151706849e-05,4.31655971624e-05,0.328873991966,0.0,0.000243749324,0.0,0.212353393435,0.146630376577,0.12505671382,0.0,0.0,0.0,0.306501328945,0.0,0.0,0.0,0.223262265325,0.296741336584,0.0,0.0,0.0,0.0,0.119283542037,0.144328325987,0.0747947692871,0.0,0.0,0.0,0.0,0.475798368454,0.926820993423,0.0,0.0287101045251,0.00208929181099,0.0375712551177,0.0
False,1494346.706862615,0.0,0.0,0.399119585752,0.496568709612,0.835867524147,0.828855633736,0.0,0.517186701298,0.789949059486,0.785825669765,0.309333503246,0.0,2.92029035336e-05,1.90338923858e-05,0.315728485584,0.0,0.0,0.0,0.249942332506,0.137223258615,0.118313074112,0.0,0.0,0.0,0.301472425461,0.0,0.0,0.0,0.237093225121,0.280192643404,0.00794421881437,0.0,0.0,0.0,0.107060529292,0.121235340834,0.0829140543938,0.0,0.0,0.0,0.0,0.445664644241,0.907118737698,0.0,0.0278210118413,0.000103521961137,0.0568972937763,0.0
False,1494380.298862615,0.0,0.0,0.511773586273,0.55691331625,0.834226131439,0.827270448208,0.0,0.516395866871,0.827701568604,0.776314556599,0.308965414762,0.0,5.06372234668e-05,6.63450828142e-06,0.269769370556,0.0,0.00294304871932,0.0,0.29019215703,0.127166315913,0.112297914922,0.0,0.0,0.0,0.2968288064,0.0,0.0,0.0,0.25348135829,0.271492213011,0.0171235334128,0.0,0.0,0.0,0.0973094701767,0.1012506634,0.108852051198,0.0,0.0,0.0,0.0,0.400866657495,0.889897167683,0.0,0.0166382882744,0.0,0.0816035941243,0.00283987913281
False,1494413.889862615,0.0,0.0,0.478162795305,0.541291594505,0.832209169865,0.825296580791,0.0,0.513044953346,0.85108101368,0.76329767704,0.305646717548,0.0,1.22573055705e-05,6.81090341459e-06,0.22019803524,0.0,0.00110117089935,0.0,0.292252838612,0.116425007582,0.106448076665,0.0,0.0,0.0,0.282720088959,0.0,0.0,0.0,0.256142020226,0.263254523277,0.0210748575628,0.0,0.0,0.0,0.0960578843951,0.0813959613442,0.119618758559,0.0,0.0,0.0,0.0,0.358252584934,0.868581414223,0.0,0.0269710384309,0.00836116727442,0.102895878255,0.00167060794774
False,1494447.4818626149,0.0,0.0,0.39515966177,0.475282609463,0.830530583858,0.823616623878,0.0,0.513274133205,0.823212385178,0.759985089302,0.305697262287,0.0,1.24306443468e-05,8.10175151855e-06,0.174870312214,0.0,5.77018254262e-05,0.0,0.268200963736,0.106357425451,0.101950958371,0.0,0.0,0.0,0.275634199381,0.0,0.0,0.0,0.25062122941,0.250996172428,0.0174274407327,0.0,0.0,0.0,0.098073258996,0.0579575784504,0.106479525566,0.0,0.0,0.0,0.0,0.339229226112,0.848240911961,0.0,0.0424228236079,0.0251736491919,0.117734283209,0.000283191649942
False,1494481.0728626149,0.0,0.0,0.419716745615,0.472179174423,0.829914987087,0.823034882545,0.0,0.515069961548,0.838676273823,0.719462931156,0.308007746935,0.0,6.72912283335e-05,2.17159663407e-06,0.143566757441,0.0,0.0,0.0,0.251875728369,0.098377391696,0.0990550592542,0.0,0.0,0.0,0.279800653458,0.0,0.0,0.0,0.252278655767,0.239017382264,0.0108551867306,0.0,0.0,0.0,0.0837686434388,0.0338173769414,0.100105769932,0.0,0.0,0.0,0.0,0.345821946859,0.836720824242,0.0,0.0488607808948,0.0360638871789,0.126601561904,1.19220876513e-05
False,1494514.664862615,0.0,0.0,0.41512671113,0.499999970198,0.83077776432,0.823787391186,0.0,0.514181435108,0.807743549347,0.789538085461,0.305665969849,0.0,1.50011428559e-05,5.22164809809e-05,0.161393210292,0.0,0.0,0.0,0.255629390478,0.0929425135255,0.0971231162548,0.0,0.0,0.0,0.285083651543,0.0,0.0,0.0,0.265502899885,0.230799585581,0.0042680404149,0.0,0.0,0.0,0.0675273984671,0.00888293143362,0.0982027426362,0.0,0.0,0.0,0.0,0.364944219589,0.835497617722,0.0,0.0502169579268,0.0261146984994,0.133320897818,0.0
False,1494548.255862615,0.0,0.0,0.398384124041,0.436312288046,0.824545323849,0.817611336708,0.0,0.519215524197,0.788061499596,0.760686039925,0.31174865365,0.0,7.3128621807e-06,2.31829435506e-05,0.188593894243,0.0,0.0,0.0,0.236400097609,0.0903172194958,0.0954707041383,0.0,0.0,0.0,0.29701128602,0.0,0.0,0.0,0.2809638381,0.218002960086,0.000753320287913,0.0,0.0,0.0,0.055792234838,0.000759644259233,0.0815865695477,0.0,0.0,0.0,0.0,0.401363790035,0.840861320496,0.0,0.0542327910662,0.0332634672523,0.139455795288,0.0
False,1494581.847862615,0.0,0.0,0.339502602816,0.411510169506,0.824820101261,0.817697405815,0.0,0.524968087673,0.761598348618,0.818766176701,0.316627681255,0.0,6.89188709657e-06,6.15913013462e-05,0.205850616097,0.0,0.0,0.0,0.214834138751,0.0890868157148,0.0932009592652,0.0,0.0,0.0,0.30584564805,0.0,0.0,0.0,0.29940906167,0.208242714405,3.2985026337e-05,0.0,0.0,0.0,0.0442074127495,2.02154260478e-05,0.0744410380721,0.0,0.0,0.0,0.0,0.42656520009,0.844944417477,0.0,0.0527300834656,0.028974622488,0.145698621869,0.0
False,1494615.438862615,0.0,0.0,0.462163567543,0.493620306253,0.815138399601,0.808027982712,0.0,0.538916647434,0.849482297897,0.845389068127,0.332034558058,0.0,9.91747147054e-05,2.25924013648e-05,0.172655180097,0.0,0.0,0.0,0.219210743904,0.0875680744648,0.0900550857186,0.0,0.0,0.0,0.304309844971,0.0,0.0,0.0,0.316325038671,0.199028462172,0.00267583690584,0.0,0.0,0.0,0.0308036766946,0.0,0.0806065499783,0.0,0.0,0.0,0.0,0.435123711824,0.842589437962,0.0,0.0459434725344,0.0106849046424,0.154577508569,0.0
False,1494649.030862615,0.0,0.0,0.51031255722,0.507764160633,0.810018956661,0.802832365036,0.0,0.544018805027,0.872971832752,0.813656926155,0.337085872889,0.0,9.24961295823e-06,8.19010256237e-06,0.130862042308,0.0,0.0,0.0,0.236379891634,0.0868428125978,0.0872420668602,0.0,0.0,0.0,0.29391810298,0.0,0.0,0.0,0.336830437183,0.188778147101,0.0094097815454,0.0,0.0,0.0,0.0228178538382,0.0,0.0875844731927,0.0,0.0,0.0,0.0,0.433631569147,0.838953375816,0.0,0.0353819057345,0.00156754988711,0.164793640375,0.0
False,1494682.621862615,0.0,0.0,0.488791584969,0.47441214323,0.800543546677,0.79333370924,0.0,0.551789522171,0.85578006506,0.763448894024,0.34510782361,0.0,1.0829272469e-05,4.85419786855e-06,0.145042315125,0.0,0.0,0.0,0.281203627586,0.0878341123462,0.0852768793702,0.0,0.0,0.0,0.280381083488,0.0,0.0,0.0,0.356725364923,0.172523364425,0.0197315216064,0.0,0.0,0.0,0.0242012459785,0.0,0.0916592031717,0.0,0.0,0.0,0.0,0.43488484621,0.837404310703,0.0,0.0416663661599,0.0167486984283,0.175927981734,0.0
False,1494716.213862615,0.0,0.0,0.498418003321,0.507357895374,0.794188678265,0.786913573742,0.0,0.559456110001,0.811299443245,0.709707856178,0.353240400553,0.0,1.38708710438e-05,1.49326695009e-06,0.171587869525,0.0,0.00872370228171,0.0,0.292731553316,0.0904919281602,0.0845530331135,0.0,0.0,0.0,0.274471372366,0.0,0.0,0.0,0.362115591764,0.159545123577,0.0215422045439,0.0,0.0,0.0,0.0270932596177,0.0,0.103150881827,0.0,0.0,0.0,0.0,0.436362683773,0.838895738125,0.0,0.0404134988785,0.0350606478751,0.18459841609,0.0
False,1494749.804862615,0.0,0.0,0.405791610479,0.455548703671,0.796153187752,0.788882374763,0.0,0.561136484146,0.770851433277,0.652312338352,0.354678481817,0.0,2.72485649475e-05,2.10973612411e-05,0.187550619245,0.0,0.00326059502549,0.0,0.263030946255,0.0940445289016,0.0847483500838,0.0,0.0,0.0,0.278566539288,0.0,0.0,0.0,0.348538637161,0.150866985321,0.00665000360459,0.0,0.0,0.0,0.0341585241258,0.0,0.103421323001,0.0,0.0,0.0,0.0,0.438054084778,0.841371059418,0.0,0.0407108291984,0.0506928898394,0.189362496138,0.0
False,1494783.396862615,0.0,0.0,0.403704494238,0.414036244154,0.79510974884,0.787729740143,0.0,0.568129479885,0.772448420525,0.689378976822,0.36156886816,0.0,2.89453746518e-05,2.9653276215e-05,0.204438120127,0.0,0.000170811064891,0.0,0.21279785037,0.0983970984817,0.0854807570577,0.0,0.0,0.0,0.275758266449,0.0,0.0,0.0,0.327943742275,0.150366559625,0.000541855173651,0.0,0.0,0.0,0.0394790805876,0.0,0.101815663278,0.0,0.0,0.0,0.0,0.434704512358,0.845165908337,0.0,0.0341657027602,0.0476039722562,0.190680384636,0.0
False,1494816.987862615,0.0,0.0,0.408059209585,0.478257596493,0.797015547752,0.789506196976,0.0,0.572425186634,0.748272180557,0.753038287163,0.365822166204,0.0,1.26928098325e-05,1.93127107195e-05,0.226597562432,0.0,0.0,0.0,0.234629541636,0.103193745017,0.087203733623,0.0,0.0,0.0,0.266565710306,0.0,0.0,0.0,0.302746295929,0.158190757036,1.28382835101e-05,0.0,0.0,0.0,0.0450915247202,0.0,0.111575834453,0.0,0.0,0.0,0.0,0.422144681215,0.850855827332,0.0,0.0444425269961,0.015380484052,0.188915908337,0.0
False,1494850.5798626149,0.0,0.0,0.389347791672,0.49244761467,0.800841808319,0.793290674686,0.0,0.576508462429,0.71553248167,0.752792060375,0.369813501835,0.0,7.02460238244e-06,9.83923837339e-06,0.200801640749,0.0,0.0,0.0,0.267132371664,0.107762716711,0.089817777276,0.0,0.0,0.0,0.262141078711,0.0,0.0,0.0,0.269393414259,0.175887316465,0.0,0.0,0.0,0.0,0.057200152427,0.0,0.132418617606,0.0,0.0,0.0,0.0,0.393370419741,0.855038285255,0.0,0.0636709555984,0.00161839777138,0.189331695437,0.0
False,1494884.1708626149,0.0,0.0,0.44451379776,0.431734353304,0.797506868839,0.789990842342,0.0,0.582583844662,0.773878872395,0.700324237347,0.377237975597,0.0,6.75826013321e-05,1.38642444654e-05,0.136829897761,0.0,0.0,0.0,0.274065166712,0.112889572978,0.0946402028203,0.0,0.0,0.0,0.269310861826,0.0,0.0,0.0,0.231045201421,0.202592730522,0.0,0.0,0.0,0.0,0.0710218846798,0.0,0.160252213478,0.0,0.0,0.0,0.0,0.364716500044,0.865309774876,0.0,0.09552013129,5.21968977409e-05,0.193086966872,0.0
False,1494917.5749480687,0.0,0.0,0.498211145401,0.438152462244,0.797995328903,0.790408074856,0.0,0.584554255009,0.823686420918,0.700400769711,0.378981411457,0.0,3.30260008923e-05,4.71455541629e-06,0.113531365991,0.0,0.0054083680734,0.0,0.288449674845,0.117954060435,0.100357674062,0.0,0.0,0.0,0.27565741539,0.0,0.0,0.0,0.198296070099,0.241925656796,0.0,0.0,0.0,0.0,0.0887198150158,0.0,0.196574151516,0.0,0.0,0.0,0.0,0.331899881363,0.879333794117,0.0,0.114229895175,0.0,0.194610506296,0.0
False,1494951.1659480687,0.0,0.0,0.492319107056,0.456349164248,0.791167914867,0.783566117287,0.0,0.590313673019,0.880298256874,0.725519418716,0.384786099195,0.0,3.76229691028e-05,0.0,0.119502790272,0.0,0.0261359103024,0.0,0.292178183794,0.122718110681,0.104382075369,0.0,0.0,0.0,0.282717734575,0.0,0.0,0.0,0.182723939419,0.282444119453,0.0,0.0,0.0,0.000372162903659,0.107472203672,0.0,0.231630384922,0.0,0.0,0.0,0.0,0.315244615078,0.893876373768,0.0,0.105205841362,0.00194922997616,0.192868441343,0.0
False,1494984.7579480687,0.0,0.0,0.524893462658,0.472808539867,0.787332594395,0.779677987099,0.0,0.59632641077,0.866234004498,0.731825828552,0.391011863947,0.0,2.26719312195e-05,0.0,0.0957507938147,0.0,0.0304296016693,0.0,0.292295515537,0.126725226641,0.106110930443,0.0,0.0,0.0,0.293935060501,0.0,0.0,0.0,0.179588958621,0.318471729755,0.0,0.0,0.0,0.000139267154736,0.121805369854,0.0,0.260059297085,0.0,0.0,0.0,0.0,0.308285295963,0.905345022678,0.0,0.0868021696806,0.000729379651602,0.189452916384,0.0
False,1495051.9409480686,0.0,0.0,0.507105588913,0.376621633768,0.781683862209,0.774056315422,0.0,0.599555492401,0.799405694008,0.666651189327,0.394465267658,0.0,2.35392581089e-05,2.47984189627e-05,0.112141378224,0.0,0.00840351637453,0.0,0.242938801646,0.13049569726,0.105215072632,0.0,0.0,0.0,0.300984352827,0.0,0.0,0.0,0.169284254313,0.346288442612,0.0,0.0,0.0,0.00045535346726,0.140104010701,0.0,0.261639654636,0.0,0.0,0.0,0.0,0.32577341795,0.91282248497,0.0,0.0795693323016,0.0157815851271,0.176771506667,0.0
False,1495186.3069480686,0.0,0.0,0.49990516901,0.341099947691,0.776366055012,0.76879042387,0.0,0.596524477005,0.82843130827,0.69203299284,0.390754252672,0.0,4.47488382633e-05,2.755677815e-05,0.11410087347,0.0,0.0204751119018,0.0,0.20126965642,0.134032398462,0.1020655334,0.0,0.0,0.0,0.313403189182,0.0,0.0,0.0,0.16620580852,0.374269753695,0.0,0.0,0.0,0.00166858301964,0.143407151103,0.0,0.262700259686,0.0,0.0,0.0,0.0,0.359929174185,0.917844057083,0.0,0.0410988740623,0.0337635949254,0.156857788563,9.7713622381e-05
False,1495253.4899480685,0.0,0.0,0.428148388863,0.353321909904,0.778625011444,0.770981609821,0.0,0.59549754858,0.740923881531,0.668540239334,0.389595627785,0.0,3.05303510686e-05,4.02764044338e-06,0.157685995102,0.0,0.00745875155553,0.0,0.220635712147,0.137161895633,0.0978529602289,0.0,0.0,0.0,0.329975605011,0.0,0.0,0.0,0.164977937937,0.401710838079,0.0,0.0,0.0,0.00152093521319,0.138356506824,0.0,0.251489877701,0.0,0.0,0.0,0.0,0.400898635387,0.920394539833,0.0,0.00817333441228,0.0355241261423,0.142950162292,3.6565506889e-05
False,1495320.6409480686,0.0,0.0,0.404192745686,0.301540791988,0.777625203133,0.770270287991,0.0,0.580172419548,0.75199508667,0.647664010525,0.374322593212,0.0,2.89445124508e-05,5.9043550209e-06,0.216760754585,0.0,0.000390237430111,0.0,0.229820922017,0.138951703906,0.0914628356695,0.0,0.0,0.0,0.333317726851,0.0,0.0,0.0,0.16463957727,0.422368079424,0.0,0.0,0.0,0.000385112507502,0.128388166428,0.0,0.218234658241,0.0,0.0,0.0,0.0,0.448432266712,0.915145337582,0.0,0.000372252892703,0.0325323492289,0.14132912457,1.91611366063e-06
False,1495354.2009480686,0.0,0.0,0.493324756622,0.351880341768,0.783781051636,0.776825904846,0.0,0.540618598461,0.797701895237,0.708121955395,0.333496838808,0.0,4.7590383474e-05,4.83994626848e-05,0.204708009958,0.0,0.0,0.0,0.227846235037,0.139739453793,0.0846381336451,0.0,0.0,0.0,0.341314196587,0.0,0.0,0.0,0.172515243292,0.43663290143,0.0,0.0,0.0,1.86384168046e-05,0.107697784901,0.0,0.190484911203,0.0,0.0,0.0,0.0,0.493406802416,0.907318472862,0.0,0.00866793561727,0.0181920249015,0.148501932621,0.0
False,1495387.6969480687,0.0,0.0,0.496280193329,0.423501372337,0.781606793404,0.774598658085,0.0,0.539713859558,0.777317166328,0.801056146622,0.332192391157,0.0,6.82362860971e-06,3.84164923162e-05,0.16957449913,0.0,0.00223884312436,0.0,0.266854912043,0.139789104462,0.0778175890446,0.0,0.0,0.0,0.354192852974,0.0,0.0,0.0,0.18636675179,0.448276072741,0.0,0.0,0.0,0.0,0.0877010971308,0.0,0.177024871111,0.0,0.0,0.0,0.0,0.522376418114,0.897331297398,0.0,0.0122328791767,0.0038887669798,0.157710269094,0.0
False,1495421.1929480687,0.0,0.0,0.409637212753,0.474239349365,0.777930676937,0.770950257778,0.0,0.541443169117,0.786356806755,0.828322947025,0.333912134171,0.0,1.01472205642e-05,1.6365560441e-05,0.111908525229,0.0,0.00246821390465,0.0,0.295736163855,0.139219522476,0.0722518563271,0.0,0.0,0.0,0.359119981527,0.0,0.0,0.0,0.200696632266,0.46522346139,0.0,0.0,0.0,0.0,0.0733191072941,0.0,0.174212858081,0.0,0.0,0.0,0.0,0.526942551136,0.885013103485,0.0,0.0109635749832,0.000180538190762,0.167640700936,0.0
False,1495488.1219480687,0.0,0.0,0.449982851744,0.425061762333,0.775311410427,0.768441677094,0.0,0.537341475487,0.731179773808,0.780980110168,0.32976397872,0.0,7.14205543773e-06,2.08986639336e-05,0.127356663346,0.0,0.000654006667901,0.0,0.275841504335,0.137782946229,0.0674000307918,0.0,0.0,0.0,0.362293213606,0.0,0.0,0.0,0.203220233321,0.474286466837,0.0,0.0,0.0,0.0,0.0669459626079,0.0,0.158854827285,0.0,0.0,0.0,0.0,0.523029029369,0.868771910667,0.0,0.0169215686619,0.00861357990652,0.174021080136,0.0
False,1495521.5869480686,0.0,0.0,0.560695528984,0.437144160271,0.775738656521,0.768805921078,0.0,0.540064632893,0.763847887516,0.804186284542,0.332322627306,0.0,5.57852981729e-05,6.15384851699e-05,0.151960015297,0.0,0.015534334816,0.0,0.283644735813,0.13672503829,0.0635991990566,0.0,0.0,0.0,0.375347584486,0.0,0.0,0.0,0.195368051529,0.481721371412,0.0,0.0,0.0,0.0,0.0561272539198,0.0,0.16010543704,0.0,0.0,0.0,0.0,0.522090792656,0.857402026653,0.0,0.00898726843297,0.014563635923,0.176593542099,0.0
False,1495555.0509480685,0.0,0.0,0.601842582226,0.482272773981,0.771610379219,0.764668107033,0.0,0.54274636507,0.806586444378,0.82749247551,0.335433602333,0.0,8.60358341015e-06,6.57979353491e-06,0.119781017303,0.0,0.0278226602823,0.0,0.298252314329,0.135475635529,0.0604952387512,0.0,0.0,0.0,0.391921281815,0.0,0.0,0.0,0.179858759046,0.491522341967,0.0,0.0,0.0,0.0,0.0445742793381,0.0,0.172783270478,0.0,0.0,0.0,0.0,0.517442643642,0.849274754524,0.0,0.00162782741245,0.0180157404393,0.174493029714,0.0
False,1495588.5159480686,0.0,0.0,0.621118485928,0.475759744644,0.774564743042,0.767618775368,0.0,0.542431235313,0.817453086376,0.813208699226,0.335181951523,0.0,2.33064429267e-06,3.90289687857e-06,0.0767467841506,0.0,0.0320812836289,0.0,0.300341010094,0.133855983615,0.0571216754615,0.0,0.0,0.0,0.398694813251,0.0,0.0,0.0,0.167490825057,0.50515383482,0.0,0.0,0.0,0.00341859715991,0.0497883558273,0.0,0.176526233554,0.0,0.0,0.0,0.0,0.491456776857,0.841747939587,0.0,7.09880769136e-05,0.00530192535371,0.173494011164,0.0
False,1495621.9799480685,0.0,0.0,0.630870521069,0.407676130533,0.775565505028,0.768692851067,0.0,0.537396550179,0.776657879353,0.773267328739,0.330170571804,0.0,6.05951709076e-06,1.48500730575e-05,0.0707566738129,0.0,0.0126702422276,0.0,0.300328791142,0.132589921355,0.0535127073526,0.0,0.0,0.0,0.390779018402,0.0,0.0,0.0,0.16442604363,0.52443253994,0.0,0.0,0.0,0.00922613032162,0.0545713230968,0.0,0.17984393239,0.0,0.0,0.0,0.0,0.472210288048,0.836586833,0.0,0.0,0.000265990966,0.178381696343,0.0
False,1495655.4449480686,0.0,0.0,0.668360769749,0.401449680328,0.777294695377,0.770425200462,0.0,0.533448696136,0.792563796043,0.802695631981,0.325601786375,0.0,1.60944109666e-05,3.63742619811e-05,0.0549993738532,0.0,0.0045792190358,0.0,0.299858868122,0.131055384874,0.0497600771487,0.0,0.0,0.0,0.380220323801,0.0,0.0,0.0,0.168014854193,0.549378871918,0.0,0.0,0.0,0.0131654692814,0.0606909282506,0.0,0.190441966057,0.0,0.0,0.0,0.0,0.446731984615,0.830729007721,0.0,0.0,0.0,0.183886915445,0.0
False,1495688.9089480685,0.0,0.0,0.544646680355,0.371274471283,0.775349795818,0.768529951572,0.0,0.528934955597,0.750172972679,0.769527554512,0.321326822042,0.0,2.40158824454e-05,2.02769097086e-05,0.0566739402711,0.0,0.00112437526695,0.0,0.287572592497,0.130095139146,0.0448502972722,0.0,0.0,0.0,0.373391538858,0.0,0.0,0.0,0.162718296051,0.573371887207,0.0,0.0,0.0,0.0176451858133,0.0782679915428,0.0,0.197860047221,0.0,0.0,0.0,0.0,0.426337480545,0.824287950993,0.0,0.011951752007,0.0089516164735,0.186875611544,0.0
False,1495722.3739480686,0.0,0.0,0.368276804686,0.412972509861,0.773733913898,0.766845226288,0.0,0.528959810734,0.675651013851,0.773710250854,0.320512115955,0.0,1.75138266059e-05,5.44459471712e-05,0.126360356808,0.0,5.53567879251e-05,0.0,0.309307724237,0.128727674484,0.0383124016225,0.0,0.0,0.0,0.356808781624,0.0,0.0,0.0,0.157067120075,0.590015530586,0.0,0.0,0.0,0.0197905581445,0.094103872776,0.0,0.204782515764,0.0,0.0,0.0,0.0,0.417877584696,0.815726816654,0.0,0.0154354106635,0.0199624747038,0.18815793097,0.0
False,1495755.8379480685,0.0,0.0,0.470482289791,0.497901797295,0.772815287113,0.766128599644,0.0,0.5250223279,0.790292203426,0.803738594055,0.31745159626,0.0,9.79396572802e-05,4.54782639281e-05,0.210598826408,0.0,0.0225417017937,0.0,0.334297955036,0.126867026091,0.0329282134771,0.0,0.0,0.0,0.346025705338,0.0,0.0,0.0,0.16840004921,0.598554372787,0.00212351209484,0.0,0.0,0.0137768052518,0.107347883284,0.0,0.223545998335,0.0,0.0,0.0,0.0,0.41169154644,0.809331417084,0.0,0.00433169538155,0.0228512529284,0.19089654088,0.0
False,1495789.3029480686,0.0,0.0,0.5170596838,0.495747715235,0.772881388664,0.766088366508,0.0,0.52804595232,0.828217804432,0.859521448612,0.319750398397,0.0,6.00042767473e-06,2.14447827602e-05,0.221217378974,0.0,0.0284774526954,0.0,0.338825970888,0.125146120787,0.0295750461519,0.0,0.0,0.0,0.326559156179,0.0,0.0,0.0,0.19376334548,0.593164801598,0.0025555700995,0.0,0.0,0.00331040704623,0.122043423355,0.0,0.232959225774,0.0,0.0,0.0,0.0,0.407890379429,0.806915521622,0.0,0.000214628729736,0.014472162351,0.192123144865,0.0
False,1495822.7669480685,0.0,0.0,0.479478776455,0.498130083084,0.768225193024,0.76147466898,0.0,0.52609950304,0.797105908394,0.847208857536,0.31818112731,0.0,4.21604863732e-06,1.20278746181e-05,0.173465996981,0.0,0.0344568043947,0.0,0.34560200572,0.123281650245,0.0285420157015,0.0,0.0,0.0,0.298936665058,0.0,0.0,0.0,0.230443924665,0.579320430756,0.00255192839541,0.0,0.0,0.000158603739692,0.134170427918,0.0,0.248627483845,0.0,0.0,0.0,0.0,0.401238918304,0.805838525295,0.0,0.0,0.00330935860984,0.200828567147,0.0
False,1495856.2319480686,0.0,0.0,0.436375141144,0.46821552515,0.767474412918,0.760663688183,0.0,0.53168118,0.739296853542,0.811795651913,0.323806375265,0.0,8.62270553625e-06,1.20527329273e-05,0.146340459585,0.0,0.0323374830186,0.0,0.336642920971,0.119877971709,0.0283744670451,0.0,0.0,0.0,0.270335763693,0.0,0.0,0.0,0.266750901937,0.552194595337,0.0014627937926,0.0,0.0,0.0,0.153526067734,0.0,0.260423362255,0.0,0.0,0.0,0.0,0.381308913231,0.798097848892,0.0,0.0,0.000156520909513,0.210691347718,0.0
False,1495889.6959480685,0.0,0.0,0.419379323721,0.485291957855,0.766587555408,0.759820222855,0.0,0.527639806271,0.726853907108,0.819271326065,0.319292604923,0.0,7.56022075166e-07,4.3384192395e-05,0.150239408016,0.0,0.0301719736308,0.0,0.32510715723,0.116259343922,0.0302451644093,0.0,0.0,0.0,0.25041526556,0.0,0.0,0.0,0.304953575134,0.517019271851,0.000311525946017,0.0,0.0,0.0,0.17039835453,0.0,0.273997724056,0.0,0.0,0.0,0.0,0.377076029778,0.791073262691,0.0,0.0,0.00758794276044,0.216860696673,0.0
False,1495923.1609480686,0.0,0.0,0.459833234549,0.548636496067,0.763211727142,0.75652307272,0.0,0.525607049465,0.746341645718,0.825613558292,0.317535430193,0.0,8.27411986393e-06,1.47623741213e-05,0.134191781282,0.0,0.0318030640483,0.0,0.323190361261,0.111970491707,0.0328192189336,0.0,0.0,0.0,0.23544293642,0.0,0.0,0.0,0.337100565434,0.475447565317,1.44223213283e-05,0.0,0.0,0.0,0.175373494625,0.0,0.282869547606,0.0,0.0,0.0,0.0,0.389646708965,0.782199323177,0.0,0.0,0.0282413791865,0.218907266855,0.0
False,1495956.6249480685,0.0,0.0,0.45323613286,0.54187554121,0.763030946255,0.756333231926,0.0,0.525618731976,0.733686804771,0.802559554577,0.317607671022,0.0,1.68134124579e-06,1.09447973955e-05,0.095712788403,0.0,0.0277731623501,0.0,0.31232136488,0.108118623495,0.0362167134881,0.0,0.0,0.0,0.21665263176,0.0,0.0,0.0,0.358492255211,0.429907858372,0.0,0.0,0.0,0.0,0.173666447401,0.0,0.273047268391,0.0,0.0,0.0,0.0,0.417919009924,0.777150571346,0.0,0.0,0.0430527925491,0.215518578887,0.0
False,1495990.0899480686,0.0,0.0,0.355633944273,0.472778707743,0.761483669281,0.754705250263,0.0,0.532557189465,0.684694111347,0.75087428093,0.32471832633,0.0,1.11810204544e-05,1.92880088434e-05,0.0897811800241,0.0,0.00739333732054,0.0,0.299545377493,0.106443531811,0.0411903895438,0.0,0.0,0.0,0.219297096133,0.0,0.0,0.0,0.373721331358,0.384136706591,0.0,0.0,0.0,0.0,0.17144434154,0.0,0.242456078529,0.0,0.0,0.0,0.0,0.46061861515,0.780004680157,0.0,0.00928086880594,0.0515164807439,0.206650927663,0.0
False,1496023.5539480685,0.0,0.0,0.340204834938,0.452326744795,0.761681556702,0.754933357239,0.0,0.529759645462,0.697420120239,0.789721786976,0.321137785912,0.0,1.47156042658e-05,5.26582371094e-05,0.0945085287094,0.0,0.000363049446605,0.0,0.296471476555,0.106483332813,0.0474021472037,0.0,0.0,0.0,0.221180722117,0.0,0.0,0.0,0.385387957096,0.345610439777,0.0,0.0,0.0,2.8267118978e-05,0.165173992515,0.0,0.195600613952,0.0,0.0,0.0,0.0,0.50532323122,0.789572417736,0.0,0.0297145470977,0.0407991185784,0.193362116814,0.0
False,1496057.0189480686,0.0,0.0,0.312015682459,0.488065093756,0.760587930679,0.753730297089,0.0,0.530721724033,0.643267393112,0.862354457378,0.321128189564,0.0,1.19125852507e-05,7.41536860005e-05,0.258108854294,0.0,0.0,0.0,0.296893358231,0.107440292835,0.0536188259721,0.0,0.0,0.0,0.225421622396,0.0,0.0,0.0,0.389407426119,0.310122311115,0.0,0.0,0.0,1.0577867215e-05,0.146155446768,0.0,0.1528288275,0.0,0.0,0.0,0.0,0.55381155014,0.800095796585,0.0,0.038126796484,0.0272605735809,0.182307630777,0.0
False,1496090.4829480685,0.0,0.0,0.30472689867,0.325354903936,0.761258721352,0.754564762115,0.0,0.531211853027,0.645308554173,0.744476377964,0.323506563902,0.0,8.71049724083e-06,5.18480956089e-05,0.28916233778,0.0,0.0,0.0,0.27118229866,0.107965998352,0.0590527094901,0.0,0.0,0.0,0.234005361795,0.0,0.0,0.0,0.378330677748,0.270988941193,0.0,0.0,0.0,5.54303710487e-07,0.139451369643,0.0,0.107251994312,0.0,0.0,0.0,0.0,0.587470829487,0.803909778595,0.0,0.0312693715096,0.0156086888164,0.181016251445,0.0
False,1496123.9479480686,0.0,0.0,0.272217690945,0.378181964159,0.766582250595,0.759640276432,0.0,0.53848361969,0.634396255016,0.72853910923,0.330144405365,0.0,2.20019205699e-06,7.49283426558e-05,0.280594944954,0.0,0.0,0.0,0.242990121245,0.107133813202,0.0635811090469,0.0,0.0,0.0,0.238770693541,0.0,0.0,0.0,0.354004085064,0.240563318133,0.0,0.0,0.0,0.0,0.128772437572,0.0,0.0918504223228,0.0,0.0,0.0,0.0,0.579002678394,0.798248112202,0.0,0.0181628856808,0.003616691567,0.191622152925,0.0
False,1496157.14072406,0.0,0.0,0.282169401646,0.475940227509,0.766185343266,0.759193480015,0.0,0.546710133553,0.646769344807,0.767042636871,0.338741183281,0.0,6.87719466441e-06,3.51993548975e-05,0.246727362275,0.0,0.0061695468612,0.0,0.255218595266,0.104683339596,0.0681829154491,0.0,0.0,0.0,0.229317471385,0.0,0.0,0.0,0.329294025898,0.22097723186,0.00149259949103,0.0,0.0,0.0,0.112652808428,0.0,0.115522228181,0.0,0.0,0.0,0.0,0.532245576382,0.785814702511,0.0,0.00415000785142,0.000172184838448,0.207717999816,0.0
False,1496190.60572406,0.0,0.0,0.28143787384,0.448384135962,0.764309227467,0.757371783257,0.0,0.544738590717,0.626810073853,0.719787895679,0.336845934391,0.0,5.53335848963e-06,1.82123094419e-05,0.235626623034,0.0,0.00230732816271,0.0,0.2724789083,0.101844653487,0.0738147497177,0.0,0.0,0.0,0.217869848013,0.0,0.0,0.0,0.306996524334,0.202656909823,0.00184072135016,0.0,0.0,0.0,0.112875699997,0.0,0.133734717965,0.0,0.0,0.0,0.0,0.480360686779,0.77420592308,0.0,0.000196706721908,0.00248001422733,0.228217303753,0.0
False,1496224.06972406,0.0,0.0,0.302745014429,0.439120709896,0.76221036911,0.755168676376,0.0,0.55298948288,0.622044205666,0.731440365314,0.345133155584,0.0,2.18669629248e-06,3.57926401193e-05,0.223038822412,0.0,0.000120890937978,0.0,0.259610444307,0.0996269881725,0.0802414938807,0.0,0.0,0.0,0.209604501724,0.0,0.0,0.0,0.289632856846,0.181941926479,0.000509064819198,0.0,0.0,0.0,0.120057083666,0.0,0.133579090238,0.0,0.0,0.0,0.0,0.440629005432,0.769178330898,0.0,0.00939751975238,0.00767471734434,0.244513481855,0.0
False,1496257.53472406,0.0,0.0,0.325155675411,0.46227362752,0.760648369789,0.753463149071,0.0,0.568034172058,0.681062877178,0.75460678339,0.360566556454,0.0,3.35481599905e-05,2.63598067249e-05,0.204363510013,0.0,0.0,0.0,0.253697216511,0.0972755402327,0.0865394920111,0.0,0.0,0.0,0.216594830155,0.0,0.0,0.0,0.277810454369,0.159833759069,2.51422425208e-05,0.0,0.0,0.0,0.120456710458,0.0,0.131700068712,0.0,0.0,0.0,0.0,0.415402591228,0.76711088419,0.0,0.0126818586141,0.0176262091845,0.257224947214,0.0
False,1496290.99872406,0.0,0.0,0.329261243343,0.420425564051,0.75989151001,0.752789318562,0.0,0.564388751984,0.746903717518,0.743808209896,0.357508569956,0.0,2.84883608401e-05,3.46452520716e-06,0.170588299632,0.0,0.0,0.0,0.263019025326,0.0955297872424,0.0929607003927,0.0,0.0,0.0,0.226659819484,0.0,0.0,0.0,0.27437710762,0.155819281936,0.0,0.00217581097968,0.0,0.0,0.117406718433,0.0,0.145679235458,0.0,0.0,0.0,0.0,0.404534846544,0.767137289047,0.0,0.00361095741391,0.0359043851495,0.264761418104,0.0
False,1496324.46372406,0.0,0.0,0.29050180316,0.407087534666,0.759044229984,0.751860141754,0.0,0.568575382233,0.694213449955,0.694475471973,0.361733853817,0.0,1.7008602299e-05,1.31031229103e-05,0.164813712239,0.0,0.0,0.0,0.260876953602,0.0945027172565,0.0977319478989,0.0,0.0,0.0,0.233596324921,0.0,0.0,0.0,0.271455049515,0.156707048416,0.0,0.000814151659142,0.0,0.0,0.115001030266,0.0,0.140691921115,0.0,0.0,0.0,0.0,0.408985584974,0.76706212759,0.0,0.000179515802301,0.0598457418382,0.263020187616,0.0
False,1496357.92772406,0.0,0.0,0.300836801529,0.422347784042,0.759914577007,0.752677679062,0.0,0.569157600403,0.685794830322,0.802141606808,0.359993755817,0.0,1.10257615233e-05,9.52486225287e-05,0.129944726825,0.0,0.0,0.0,0.2663205266,0.0953202545643,0.102396085858,0.0,0.0,0.0,0.245158359408,0.0,0.0,0.0,0.269433706999,0.159996047616,0.0,4.26625556429e-05,0.0,0.0,0.101341791451,0.0,0.118339084089,0.0,0.0,0.0,0.0,0.432575404644,0.776632189751,0.0,0.0,0.0704135671258,0.251606971025,0.0
False,1496391.39272406,0.0,0.0,0.294571131468,0.376226335764,0.761500179768,0.754280626774,0.0,0.570579409599,0.649704039097,0.777473211288,0.363142251968,0.0,0.0,2.65385497187e-05,0.129639938474,0.0,0.0,0.0,0.276682555676,0.0996198356152,0.107850529253,0.0,0.0,0.0,0.259024143219,0.0,0.0,0.0,0.268177330494,0.167301699519,0.0,0.0,0.0,0.0,0.0906465649605,0.0,0.0871604830027,0.0,0.0,0.0,0.0,0.473176687956,0.80069822073,0.0,0.010685602203,0.0672016814351,0.235972106457,0.0
False,1496424.85672406,0.0,0.0,0.284198254347,0.344226747751,0.762164771557,0.7549071908,0.0,0.571520805359,0.637711107731,0.745335102081,0.363942980766,0.0,0.0,1.90054179257e-05,0.134204134345,0.0,0.0,0.0,0.280533492565,0.105800278485,0.112997107208,0.0,0.0,0.0,0.274098157883,0.0,0.0,0.0,0.265538841486,0.182264462113,0.0,0.0,0.0,0.0,0.0818517506123,0.0,0.0520700402558,0.0,0.0,0.0,0.0,0.50564801693,0.830298244953,0.0,0.018357578665,0.0430498942733,0.212590694427,0.0
False,1496458.32172406,0.0,0.0,0.321819067001,0.355730712414,0.767895340919,0.760625362396,0.0,0.569558441639,0.641525506973,0.733558952808,0.362175911665,0.0,0.0,1.92212082766e-05,0.157207906246,0.0,0.0,0.0,0.265947073698,0.113411873579,0.117072746158,0.0,0.0,0.0,0.288706421852,0.0,0.0,0.0,0.264274507761,0.198573812842,0.0,0.0,0.0,0.0,0.0732971429825,0.0,0.0220280885696,0.0,0.0,0.0,0.0,0.536670386791,0.862252831459,0.0,0.0301511976868,0.0176992639899,0.186396926641,0.0
False,1496491.78572406,0.0,0.0,0.385232806206,0.367188811302,0.771345615387,0.764110207558,0.0,0.567056715488,0.673451960087,0.721389830112,0.359885185957,0.0,1.37102688313e-05,8.67676044436e-06,0.188058391213,0.0,0.0,0.0,0.255174040794,0.121542453766,0.119073234499,0.0,0.0,0.0,0.306592434645,0.0,0.0,0.0,0.252822756767,0.218600720167,0.0,0.0,0.0,0.0,0.0611672699451,0.0,0.00425494136289,0.0,0.0,0.0,0.0,0.565598070621,0.891295731068,0.0,0.0249706823379,0.00333134899847,0.163039714098,0.0
False,1496525.25072406,0.0,0.0,0.330681502819,0.337957948446,0.772423326969,0.765163481236,0.0,0.563920378685,0.637210786343,0.714700162411,0.356271028519,0.0,1.54671288328e-05,1.31881124616e-05,0.232579320669,0.0,0.0,0.0,0.24928483367,0.129347965121,0.118605323136,0.0,0.0,0.0,0.316600263119,0.0,0.0,0.0,0.229026630521,0.240906700492,0.0,0.0,0.0,0.0,0.0639600083232,0.0,0.000192618696019,0.0,0.0,0.0,0.0,0.585856437683,0.910896539688,0.0,0.0146499536932,0.00185876491014,0.139983460307,0.0
False,1496558.71472406,0.0,0.0,0.2336281389,0.298421144485,0.773790836334,0.76648837328,0.0,0.567598640919,0.575457274914,0.678880035877,0.360201835632,0.0,9.74150771071e-06,1.50640244101e-05,0.27653208375,0.0,0.0,0.0,0.212914794683,0.136792048812,0.1157791242,0.0,0.0,0.0,0.324956804514,0.0,0.0,0.0,0.199314564466,0.262967646122,0.0,0.0,0.0,0.00325734284706,0.0891198590398,0.0,0.0,0.0,0.0,0.0,0.0,0.588869392872,0.920590758324,0.0,0.0327229984105,0.000639562378637,0.11103118211,0.0
False,1496592.17972406,0.0,0.0,0.346276313066,0.319679230452,0.774258613586,0.767046391964,0.0,0.567299485207,0.633742272854,0.625254154205,0.360788017511,0.0,6.85394697939e-05,7.86557848187e-06,0.275854736567,0.0,0.00146153056994,0.0,0.23165845871,0.143349900842,0.110741600394,0.0,0.0,0.0,0.348132103682,0.0,0.0,0.0,0.16898843646,0.28915309906,0.0,0.0,0.0,0.00462186569348,0.104845091701,0.0,0.00984612200409,0.0,0.0,0.0,0.0,0.576375842094,0.926706969738,0.0,0.0455126613379,3.35141012329e-05,0.0798369348049,0.0
False,1496625.64372406,0.0,0.0,0.327582925558,0.311480224133,0.77398455143,0.766708612442,0.0,0.566223084927,0.629013359547,0.626278817654,0.3590246737,0.0,1.61560710694e-05,3.29641738972e-06,0.247947767377,0.0,0.000546902418137,0.0,0.242448195815,0.148423597217,0.102310679853,0.0,0.0,0.0,0.366640508175,0.0,0.0,0.0,0.132058337331,0.31764921546,0.0,0.0,0.0,0.00853740703315,0.11606759578,0.0,0.0117184231058,0.0,0.0,0.0,0.0,0.562385201454,0.925512135029,0.0,0.0551718249917,0.00736669683829,0.0492046289146,0.0
False,1496659.10872406,0.0,0.0,0.387609094381,0.419133484364,0.777595579624,0.770397007465,0.0,0.557398080826,0.643718481064,0.687080025673,0.349940299988,0.0,5.6491317082e-05,8.9716319053e-05,0.225917384028,0.0,0.00379890413024,0.0,0.277893930674,0.152596801519,0.0911569073796,0.0,0.0,0.0,0.3832205832,0.0,0.0,0.0,0.101948343217,0.354829460382,0.0,0.0,0.0,0.0111321154982,0.114597253501,0.0,0.0263306628913,0.0,0.0,0.0,0.0,0.546466827393,0.925313413143,0.0,0.0466786846519,0.00275434344076,0.0255107395351,0.00116063444875
False,1496692.57272406,0.0,0.0,0.410071790218,0.474328428507,0.777060329914,0.76996076107,0.0,0.5501049757,0.637732684612,0.714540839195,0.342220127583,0.0,6.72484816278e-07,1.08911235657e-05,0.221974089742,0.0,0.00141055404674,0.0,0.315669447184,0.155184686184,0.0769812390208,0.0,0.0,0.0,0.390811353922,0.0,0.0,0.0,0.0767666995525,0.393317848444,0.0,0.0,0.0,0.0116387857124,0.105757243931,0.0,0.041100949049,0.0,0.0,0.0,0.0,0.533008754253,0.924395740032,0.0,0.0373992919922,0.000144302772242,0.0154344309121,0.00285644130781
False,1496726.03772406,0.0,0.0,0.284965723753,0.498350739479,0.778020620346,0.770865857601,0.0,0.544651031494,0.53308981657,0.722708106041,0.335550367832,0.0,2.74928406725e-05,4.84771517222e-05,0.25676035881,0.0,7.39120077924e-05,0.0,0.332280606031,0.15739133954,0.0616324730217,0.0,0.0,0.0,0.377627968788,0.0,0.0,0.0,0.0548430271447,0.421517759562,0.0,0.0,0.0,0.00976693164557,0.0995728522539,0.0,0.0395237468183,0.0,0.0,0.0,0.0,0.531644701958,0.925065994263,0.0,0.0150516629219,0.00520676374435,0.0166460052133,0.000929079367779
False,1496759.50172406,0.0,0.0,0.278955549002,0.530056774616,0.778411090374,0.771353244781,0.0,0.541809260845,0.54175645113,0.81168282032,0.331862300634,0.0,1.43751158248e-05,8.57490449562e-05,0.297180891037,0.0,0.0305842347443,0.0,0.362983882427,0.159187152982,0.047465313226,0.0,0.0,0.0,0.369111299515,0.0,0.0,0.0,0.0554234236479,0.431524455547,0.0,0.0,0.0,0.00319551187567,0.0927242338657,0.0,0.0372493937612,0.0,0.0,0.0,0.0,0.54359716177,0.930623590946,0.0,0.0023828628473,0.00847903825343,0.0317097939551,4.74920634588e-05
False,1496792.96672406,0.0,0.0,0.34694185853,0.492526322603,0.778824806213,0.771872222424,0.0,0.539041817188,0.608468294144,0.798878133297,0.330351054668,0.0,1.15097618618e-05,2.65917824436e-05,0.289047390223,0.0,0.0233892109245,0.0,0.36797145009,0.161489546299,0.0368154011667,0.0,0.0,0.0,0.356192320585,0.0,0.0,0.0,0.0708447471261,0.42579293251,0.0,0.0,0.0,0.000355237541953,0.090702906251,0.0,0.0273997467011,0.0,0.0,0.0,0.0,0.574150264263,0.943583726883,0.0,0.00117611361202,0.0109439296648,0.0593227781355,0.0
False,1496826.43072406,0.0,0.0,0.338165044785,0.412514209747,0.787762343884,0.780897200108,0.0,0.529794931412,0.640473008156,0.698109567165,0.322323828936,0.0,1.56604037329e-05,3.14342651109e-05,0.291495770216,0.0,0.00507958419621,0.0,0.330597341061,0.162609636784,0.0294662024826,0.0,0.0,0.0,0.343706816435,0.0,0.0,0.0,0.104135841131,0.407899737358,0.0,0.0,0.0,1.19683354569e-05,0.0883569866419,0.000469847262139,0.00683874171227,0.0,0.0,0.0,0.0,0.611345767975,0.955738008022,0.0,0.018506757915,0.0153996869922,0.0938298329711,0.0
False,1496859.89572406,0.0,0.0,0.270975738764,0.376223474741,0.793566465378,0.786626815796,0.0,0.527903854847,0.666546285152,0.71970808506,0.319332450628,0.0,0.0,3.33987591148e-05,0.279253333807,0.0,0.000235122584854,0.0,0.281975805759,0.162047147751,0.0245702061802,0.0,0.0,0.0,0.337766468525,0.0,0.0,0.0,0.140138655901,0.380076110363,0.0,0.0,0.0,0.000251995428698,0.0894381999969,0.000175821405719,0.000330950599164,0.0,0.0,0.0,0.0,0.647239208221,0.961306810379,0.0,0.0228940956295,0.0362153500319,0.128190815449,0.0
False,1496893.35972406,0.0,0.0,0.27063947916,0.333443105221,0.797617673874,0.790668666363,0.0,0.529017865658,0.618275046349,0.679663598537,0.320954144001,0.0,7.48848833609e-06,1.98002635443e-05,0.269110590219,0.0,0.0,0.0,0.239008143544,0.161157146096,0.0217461287975,0.0,0.0,0.0,0.3294480443,0.0,0.0,0.0,0.152915284038,0.350347578526,0.0,0.0,0.0,0.00251122168265,0.0945701003075,9.21342416405e-06,0.0,0.0,0.0,0.0,0.0,0.681019961834,0.963538408279,0.0,0.0277495980263,0.065413236618,0.151934504509,0.0
False,1496926.82472406,0.0,0.0,0.323103755713,0.342751204967,0.806833565235,0.800038039684,0.0,0.514657139778,0.657095730305,0.647167563438,0.306825131178,0.0,5.53331337869e-05,1.71800238604e-05,0.225708737969,0.0,0.0,0.0,0.221910133958,0.159777969122,0.0220932587981,0.0,0.0,0.0,0.327249586582,0.0,0.0,0.0,0.166760191321,0.334176182747,0.0,0.0,0.0,0.00804623961449,0.0982879921794,0.000490370613988,0.00547500001267,0.0,0.0,0.0,0.0,0.691330730915,0.966698527336,0.0,0.0229843165725,0.0701397359371,0.173115074635,0.0
False,1496960.32072406,0.0,0.0,0.357198268175,0.427068382502,0.816504776478,0.809880316257,0.0,0.493051677942,0.70866805315,0.729792952538,0.28368806839,0.0,3.29490030708e-05,6.14498712821e-05,0.197957053781,0.0,0.0,0.0,0.233988106251,0.158100277185,0.0246466230601,0.0,0.0,0.0,0.334824353456,0.0,0.0,0.0,0.175780951977,0.328218698502,0.0,0.0,0.0,0.0134515194222,0.104651995003,0.00098131946288,0.0188923794776,0.0,0.0,0.0,0.0,0.687972247601,0.971304178238,0.0,0.0152978757396,0.0661293491721,0.18847630918,0.0
False,1496993.8167240599,0.0,0.0,0.31566119194,0.468056857586,0.81150329113,0.804742991924,0.0,0.499983996153,0.647962450981,0.795325875282,0.290416300297,0.0,1.31306987896e-05,4.73870495625e-05,0.196387186646,0.0,0.00938924215734,0.0,0.272440254688,0.157017678022,0.0289911516011,0.0,0.0,0.0,0.34008038044,0.0,0.0,0.0,0.178940311074,0.33174353838,0.0,0.0,0.0,0.0211470108479,0.113761931658,0.000308165763272,0.0331823416054,0.0,0.0,0.0,0.0,0.676401853561,0.975401699543,0.0,0.0037969511468,0.0655594915152,0.19165250659,0.0
False,1497027.37672406,0.0,0.0,0.320413321257,0.425333499908,0.811200082302,0.804572105408,0.0,0.498578816652,0.635806560516,0.731710493565,0.289745330811,0.0,1.78865172984e-06,2.98540689982e-05,0.193510845304,0.0,0.00350868329406,0.0,0.290544092655,0.158449962735,0.0360460802913,0.0,0.0,0.0,0.348187357187,0.0,0.0,0.0,0.176413059235,0.337084293365,0.0,0.0,0.0,0.0288877859712,0.121672071517,1.56446349138e-05,0.0388971492648,0.0,0.0,0.0,0.0,0.665905892849,0.986484289169,0.0,0.000183861600817,0.0701845064759,0.184348091483,0.0
False,1497060.93672406,0.0,0.0,0.468341082335,0.450576871634,0.81268787384,0.806011736393,0.0,0.499064445496,0.740202903748,0.84044867754,0.28920006752,0.0,9.05099150259e-05,0.000121995552036,0.155075743794,0.0,0.0175127815455,0.0,0.316087782383,0.161711588502,0.0459168925881,0.0,0.0,0.0,0.367638230324,0.0,0.0,0.0,0.155490830541,0.350011587143,0.0,0.0,0.0,0.0319217033684,0.115302555263,0.0,0.0572582632303,0.0,0.0,0.0,0.0,0.659553050995,0.997113645077,0.0,0.0,0.0575904734433,0.175484880805,0.0
False,1497094.4957240599,0.0,0.0,0.43032386899,0.479106366634,0.81443721056,0.807740211487,0.0,0.495972156525,0.694604814053,0.823818385601,0.286857187748,0.0,2.12175182241e-05,2.53394173342e-05,0.129713833332,0.0,0.00645437790081,0.0,0.31741347909,0.16602486372,0.0572295486927,0.0,0.0,0.0,0.372726142406,0.0,0.0,0.0,0.135548979044,0.367869377136,0.0,0.0,0.0,0.0376138426363,0.118380047381,0.0,0.0529283285141,0.0,0.0,0.0,0.0,0.660445868969,0.999866008759,0.0,0.0,0.0456594526768,0.165888354182,0.0
False,1497128.05572406,0.0,0.0,0.436915963888,0.492957502604,0.815222859383,0.808512687683,0.0,0.498081445694,0.693827211857,0.827327787876,0.288609623909,0.0,1.64032589964e-05,5.04787712998e-05,0.116606846452,0.0,0.000337824079907,0.0,0.303359299898,0.169928774238,0.0684187635779,0.0,0.0,0.0,0.380827903748,0.0,0.0,0.0,0.121312007308,0.384841948748,0.0,0.0,0.0,0.0386884771287,0.112739525735,0.0,0.0397995002568,0.0,0.0,0.0,0.0,0.664300441742,0.999122679234,0.0,0.0,0.0346310026944,0.157284364104,0.0
False,1497161.61572406,0.0,0.0,0.374814987183,0.431187182665,0.816550910473,0.809857308865,0.0,0.496520787477,0.654256045818,0.779502749443,0.287478625774,0.0,1.93652049347e-05,2.8730601116e-05,0.134477928281,0.0,0.0,0.0,0.276493489742,0.173310339451,0.078175842762,0.0,0.0,0.0,0.377738296986,0.0,0.0,0.0,0.112666010857,0.394079118967,0.0,0.0,0.0,0.0354479625821,0.112235687673,0.0,0.0102438265458,0.0,0.0,0.0,0.0,0.673738837242,0.998122572899,0.0,0.00259673898108,0.0327596627176,0.147844642401,0.0
False,1497195.17572406,0.0,0.0,0.367284685373,0.45352050662,0.816398084164,0.809694647789,0.0,0.497217714787,0.670676648617,0.816810846329,0.287471830845,0.0,2.07790017157e-05,5.65408445254e-05,0.164153233171,0.0,0.0,0.0,0.268304139376,0.176636531949,0.0866564884782,0.0,0.0,0.0,0.372569352388,0.0,0.0,0.0,0.115632504225,0.397047519684,0.0,0.0,0.0,0.0266098324209,0.108929604292,0.0,0.000499817368109,0.0,0.0,0.0,0.0,0.691039502621,0.999403119087,0.0,0.000971625093371,0.0341261066496,0.13984708488,0.0
False,1497228.73472406,0.0,0.0,0.452221632004,0.469228863716,0.816360294819,0.809735357761,0.0,0.49929356575,0.802420079708,0.79843634367,0.290838003159,0.0,7.86200835137e-05,1.18286925499e-05,0.180690154433,0.0,0.0,0.0,0.273225158453,0.178006738424,0.0932158082724,0.0,0.0,0.0,0.381023406982,0.0,0.0,0.0,0.114281661808,0.395247787237,0.0,0.0,0.0,0.0140489796177,0.102015569806,0.0,0.0,0.0,0.0,0.0,0.0,0.694560348988,0.995518684387,0.0,0.00254960451275,0.0254601556808,0.13244111836,0.0
False,1497262.29472406,0.0,0.0,0.455612510443,0.404649376869,0.817114770412,0.810359656811,0.0,0.500409245491,0.763824880123,0.807304263115,0.291196972132,0.0,2.50476368819e-05,9.5009108918e-06,0.220246165991,0.0,0.0,0.0,0.27582898736,0.17948974669,0.0969787091017,0.0,0.0,0.0,0.393746644258,0.0,0.0,0.0,0.107023641467,0.390299528837,0.0,0.0,0.0,0.00531976902857,0.114937648177,0.0,0.0,0.0,0.0,0.0,0.0,0.695973038673,0.996383965015,0.0,0.0154202096164,0.0100149093196,0.127177849412,0.0
False,1497295.85472406,0.0,0.0,0.446126997471,0.510205447674,0.822192311287,0.81537348032,0.0,0.499431878328,0.725335121155,0.873898923397,0.289489477873,0.0,1.31255183078e-06,9.11347742658e-05,0.276716023684,0.0,0.0,0.0,0.313194185495,0.179780691862,0.0973606258631,0.0,0.0,0.0,0.389811336994,0.0,0.0,0.0,0.120080307126,0.394009649754,0.0,0.0,0.0,0.000993340392597,0.123179830611,0.0,0.013330402784,0.0,0.0,0.0,0.0,0.667822182178,0.998706996441,0.0,0.0145465722308,0.0016750380164,0.126968845725,0.0
False,1497329.4147240599,0.0,0.0,0.465385377407,0.530688405037,0.821104824543,0.814474701881,0.0,0.493573606014,0.763084471226,0.849414765835,0.284592211246,0.0,6.57142777527e-07,2.19045141421e-05,0.290696442127,0.0,0.0,0.0,0.338052272797,0.178357228637,0.0958084240556,0.0,0.0,0.0,0.385811179876,0.0,0.0,0.0,0.152376532555,0.402017593384,0.00131693005096,0.0,0.0,4.46008234576e-05,0.125853329897,0.0,0.0337426513433,0.0,0.0,0.0,0.0,0.615529835224,0.996042013168,0.0,0.00367810064927,7.16749709682e-05,0.132829383016,0.0
False,1497362.97372406,0.0,0.0,0.393516749144,0.470366030931,0.819828093052,0.813198447227,0.0,0.488082379103,0.697232186794,0.83713644743,0.278319567442,0.0,1.74098968273e-05,2.50925531873e-05,0.287484526634,0.0,0.0,0.0,0.337065637112,0.174978852272,0.0909289047122,0.0,0.0,0.0,0.383616864681,0.0,0.0,0.0,0.174194335938,0.406010150909,0.000492796301842,0.0,0.0,0.0,0.12860609591,0.0,0.0303364768624,0.0,0.0,0.0,0.0,0.564222276211,0.985626101494,0.0,0.00978161767125,0.00998381152749,0.141076877713,0.0
False,1497396.4783198542,0.0,0.0,0.40214368701,0.443342238665,0.813593089581,0.80715662241,0.0,0.481734633446,0.693452060223,0.803411364555,0.272594422102,0.0,1.87313253264e-05,1.71781266545e-05,0.268819838762,0.0,0.0,0.0,0.294651150703,0.17068015039,0.0842683464289,0.0,0.0,0.0,0.388052046299,0.0,0.0,0.0,0.180863082409,0.408058941364,2.58234413195e-05,0.0,0.0,0.0,0.113175518811,0.0,0.0134229147807,0.0,0.0,0.0,0.0,0.540153980255,0.972983181477,0.0,0.0195202659816,0.0439277589321,0.143954455853,0.0
False,1497430.038319854,0.0,0.0,0.454292237759,0.465866297483,0.806597650051,0.800445258617,0.0,0.460635304451,0.724135279655,0.806887090206,0.250880151987,0.0,1.59256724146e-05,2.82154214801e-05,0.230077162385,0.0,0.00244194152765,0.0,0.282005518675,0.16496309638,0.0764065086842,0.0,0.0,0.0,0.377420514822,0.0,0.0,0.0,0.177470251918,0.405222386122,0.0,0.0,0.0,0.0,0.0905403718352,0.0,0.00248731859028,0.0,0.0,0.0,0.0,0.52609193325,0.956334352493,0.0,0.015547612682,0.0701323971152,0.143451720476,0.0
False,1497463.5983198541,0.0,0.0,0.396600991488,0.462432473898,0.795572459698,0.789786934853,0.0,0.435903847218,0.726480305195,0.770084142685,0.226157784462,0.0,5.88581315242e-06,1.41293048728e-05,0.171529769897,0.0,0.000913715572096,0.0,0.280065327883,0.159728676081,0.068866699934,0.0,0.0,0.0,0.346087813377,0.0,0.0,0.0,0.181509852409,0.39120811224,0.0,0.0,0.0,0.00228523486294,0.0775123909116,0.0,0.000110570756078,0.0,0.0,0.0,0.0,0.512650728226,0.939204931259,0.0,0.00432549370453,0.0874866172671,0.144118845463,0.0
False,1497497.1573198542,0.0,0.0,0.355910629034,0.373489618301,0.780827701092,0.775344192982,0.0,0.421236515045,0.688142895699,0.704117119312,0.211576446891,0.0,5.87396561968e-06,2.1711919544e-05,0.125445604324,0.0,4.78795955132e-05,0.0,0.263295918703,0.157019421458,0.0662743151188,0.0,0.0,0.0,0.328508764505,0.0,0.0,0.0,0.183156013489,0.363048225641,0.0,0.0,0.0,0.0062978300266,0.0845643728971,0.0,0.0,0.0,0.0,0.0,0.0,0.497437357903,0.929602444172,0.0,0.00919986702502,0.0871735140681,0.144766882062,0.0
False,1497530.717319854,0.0,0.0,0.535551548004,0.358439415693,0.75967746973,0.754662454128,0.0,0.396268695593,0.776928842068,0.723845541477,0.187446758151,0.0,0.000125368140289,4.48066493846e-05,0.0301377475262,0.0,0.0,0.11988274008,0.237905859947,0.15653142333,0.0716434493661,0.0,0.0,0.0,0.318432360888,0.0,0.0,0.0,0.163237705827,0.334548383951,0.0,0.0,0.0,0.00823808461428,0.0855058208108,0.0,0.0,0.0,0.0,0.0,0.0,0.481694728136,0.925422251225,0.0,0.043533205986,0.0698009431362,0.138804599643,0.0
False,1497564.2773198541,0.0,0.0,0.650995314121,0.291686147451,0.735955119133,0.732621669769,0.0,0.254535466433,0.78239440918,0.736509561539,0.043988186866,0.0,6.54512905385e-06,1.03510928966e-05,0.00144228548743,0.0,0.0,0.292818576097,0.19911493361,0.160212621093,0.0827026963234,0.0,0.0,0.0,0.302835822105,0.0,0.0,0.0,0.0383026078343,0.305616289377,0.0,0.0,0.0,0.00751978624612,0.0747098624706,0.0,0.0,0.0,0.0,0.0,0.0,0.465556949377,0.913952708244,0.0,0.0789677426219,0.0413302630186,0.111994057894,0.0
False,1497597.8373198542,0.0,0.0,0.616132795811,0.166075766087,0.740230500698,0.738722860813,0.113632142544,0.0970393121243,0.756565868855,0.62386649847,0.00138868007343,0.0,2.60944871115e-05,3.96960531361e-05,0.0,0.0,0.0,0.406955659389,0.130552306771,0.169097587466,0.0891261696815,0.0,0.0,0.0,0.245684966445,0.0,0.0,0.0,0.00180700968485,0.272891521454,0.0,0.0,0.0,0.0142004834488,0.0690540671349,0.0,0.0,0.00748445512727,0.0,0.0539240799844,0.0101599190384,0.434270113707,0.847267329693,0.0,0.0913150981069,0.00947659369558,0.0676849931479,0.0
False,1497631.396319854,0.0,0.0,0.745831370354,0.177622914314,0.744317173958,0.744325935841,0.250370502472,0.0148251261562,0.723702251911,0.75504887104,0.0,0.0515224970877,4.59012808278e-05,0.000137143972097,0.0,0.0,0.0,0.443974763155,0.103483252227,0.163296461105,0.0835254192352,0.00919181946665,0.0,0.0,0.185923397541,0.0,0.0,0.0,0.0,0.23211556673,0.0,0.0,0.0,0.0100448345765,0.0187734160572,0.0,0.0117789981887,0.0399127304554,0.0,0.141647696495,0.00653129536659,0.272580474615,0.00137331779115,0.0,0.0970152691007,0.000449984509032,0.0155238881707,0.0
False,1497664.9563198541,0.0,0.0,0.742900133133,0.234685644507,0.739244818687,0.740221202374,0.332858562469,0.000665673578624,0.758186638355,0.749623537064,0.0,0.121870145202,5.73942725168e-06,1.5455767425e-05,0.0,0.0,0.0169742666185,0.432281821966,0.119827933609,0.135899096727,0.0567443408072,0.0331283584237,0.0,0.0,0.119104407728,0.0,0.0,0.0,0.00812289491296,0.171297341585,0.0026605213061,0.0,0.0,0.00225565512665,0.000923979911022,0.0,0.00801994092762,0.0923366397619,0.00317290774547,0.241174116731,0.00122141372412,0.0465892553329,5.15462306794e-05,0.0,0.10066422075,0.026898002252,0.000738458242267,0.0
False,1497698.5163198542,0.0,0.0,0.704044103622,0.195180147886,0.725836396217,0.727171957493,0.359429627657,0.0,0.766353666782,0.638935208321,0.0,0.150079414248,3.10736613756e-05,1.74439537659e-05,0.0,0.0,0.0111686522141,0.400575488806,0.124114505947,0.0999773368239,0.0225716717541,0.0570170916617,0.0,0.0,0.0609612092376,0.0,0.0,0.0,0.0102084139362,0.223439946771,0.00165893975645,0.0280290227383,0.0124577069655,0.0605964139104,0.0323756486177,0.00978659745306,0.00158375815954,0.132558912039,0.00118714862037,0.319104760885,5.35827421118e-05,0.0021273184102,0.0,0.0,0.0700004920363,0.0432841293514,0.0,0.0
False,1497732.0763198542,0.0,0.0,0.725403666496,0.157893121243,0.712614059448,0.714415252209,0.40925309062,0.0,0.741698861122,0.576253056526,0.0,0.200369685888,2.38488646573e-05,1.0695733863e-06,0.0,0.0,0.0021389296744,0.35501357913,0.120479807258,0.0480587929487,0.00396913196892,0.0780257508159,0.00239015906118,0.0,0.0986265167594,0.0,0.0,0.0,0.00284049217589,0.205709412694,0.000300418090774,0.0103605762124,0.956819593906,0.999582231045,0.0119186108932,0.41518124938,7.09151136107e-05,0.145578324795,6.22067527729e-05,0.112924411893,0.0,0.259653627872,0.0,0.0,0.0165646150708,0.114518925548,0.0,0.0
False,1497765.6353198541,0.0,0.0,0.765388250351,0.177837908268,0.679037332535,0.681219696999,0.461033970118,0.0,0.693600058556,0.53430891037,0.0,0.253563255072,2.52393547271e-05,1.03710746657e-08,0.0,0.0,0.0354633890092,0.29502761364,0.187243670225,0.00963932648301,0.000173729713424,0.0595949627459,0.000894343364052,0.0,0.133472770452,0.0,0.0,0.0,0.000140479649417,0.160003483295,1.30090083985e-05,0.000541252025869,0.407932072878,0.959059774876,0.00062201655237,0.393571853638,0.0,0.148096337914,0.0,0.0722594410181,0.0,0.278737097979,0.0,0.0,0.000792261038441,0.129667520523,0.0,0.0
False,1497799.1953198542,0.0,0.0,0.843051373959,0.171329274774,0.669237792492,0.671416521072,0.466762512922,0.0,0.693766474724,0.566436767578,0.0,0.260109186172,3.82566613553e-05,9.76062347036e-06,0.0,0.0,0.0418037548661,0.225695356727,0.240393668413,0.00132200843655,0.00655181147158,0.0144757460803,4.68645193905e-05,0.0,0.125079646707,0.0,0.0,0.00875640008599,0.0,0.113443262875,0.0,0.00469692191109,0.0384285673499,0.789647519588,0.0,0.305346876383,0.0,0.139471322298,0.0,0.0853197202086,0.0,0.187135905027,0.0,0.0,0.0,0.0837884694338,0.0,0.0
False,1497832.7553198542,0.0,0.0,0.852218270302,0.182853445411,0.649456441402,0.651838481426,0.506738901138,0.0,0.703498244286,0.671575665474,0.0,0.300884902477,2.48280612141e-05,7.1391579695e-05,0.0,0.0,0.0963864400983,0.233863934875,0.279364585876,0.0175270847976,0.0199367385358,0.000695494760294,0.0,0.0,0.0641449838877,0.0,0.0160213671625,0.0146122276783,0.0,0.0838458687067,0.0217534545809,0.0172799993306,0.163654774427,0.537804365158,0.0,0.206543117762,0.0,0.116007082164,0.0021006858442,0.101596176624,0.0,0.0575998574495,0.0,0.0,0.0,0.0413836315274,0.0,0.0
False,1497866.315319854,0.0,0.0,0.931726574898,0.133959412575,0.638552963734,0.641394615173,0.550008237362,0.0,0.701199114323,0.680395960808,0.0,0.346401810646,2.13419280044e-05,1.23793543025e-05,0.0,0.0,0.0692336186767,0.255350381136,0.214393109083,0.0314687564969,0.028733164072,0.00357855577022,0.0,0.0,0.0129549670964,0.0,0.00597122125328,0.00440751481801,0.0,0.0792095288634,0.00808014534414,0.0113181462511,0.358556181192,0.474054396152,0.0,0.135365098715,0.0,0.0812117829919,0.000786045158748,0.107711680233,0.0,0.0079550454393,0.0,0.0,0.00518733775243,0.0457264371216,0.0,0.0
False,1497899.8743198542,0.0,0.0,0.868781924248,0.0524605512619,0.62279599905,0.625646114349,0.57173448801,0.0,0.64811193943,0.599914252758,0.0,0.367293804884,2.78758761851e-05,2.19087996811e-05,0.0,0.0,0.0153478011489,0.258478820324,0.144075632095,0.0343622416258,0.0285431817174,0.00584141444415,0.0,0.0,0.00366731756367,0.0,0.000312588992529,0.00022185803391,0.0,0.0888158902526,0.000422631390393,0.0023323437199,0.531207323074,0.445109397173,0.0,0.125932618976,0.0,0.0343756563962,4.11897926824e-05,0.0758530944586,0.0,0.000320382940117,0.0,0.0,0.00837070867419,0.0601756572723,0.0,0.0
False,1497933.4343198542,0.0,0.0,0.861595273018,0.0461278110743,0.621809899807,0.624505639076,0.543576061726,0.0,0.658178567886,0.465609282255,0.0,0.339088141918,5.26001640537e-05,2.23814186029e-05,0.0,0.0,0.000721082265954,0.266425251961,0.177132919431,0.0301709994674,0.0179794840515,0.00204505422153,0.0,0.0,0.00114803935867,0.0,0.0,0.0,0.0,0.102207936347,0.0,0.000106314466393,0.671499013901,0.418072015047,0.0,0.14397495985,0.0,0.00627307966352,0.0,0.0417491905391,0.0,0.00626348191872,0.0,0.0,0.00250663119368,0.0886970385909,0.0,0.0
False,1497966.994319854,0.0,0.0,0.832176685333,0.0933398678899,0.609575152397,0.61143809557,0.489360362291,0.0,0.586691439152,0.563504457474,0.0,0.285218298435,3.20816980093e-05,0.00010171343456,0.0,0.0,0.0,0.28382986784,0.210181474686,0.0289617870003,0.00793095771223,0.000196926426725,0.0,0.0,0.000557171064429,0.0,0.0,0.0,0.0,0.120988421142,0.0,0.0,0.599094986916,0.373740196228,0.0,0.152180612087,0.0,0.00105556519702,0.0,0.0966205373406,0.0,0.00234241550788,0.0,0.0,0.000126003200421,0.0992775037885,0.0,0.0
False,1498000.5543198541,0.0,0.0,0.826341927052,0.161161378026,0.608089566231,0.609518766403,0.431223422289,0.0,0.610889911652,0.600519657135,0.0,0.226114541292,4.48277387477e-05,5.2110026445e-06,0.0,0.0,0.0282995328307,0.332902044058,0.20333597064,0.0218934491277,0.00160699419212,0.00227439100854,0.0,0.0,0.0191852543503,0.0,0.0,0.0,0.0,0.118731357157,0.0,0.0,0.479708403349,0.346910297871,0.0,0.169631332159,0.0,0.000290746946121,0.0,0.0438631661236,0.0,0.000122728743008,0.0,0.0,0.0,0.0815507695079,0.0,0.0
False,1498034.1133198543,0.0,0.0,0.759163618088,0.124038077891,0.61619502306,0.617026329041,0.367681235075,0.0,0.561651706696,0.535793602467,0.0,0.162741437554,3.14904318657e-05,2.18759905692e-05,0.0,0.0,0.0104580894113,0.348863184452,0.147813037038,0.0143680311739,7.38537783036e-05,0.00280759879388,0.0,0.0,0.0186186097562,0.0,0.0,0.0,0.0,0.113788232207,0.0,0.0071759284474,0.344133138657,0.315977662802,0.0,0.175370559096,0.0,0.0153698697686,0.0,0.00631701946259,0.0,0.0,0.0,0.0,0.0148622281849,0.0448488667607,0.0,0.0
False,1498067.673319854,0.0,0.0,0.82480442524,0.116194322705,0.619221687317,0.619921028614,0.336795806885,0.0,0.639911472797,0.464281737804,0.0,0.131090730429,0.000123052144772,6.59798388369e-06,0.0,0.0,0.0037924000062,0.381943941116,0.0801634266973,0.0130355581641,0.0028308860492,0.000777399283834,0.0,0.0,0.0178913883865,0.0,0.0,0.0,0.00628901831806,0.117045253515,0.0,0.00932252127677,0.245030745864,0.280883133411,0.0,0.152723357081,0.0,0.0421361140907,0.0,0.0327376164496,0.0,0.0,0.0,0.0,0.00554231926799,0.0207464843988,0.0,0.0
False,1498101.2333198541,0.0,0.0,0.725028157234,0.170882925391,0.624529600143,0.624781191349,0.309501945972,0.0,0.623438596725,0.504969120026,0.0,0.104345813394,4.01587421948e-05,3.41247359756e-05,0.0,0.0222925171256,0.0012138079619,0.421570599079,0.01759422943,0.012499043718,0.00105921493378,3.84057530027e-05,0.0,0.0,0.0156585145742,0.0,0.0,0.0,0.00235195388086,0.102582536638,0.0,0.00262329424731,0.287440657616,0.354354709387,0.0,0.140492841601,0.0,0.0637715235353,0.0,0.0677671507001,0.0,0.0268256291747,0.0,0.0,0.00029017709312,0.0331307426095,0.0,0.0
False,1498134.7933198542,0.0,0.0,0.548251032829,0.171877846122,0.631389498711,0.631538152695,0.287220150232,0.0,0.546026885509,0.474148124456,0.0,0.0827967151999,2.50080829574e-05,1.77436068043e-05,0.0,0.0806862041354,6.36035838397e-05,0.38316732645,0.000830557022709,0.00952274911106,5.55034566787e-05,0.0,0.0,0.0,0.0148585448042,0.0,0.0,0.0,0.000123228339362,0.0837466865778,0.0,0.000130074593471,0.361357659101,0.439854323864,0.0,0.156188219786,0.0,0.0492751300335,0.0,0.0210966896266,0.0,0.055388495326,0.0,0.0,0.0,0.0519205257297,0.0,0.0
False,1498168.352319854,0.0,0.0,0.525171041489,0.1752076298,0.639586865902,0.639371275902,0.252467721701,0.0,0.512489140034,0.535481333733,0.0,0.0487205982208,5.87962676946e-06,5.29705102963e-05,0.0,0.107315115631,0.0,0.314331591129,0.0,0.00729324296117,0.0,0.0,0.0,0.0,0.00419484591112,0.0082403132692,0.0,0.0,0.00362085853703,0.0826003849506,0.0,0.0,0.404409199953,0.435348451138,0.0,0.169254094362,0.0,0.0260939486325,0.0,0.00117900304031,0.0,0.0630574822426,0.0,0.0,0.0,0.0489949211478,0.0,0.0
False,1498201.9123198541,0.0,0.0,0.435433417559,0.296172171831,0.65392011404,0.653199017048,0.208580732346,0.00844564381987,0.569004237652,0.711184978485,0.0,0.0101891523227,1.37269589686e-05,0.0001252075308,0.0,0.113781876862,0.0353307835758,0.325149863958,0.0,0.00193568726536,0.0,0.00279996357858,0.0,0.0,0.0126053309068,0.00308031961322,0.0,0.0,0.00135468516964,0.0742367357016,0.0,0.0,0.446956366301,0.450643569231,0.0,0.181344240904,0.0,0.0117642879486,0.0,0.029308417812,0.0,0.0750615298748,0.0,0.0,0.0,0.0510666295886,0.0,0.0
False,1498235.4723198542,0.0,0.0,0.445895344019,0.332707315683,0.664381563663,0.663429319859,0.162540361285,0.0410819910467,0.576068460941,0.631232142448,0.0,0.00048337993212,2.6709497547e-07,4.6660334192e-05,0.0,0.146602407098,0.0608683489263,0.375265419483,0.0,0.00169966707472,0.00528530729935,0.00104764767457,0.0,0.0,0.0180461611599,0.000161372299772,0.0,0.0,7.09848318365e-05,0.0829452797771,0.0,0.0,0.450877577066,0.43102684617,0.0,0.193435668945,0.0,0.00250439508818,0.0,0.0339222997427,0.0,0.0793733298779,0.0,0.0,0.0,0.0449160560966,0.0,0.0
False,1498269.0323198542,0.0,0.0,0.389129370451,0.273562818766,0.682973980904,0.681427657604,0.113536961377,0.0896411910653,0.570722579956,0.606420099735,0.0,0.0,6.74990178595e-06,1.92636707652e-05,0.0,0.204658403993,0.0691638961434,0.372895658016,0.0,0.00060037226649,0.00197694986127,5.48973657715e-05,0.0011426639976,0.0,0.0277189575136,0.0,0.0,0.0,0.0,0.0835151448846,0.0,0.0,0.436620473862,0.41520678997,0.0,0.201650902629,0.0,0.000116929746582,0.0,0.0372178740799,0.0,0.0994030311704,0.0,0.0,0.0,0.0520202219486,0.0,0.0
False,1498302.5913198541,0.0,0.0,0.375974446535,0.274587631226,0.705361664295,0.703477561474,0.0741500407457,0.128258183599,0.567057013512,0.570840835571,0.0,0.0,4.07567904404e-06,1.91713352251e-05,0.0,0.282569617033,0.0397768244147,0.338656395674,0.0,3.14605204039e-05,0.000103585123725,0.00484655005857,0.00357259204611,0.0,0.0357352383435,0.0,0.0,0.0,0.0,0.0686124637723,0.0,0.0,0.412003844976,0.434557557106,0.0,0.207239687443,0.0,0.0,0.0,0.0375666506588,0.0,0.109193116426,0.0,0.0,0.0,0.0492847524583,0.0,0.0
False,1498336.1513198542,0.0,0.0,0.323317438364,0.17889007926,0.725359618664,0.723552048206,0.0713981539011,0.130204439163,0.604387402534,0.482010275126,0.0,0.0,3.60324593203e-05,3.25797882397e-05,0.0,0.314243793488,0.0233342573047,0.271396011114,0.0,0.00239633582532,0.0,0.00181296118535,0.00339877908118,0.0,0.0336594879627,0.0,0.0,0.0,0.0,0.0324942097068,0.0,0.0,0.378738671541,0.439379751682,0.0,0.196871131659,0.0,0.0,0.0,0.0339398123324,0.0,0.102574534714,0.0,0.0,0.0,0.0459828414023,0.0,0.0
False,1498369.7113198543,0.0,0.0,0.298864722252,0.202379375696,0.743844091892,0.741685450077,0.0582001209259,0.144845560193,0.624983906746,0.616487443447,0.0,0.0,1.74019933183e-05,0.000108419604658,0.0,0.303216218948,0.0429653339088,0.261834084988,0.0,0.000896654091775,0.0,0.00225167698227,0.00541779538617,0.0,0.0366227291524,0.0,0.0,0.0,0.0,0.00628597894683,0.0,0.0,0.381753176451,0.495292633772,0.00808769371361,0.184190973639,0.0,0.00218885787763,0.0,0.0326123125851,0.0,0.111367441714,0.0,0.0,0.0,0.0574039816856,0.0,0.0
False,1498403.271319854,0.0,0.0,0.305050551891,0.176561161876,0.760188341141,0.758053123951,0.041078094393,0.159533545375,0.627252876759,0.493583261967,0.0,0.0,2.5308036129e-05,4.43598000857e-05,0.0,0.30244910717,0.0488472171128,0.27307793498,0.0,4.69855986012e-05,0.00358455674723,0.000806985190138,0.00510221673176,0.0,0.0213359929621,0.0,0.0,0.0,0.0,0.0164723992348,0.0,0.00684433663264,0.339535057545,0.380767971277,0.00302338716574,0.159955233335,0.0,0.000819032895379,0.0,0.0205308739096,0.0,0.0898910537362,0.0,0.0,0.0,0.0431212224066,0.0,0.0
